cdr_id,caller_id,callee_id,timestamp,duration_seconds,call_type,cell_tower,flagged_surge
CDR0001,P001,P002,2026-03-10 12:28:00,621,Voice,TOWER-038,TRUE
CDR0002,P001,P002,2026-01-23 01:12:00,763,Voice,TOWER-068,TRUE
CDR0003,P001,P002,2026-07-03 13:08:00,299,Voice,TOWER-049,TRUE
CDR0004,P001,P002,2026-06-04 00:09:00,727,Voice,TOWER-039,TRUE
CDR0005,P001,P002,2026-04-06 00:32:00,219,Voice,TOWER-038,TRUE
CDR0006,P001,P002,2026-01-10 04:55:00,39,SMS,TOWER-011,TRUE
CDR0007,P001,P002,2026-05-15 05:09:00,486,Voice,TOWER-058,TRUE
CDR0008,P001,P002,2026-08-16 21:06:00,401,Voice,TOWER-077,TRUE
CDR0009,P001,P002,2026-06-11 16:56:00,786,SMS,TOWER-014,TRUE
CDR0010,P001,P002,2026-04-10 14:20:00,476,SMS,TOWER-026,TRUE
CDR0011,P001,P002,2026-08-09 20:02:00,474,SMS,TOWER-021,TRUE
CDR0012,P001,P002,2026-08-02 12:44:00,141,SMS,TOWER-003,TRUE
CDR0013,P001,P002,2026-02-15 02:47:00,63,SMS,TOWER-071,TRUE
CDR0014,P001,P002,2026-06-23 16:58:00,387,Voice,TOWER-041,TRUE
CDR0015,P001,P002,2026-05-17 13:03:00,573,Voice,TOWER-081,TRUE
CDR0016,P001,P002,2026-06-08 02:37:00,671,SMS,TOWER-051,TRUE
CDR0017,P001,P002,2026-03-06 19:22:00,344,Voice,TOWER-083,TRUE
CDR0018,P001,P002,2026-04-14 00:05:00,341,Voice,TOWER-066,TRUE
CDR0019,P001,P002,2026-01-21 08:06:00,750,Voice,TOWER-064,TRUE
CDR0020,P001,P002,2026-01-24 06:10:00,79,Voice,TOWER-020,TRUE
CDR0021,P001,P002,2026-02-07 05:30:00,545,Voice,TOWER-092,TRUE
CDR0022,P001,P002,2026-03-27 13:34:00,104,SMS,TOWER-046,TRUE
CDR0023,P001,P002,2026-05-04 02:52:00,93,SMS,TOWER-044,TRUE
CDR0024,P001,P002,2026-01-26 07:58:00,514,SMS,TOWER-070,TRUE
CDR0025,P001,P002,2026-01-23 15:04:00,547,SMS,TOWER-083,TRUE
CDR0026,P390,P453,2026-05-25 04:12:00,571,Voice,TOWER-027,FALSE
CDR0027,P353,P163,2026-06-13 07:02:00,791,SMS,TOWER-030,FALSE
CDR0028,P436,P342,2026-03-29 02:43:00,709,Voice,TOWER-007,FALSE
CDR0029,P247,P035,2026-03-24 02:37:00,53,Voice,TOWER-098,FALSE
CDR0030,P172,P010,2026-03-26 17:03:00,150,SMS,TOWER-042,FALSE
CDR0031,P312,P467,2026-05-22 02:14:00,696,SMS,TOWER-003,FALSE
CDR0032,P300,P230,2026-07-05 18:36:00,514,Voice,TOWER-086,FALSE
CDR0033,P196,P262,2026-06-01 01:47:00,51,Voice,TOWER-076,FALSE
CDR0034,P328,P380,2026-01-14 02:37:00,606,SMS,TOWER-001,FALSE
CDR0035,P120,P258,2026-05-08 04:56:00,605,SMS,TOWER-066,FALSE
CDR0036,P301,P361,2026-03-01 18:37:00,165,Voice,TOWER-081,FALSE
CDR0037,P007,P120,2026-08-15 18:02:00,579,SMS,TOWER-066,FALSE
CDR0038,P011,P316,2026-05-22 10:03:00,216,SMS,TOWER-043,FALSE
CDR0039,P389,P460,2026-03-13 06:41:00,276,SMS,TOWER-016,FALSE
CDR0040,P064,P159,2026-04-14 21:42:00,466,SMS,TOWER-027,FALSE
CDR0041,P122,P378,2026-03-09 07:05:00,406,Voice,TOWER-096,FALSE
CDR0042,P220,P388,2026-03-16 20:24:00,593,SMS,TOWER-089,FALSE
CDR0043,P125,P318,2026-03-20 00:57:00,847,SMS,TOWER-047,FALSE
CDR0044,P041,P031,2026-06-18 20:34:00,651,Voice,TOWER-073,FALSE
CDR0045,P071,P192,2026-04-02 20:54:00,34,SMS,TOWER-002,FALSE
CDR0046,P256,P152,2026-03-20 19:08:00,891,SMS,TOWER-027,FALSE
CDR0047,P104,P078,2026-07-01 21:30:00,407,SMS,TOWER-059,FALSE
CDR0048,P193,P105,2026-05-23 06:27:00,179,SMS,TOWER-062,FALSE
CDR0049,P329,P020,2026-07-24 04:36:00,824,Voice,TOWER-010,FALSE
CDR0050,P122,P473,2026-08-13 09:55:00,10,Voice,TOWER-080,FALSE
CDR0051,P372,P307,2026-01-19 05:09:00,290,Voice,TOWER-039,FALSE
CDR0052,P485,P228,2026-06-12 00:59:00,591,Voice,TOWER-013,FALSE
CDR0053,P379,P450,2026-01-20 11:49:00,671,Voice,TOWER-055,FALSE
CDR0054,P169,P069,2026-05-16 17:45:00,437,Voice,TOWER-039,FALSE
CDR0055,P143,P163,2026-01-13 17:46:00,319,Voice,TOWER-034,FALSE
CDR0056,P330,P403,2026-06-16 08:41:00,829,Voice,TOWER-016,FALSE
CDR0057,P390,P021,2026-01-12 01:21:00,497,Voice,TOWER-002,FALSE
CDR0058,P267,P406,2026-02-10 23:47:00,250,SMS,TOWER-075,FALSE
CDR0059,P213,P332,2026-07-22 23:01:00,33,SMS,TOWER-009,FALSE
CDR0060,P417,P148,2026-02-25 19:30:00,417,SMS,TOWER-004,FALSE
CDR0061,P385,P013,2026-01-14 12:43:00,860,SMS,TOWER-053,FALSE
CDR0062,P118,P434,2026-03-05 17:22:00,600,Voice,TOWER-085,FALSE
CDR0063,P376,P170,2026-01-23 22:35:00,297,SMS,TOWER-093,FALSE
CDR0064,P176,P125,2026-06-24 11:03:00,283,Voice,TOWER-086,FALSE
CDR0065,P106,P277,2026-04-10 00:26:00,202,Voice,TOWER-089,FALSE
CDR0066,P028,P465,2026-06-13 02:35:00,675,Voice,TOWER-073,FALSE
CDR0067,P470,P341,2026-06-08 12:05:00,729,SMS,TOWER-030,FALSE
CDR0068,P128,P411,2026-01-18 05:15:00,100,SMS,TOWER-059,FALSE
CDR0069,P352,P357,2026-06-22 00:33:00,392,SMS,TOWER-093,FALSE
CDR0070,P369,P114,2026-07-20 14:55:00,338,SMS,TOWER-053,FALSE
CDR0071,P312,P447,2026-03-05 08:06:00,391,SMS,TOWER-045,FALSE
CDR0072,P196,P267,2026-04-17 11:27:00,698,SMS,TOWER-087,FALSE
CDR0073,P165,P094,2026-07-17 10:24:00,452,Voice,TOWER-078,FALSE
CDR0074,P227,P323,2026-04-03 04:29:00,350,SMS,TOWER-083,FALSE
CDR0075,P004,P034,2026-06-19 20:49:00,562,Voice,TOWER-006,FALSE
CDR0076,P446,P252,2026-05-06 01:08:00,890,Voice,TOWER-077,FALSE
CDR0077,P036,P489,2026-05-05 09:22:00,861,Voice,TOWER-074,FALSE
CDR0078,P099,P027,2026-02-20 19:09:00,821,Voice,TOWER-089,FALSE
CDR0079,P325,P073,2026-05-25 07:21:00,439,Voice,TOWER-065,FALSE
CDR0080,P481,P105,2026-07-18 01:30:00,116,Voice,TOWER-033,FALSE
CDR0081,P065,P047,2026-07-20 09:53:00,178,Voice,TOWER-088,FALSE
CDR0082,P089,P304,2026-05-02 22:23:00,343,SMS,TOWER-071,FALSE
CDR0083,P282,P426,2026-05-24 19:13:00,849,SMS,TOWER-029,FALSE
CDR0084,P408,P478,2026-07-30 02:04:00,427,Voice,TOWER-029,FALSE
CDR0085,P105,P121,2026-06-15 04:05:00,720,Voice,TOWER-092,FALSE
CDR0086,P260,P041,2026-01-01 05:12:00,526,Voice,TOWER-064,FALSE
CDR0087,P219,P372,2026-02-22 13:23:00,721,SMS,TOWER-031,FALSE
CDR0088,P240,P160,2026-05-28 20:43:00,224,Voice,TOWER-025,FALSE
CDR0089,P085,P370,2026-01-09 13:23:00,312,Voice,TOWER-027,FALSE
CDR0090,P102,P126,2026-03-09 14:47:00,706,Voice,TOWER-009,FALSE
CDR0091,P218,P091,2026-04-03 06:32:00,131,SMS,TOWER-046,FALSE
CDR0092,P311,P128,2026-05-27 17:28:00,621,SMS,TOWER-044,FALSE
CDR0093,P156,P147,2026-05-22 04:11:00,321,SMS,TOWER-080,FALSE
CDR0094,P296,P230,2026-08-03 16:47:00,660,Voice,TOWER-087,FALSE
CDR0095,P496,P326,2026-06-28 21:20:00,521,SMS,TOWER-045,FALSE
CDR0096,P104,P140,2026-01-12 07:14:00,494,SMS,TOWER-097,FALSE
CDR0097,P442,P401,2026-07-16 06:00:00,442,SMS,TOWER-088,FALSE
CDR0098,P247,P041,2026-06-28 12:22:00,399,Voice,TOWER-063,FALSE
CDR0099,P487,P498,2026-02-01 14:43:00,566,Voice,TOWER-011,FALSE
CDR0100,P185,P204,2026-03-31 08:14:00,742,Voice,TOWER-059,FALSE
CDR0101,P194,P086,2026-05-19 07:11:00,257,SMS,TOWER-005,FALSE
CDR0102,P242,P226,2026-04-28 13:18:00,805,SMS,TOWER-028,FALSE
CDR0103,P217,P259,2026-08-12 10:44:00,20,Voice,TOWER-076,FALSE
CDR0104,P313,P377,2026-01-11 06:43:00,465,Voice,TOWER-065,FALSE
CDR0105,P222,P390,2026-03-07 23:38:00,723,SMS,TOWER-069,FALSE
CDR0106,P080,P420,2026-01-18 17:40:00,130,SMS,TOWER-023,FALSE
CDR0107,P489,P407,2026-06-14 11:14:00,176,Voice,TOWER-038,FALSE
CDR0108,P247,P011,2026-08-07 20:40:00,122,Voice,TOWER-010,FALSE
CDR0109,P391,P196,2026-03-14 11:57:00,265,Voice,TOWER-050,FALSE
CDR0110,P219,P438,2026-03-06 07:25:00,54,SMS,TOWER-024,FALSE
CDR0111,P043,P389,2026-03-23 08:17:00,709,SMS,TOWER-030,FALSE
CDR0112,P465,P472,2026-06-11 21:33:00,128,Voice,TOWER-022,FALSE
CDR0113,P154,P305,2026-02-20 16:23:00,629,Voice,TOWER-057,FALSE
CDR0114,P276,P079,2026-06-30 15:23:00,725,SMS,TOWER-003,FALSE
CDR0115,P284,P373,2026-07-11 05:03:00,387,Voice,TOWER-054,FALSE
CDR0116,P090,P132,2026-06-22 10:53:00,456,SMS,TOWER-009,FALSE
CDR0117,P195,P238,2026-01-24 17:30:00,690,SMS,TOWER-061,FALSE
CDR0118,P157,P233,2026-05-27 02:50:00,259,Voice,TOWER-016,FALSE
CDR0119,P146,P193,2026-01-09 18:40:00,594,Voice,TOWER-086,FALSE
CDR0120,P288,P311,2026-03-13 13:11:00,569,SMS,TOWER-072,FALSE
CDR0121,P247,P037,2026-04-06 18:11:00,818,Voice,TOWER-075,FALSE
CDR0122,P171,P070,2026-05-31 11:05:00,50,Voice,TOWER-026,FALSE
CDR0123,P367,P241,2026-02-23 15:53:00,774,SMS,TOWER-002,FALSE
CDR0124,P101,P080,2026-05-16 09:20:00,817,Voice,TOWER-015,FALSE
CDR0125,P470,P098,2026-07-10 23:42:00,609,Voice,TOWER-039,FALSE
CDR0126,P003,P007,2026-02-19 21:39:00,259,SMS,TOWER-028,FALSE
CDR0127,P442,P257,2026-03-10 16:35:00,499,SMS,TOWER-028,FALSE
CDR0128,P374,P372,2026-02-06 01:29:00,576,Voice,TOWER-019,FALSE
CDR0129,P192,P252,2026-02-16 05:21:00,158,Voice,TOWER-062,FALSE
CDR0130,P208,P474,2026-07-06 22:01:00,84,Voice,TOWER-032,FALSE
CDR0131,P213,P482,2026-08-17 06:17:00,869,SMS,TOWER-029,FALSE
CDR0132,P203,P497,2026-04-06 13:29:00,780,SMS,TOWER-006,FALSE
CDR0133,P381,P192,2026-04-27 16:27:00,38,Voice,TOWER-086,FALSE
CDR0134,P197,P251,2026-05-17 01:17:00,630,Voice,TOWER-096,FALSE
CDR0135,P158,P329,2026-02-16 08:35:00,819,SMS,TOWER-083,FALSE
CDR0136,P302,P037,2026-02-27 06:22:00,543,SMS,TOWER-064,FALSE
CDR0137,P210,P454,2026-01-28 07:50:00,41,SMS,TOWER-009,FALSE
CDR0138,P020,P472,2026-07-24 12:05:00,805,Voice,TOWER-099,FALSE
CDR0139,P064,P198,2026-01-15 13:04:00,412,SMS,TOWER-060,FALSE
CDR0140,P478,P290,2026-05-05 07:55:00,558,SMS,TOWER-040,FALSE
CDR0141,P084,P100,2026-06-21 02:09:00,405,Voice,TOWER-061,FALSE
CDR0142,P391,P224,2026-05-03 17:24:00,511,SMS,TOWER-069,FALSE
CDR0143,P491,P131,2026-07-08 05:35:00,74,SMS,TOWER-081,FALSE
CDR0144,P395,P468,2026-04-08 15:40:00,305,Voice,TOWER-041,FALSE
CDR0145,P385,P370,2026-04-29 00:35:00,589,Voice,TOWER-045,FALSE
CDR0146,P179,P261,2026-04-22 12:54:00,353,SMS,TOWER-036,FALSE
CDR0147,P364,P251,2026-04-07 02:04:00,695,Voice,TOWER-099,FALSE
CDR0148,P326,P353,2026-08-12 04:56:00,152,SMS,TOWER-025,FALSE
CDR0149,P189,P357,2026-05-12 14:43:00,576,SMS,TOWER-027,FALSE
CDR0150,P030,P334,2026-06-18 11:03:00,187,Voice,TOWER-093,FALSE
CDR0151,P198,P475,2026-04-17 02:49:00,220,SMS,TOWER-024,FALSE
CDR0152,P218,P377,2026-06-30 22:27:00,411,SMS,TOWER-092,FALSE
CDR0153,P127,P125,2026-04-09 13:45:00,480,SMS,TOWER-019,FALSE
CDR0154,P245,P018,2026-04-03 17:49:00,268,Voice,TOWER-049,FALSE
CDR0155,P472,P417,2026-07-20 11:56:00,13,Voice,TOWER-025,FALSE
CDR0156,P186,P324,2026-04-03 18:34:00,475,SMS,TOWER-066,FALSE
CDR0157,P362,P347,2026-07-26 14:29:00,282,Voice,TOWER-055,FALSE
CDR0158,P015,P358,2026-08-17 16:31:00,619,Voice,TOWER-061,FALSE
CDR0159,P341,P331,2026-06-09 04:04:00,132,Voice,TOWER-024,FALSE
CDR0160,P076,P134,2026-02-14 18:03:00,830,Voice,TOWER-006,FALSE
CDR0161,P310,P234,2026-01-26 14:06:00,571,SMS,TOWER-017,FALSE
CDR0162,P484,P349,2026-02-04 21:54:00,713,SMS,TOWER-027,FALSE
CDR0163,P076,P131,2026-01-15 12:58:00,590,Voice,TOWER-002,FALSE
CDR0164,P127,P309,2026-02-10 13:42:00,649,SMS,TOWER-037,FALSE
CDR0165,P297,P488,2026-06-06 11:40:00,235,SMS,TOWER-071,FALSE
CDR0166,P340,P431,2026-05-09 17:22:00,165,Voice,TOWER-071,FALSE
CDR0167,P083,P007,2026-08-01 16:07:00,235,Voice,TOWER-050,FALSE
CDR0168,P060,P395,2026-03-15 23:04:00,27,Voice,TOWER-012,FALSE
CDR0169,P048,P330,2026-07-27 23:34:00,286,SMS,TOWER-016,FALSE
CDR0170,P365,P470,2026-02-04 20:05:00,426,Voice,TOWER-031,FALSE
CDR0171,P197,P204,2026-06-17 07:13:00,187,Voice,TOWER-036,FALSE
CDR0172,P362,P301,2026-02-09 02:21:00,697,SMS,TOWER-056,FALSE
CDR0173,P499,P462,2026-07-31 00:57:00,879,SMS,TOWER-058,FALSE
CDR0174,P042,P266,2026-03-19 16:36:00,877,Voice,TOWER-053,FALSE
CDR0175,P466,P097,2026-06-11 16:53:00,766,SMS,TOWER-079,FALSE
CDR0176,P449,P217,2026-05-19 09:54:00,793,SMS,TOWER-027,FALSE
CDR0177,P085,P425,2026-06-28 22:57:00,546,SMS,TOWER-042,FALSE
CDR0178,P219,P130,2026-01-08 13:01:00,640,SMS,TOWER-057,FALSE
CDR0179,P355,P155,2026-08-09 20:08:00,157,Voice,TOWER-077,FALSE
CDR0180,P257,P496,2026-05-18 12:04:00,423,Voice,TOWER-028,FALSE
CDR0181,P273,P338,2026-04-25 09:37:00,290,Voice,TOWER-092,FALSE
CDR0182,P454,P196,2026-04-16 19:59:00,398,SMS,TOWER-004,FALSE
CDR0183,P301,P158,2026-07-25 02:16:00,724,Voice,TOWER-058,FALSE
CDR0184,P376,P211,2026-01-08 23:11:00,363,SMS,TOWER-049,FALSE
CDR0185,P386,P449,2026-01-08 11:04:00,751,SMS,TOWER-055,FALSE
CDR0186,P474,P373,2026-02-02 13:43:00,366,Voice,TOWER-035,FALSE
CDR0187,P446,P046,2026-05-14 11:21:00,276,SMS,TOWER-021,FALSE
CDR0188,P056,P326,2026-03-03 08:44:00,609,Voice,TOWER-005,FALSE
CDR0189,P294,P398,2026-05-19 21:06:00,788,Voice,TOWER-012,FALSE
CDR0190,P409,P177,2026-02-27 19:12:00,722,Voice,TOWER-033,FALSE
CDR0191,P417,P074,2026-01-29 20:32:00,271,SMS,TOWER-020,FALSE
CDR0192,P138,P384,2026-04-17 17:36:00,456,SMS,TOWER-024,FALSE
CDR0193,P108,P477,2026-03-25 09:48:00,180,Voice,TOWER-030,FALSE
CDR0194,P384,P204,2026-02-03 14:16:00,596,Voice,TOWER-037,FALSE
CDR0195,P358,P158,2026-07-19 11:57:00,443,Voice,TOWER-031,FALSE
CDR0196,P004,P087,2026-01-07 06:08:00,210,Voice,TOWER-009,FALSE
CDR0197,P418,P252,2026-02-06 23:00:00,811,Voice,TOWER-069,FALSE
CDR0198,P001,P050,2026-02-15 04:43:00,576,SMS,TOWER-093,FALSE
CDR0199,P036,P397,2026-03-07 03:27:00,201,Voice,TOWER-002,FALSE
CDR0200,P357,P214,2026-04-29 12:04:00,794,SMS,TOWER-066,FALSE
CDR0201,P269,P214,2026-01-08 13:02:00,68,SMS,TOWER-018,FALSE
CDR0202,P336,P148,2026-03-02 19:16:00,169,Voice,TOWER-031,FALSE
CDR0203,P376,P221,2026-08-10 17:15:00,597,SMS,TOWER-060,FALSE
CDR0204,P088,P091,2026-03-31 11:44:00,737,Voice,TOWER-092,FALSE
CDR0205,P192,P096,2026-04-01 08:56:00,630,Voice,TOWER-009,FALSE
CDR0206,P361,P069,2026-05-18 09:59:00,304,SMS,TOWER-068,FALSE
CDR0207,P102,P250,2026-06-28 09:18:00,414,SMS,TOWER-068,FALSE
CDR0208,P094,P258,2026-06-19 21:23:00,542,SMS,TOWER-078,FALSE
CDR0209,P486,P057,2026-07-30 06:01:00,777,SMS,TOWER-097,FALSE
CDR0210,P231,P291,2026-04-02 13:01:00,427,Voice,TOWER-065,FALSE
CDR0211,P417,P109,2026-07-01 22:40:00,47,Voice,TOWER-010,FALSE
CDR0212,P096,P103,2026-08-07 09:07:00,872,SMS,TOWER-015,FALSE
CDR0213,P031,P384,2026-08-09 01:17:00,401,SMS,TOWER-039,FALSE
CDR0214,P094,P415,2026-05-17 00:46:00,508,Voice,TOWER-097,FALSE
CDR0215,P389,P099,2026-01-06 20:10:00,803,Voice,TOWER-058,FALSE
CDR0216,P133,P462,2026-08-03 23:15:00,777,Voice,TOWER-084,FALSE
CDR0217,P447,P210,2026-04-20 22:40:00,155,Voice,TOWER-030,FALSE
CDR0218,P226,P321,2026-06-09 20:16:00,418,SMS,TOWER-092,FALSE
CDR0219,P468,P320,2026-06-19 09:01:00,219,SMS,TOWER-017,FALSE
CDR0220,P056,P445,2026-06-01 09:18:00,261,Voice,TOWER-082,FALSE
CDR0221,P326,P086,2026-02-06 21:02:00,64,SMS,TOWER-060,FALSE
CDR0222,P041,P151,2026-05-21 17:47:00,453,Voice,TOWER-077,FALSE
CDR0223,P044,P194,2026-04-18 00:35:00,534,SMS,TOWER-006,FALSE
CDR0224,P064,P142,2026-06-24 13:34:00,349,Voice,TOWER-040,FALSE
CDR0225,P033,P176,2026-07-04 11:45:00,113,Voice,TOWER-096,FALSE
CDR0226,P016,P300,2026-07-24 11:14:00,35,Voice,TOWER-081,FALSE
CDR0227,P121,P245,2026-07-09 17:21:00,469,SMS,TOWER-043,FALSE
CDR0228,P249,P345,2026-08-12 03:49:00,646,SMS,TOWER-037,FALSE
CDR0229,P390,P052,2026-05-14 23:20:00,539,Voice,TOWER-057,FALSE
CDR0230,P005,P032,2026-06-27 11:59:00,536,Voice,TOWER-086,FALSE
CDR0231,P137,P385,2026-07-19 12:24:00,589,Voice,TOWER-020,FALSE
CDR0232,P490,P004,2026-05-18 14:21:00,741,SMS,TOWER-094,FALSE
CDR0233,P341,P299,2026-04-08 06:00:00,790,Voice,TOWER-012,FALSE
CDR0234,P405,P022,2026-08-13 14:19:00,413,Voice,TOWER-006,FALSE
CDR0235,P050,P109,2026-01-17 00:35:00,146,Voice,TOWER-054,FALSE
CDR0236,P268,P406,2026-07-27 06:34:00,828,Voice,TOWER-055,FALSE
CDR0237,P004,P193,2026-07-19 04:14:00,225,Voice,TOWER-009,FALSE
CDR0238,P309,P267,2026-03-01 11:44:00,281,SMS,TOWER-009,FALSE
CDR0239,P493,P390,2026-03-21 18:28:00,179,SMS,TOWER-015,FALSE
CDR0240,P137,P478,2026-01-30 02:47:00,841,SMS,TOWER-079,FALSE
CDR0241,P249,P243,2026-05-16 11:36:00,274,SMS,TOWER-081,FALSE
CDR0242,P388,P173,2026-04-29 21:17:00,693,SMS,TOWER-077,FALSE
CDR0243,P310,P220,2026-03-31 07:26:00,32,SMS,TOWER-062,FALSE
CDR0244,P173,P190,2026-04-10 02:25:00,531,SMS,TOWER-064,FALSE
CDR0245,P350,P456,2026-05-28 08:24:00,615,SMS,TOWER-033,FALSE
CDR0246,P176,P162,2026-02-08 18:34:00,578,Voice,TOWER-029,FALSE
CDR0247,P419,P123,2026-04-01 13:30:00,166,Voice,TOWER-090,FALSE
CDR0248,P482,P185,2026-07-17 09:53:00,432,SMS,TOWER-054,FALSE
CDR0249,P341,P205,2026-07-26 06:47:00,93,Voice,TOWER-021,FALSE
CDR0250,P194,P313,2026-08-15 20:21:00,688,Voice,TOWER-100,FALSE
CDR0251,P030,P500,2026-04-25 07:23:00,68,SMS,TOWER-052,FALSE
CDR0252,P183,P448,2026-06-07 08:20:00,494,Voice,TOWER-043,FALSE
CDR0253,P170,P413,2026-05-15 20:25:00,251,SMS,TOWER-063,FALSE
CDR0254,P052,P002,2026-05-25 07:18:00,425,SMS,TOWER-031,FALSE
CDR0255,P234,P446,2026-04-15 07:11:00,833,Voice,TOWER-044,FALSE
CDR0256,P358,P206,2026-02-27 23:02:00,617,SMS,TOWER-011,FALSE
CDR0257,P372,P428,2026-02-06 15:34:00,825,Voice,TOWER-020,FALSE
CDR0258,P455,P474,2026-07-16 17:49:00,104,Voice,TOWER-007,FALSE
CDR0259,P072,P014,2026-01-01 18:14:00,43,Voice,TOWER-038,FALSE
CDR0260,P309,P063,2026-05-14 12:51:00,856,SMS,TOWER-086,FALSE
CDR0261,P445,P272,2026-07-28 06:11:00,179,SMS,TOWER-043,FALSE
CDR0262,P144,P487,2026-02-06 09:33:00,606,Voice,TOWER-006,FALSE
CDR0263,P359,P385,2026-08-12 16:23:00,206,Voice,TOWER-051,TRUE
CDR0264,P418,P128,2026-06-28 12:49:00,617,SMS,TOWER-079,FALSE
CDR0265,P189,P232,2026-07-11 13:01:00,637,SMS,TOWER-018,FALSE
CDR0266,P317,P352,2026-01-24 15:28:00,882,SMS,TOWER-021,FALSE
CDR0267,P338,P446,2026-07-07 11:11:00,631,Voice,TOWER-089,FALSE
CDR0268,P244,P264,2026-04-14 06:58:00,882,SMS,TOWER-086,FALSE
CDR0269,P212,P339,2026-03-01 06:37:00,839,SMS,TOWER-046,FALSE
CDR0270,P097,P002,2026-07-05 06:37:00,679,SMS,TOWER-054,FALSE
CDR0271,P327,P491,2026-03-27 14:33:00,877,SMS,TOWER-086,FALSE
CDR0272,P483,P417,2026-04-29 21:57:00,482,Voice,TOWER-091,FALSE
CDR0273,P165,P009,2026-02-26 12:19:00,70,Voice,TOWER-019,FALSE
CDR0274,P325,P185,2026-02-09 04:52:00,139,Voice,TOWER-093,FALSE
CDR0275,P448,P024,2026-01-27 17:44:00,350,SMS,TOWER-075,FALSE
CDR0276,P497,P414,2026-03-29 02:38:00,455,SMS,TOWER-016,FALSE
CDR0277,P377,P167,2026-07-21 00:30:00,319,Voice,TOWER-061,FALSE
CDR0278,P348,P228,2026-01-13 07:39:00,410,Voice,TOWER-045,FALSE
CDR0279,P120,P311,2026-01-25 01:12:00,871,SMS,TOWER-050,FALSE
CDR0280,P249,P205,2026-03-09 22:12:00,484,SMS,TOWER-091,FALSE
CDR0281,P379,P314,2026-04-28 19:28:00,845,SMS,TOWER-096,FALSE
CDR0282,P407,P042,2026-06-03 18:32:00,779,Voice,TOWER-001,FALSE
CDR0283,P179,P220,2026-03-01 18:37:00,435,Voice,TOWER-063,FALSE
CDR0284,P481,P477,2026-05-02 19:23:00,153,Voice,TOWER-066,FALSE
CDR0285,P483,P477,2026-08-08 21:08:00,294,Voice,TOWER-093,FALSE
CDR0286,P244,P338,2026-03-07 17:20:00,799,Voice,TOWER-081,FALSE
CDR0287,P439,P359,2026-05-12 08:05:00,829,SMS,TOWER-044,FALSE
CDR0288,P464,P052,2026-01-01 23:55:00,800,Voice,TOWER-028,FALSE
CDR0289,P376,P198,2026-02-23 19:32:00,684,SMS,TOWER-068,FALSE
CDR0290,P151,P311,2026-05-23 05:54:00,614,Voice,TOWER-056,FALSE
CDR0291,P100,P365,2026-01-15 08:30:00,746,SMS,TOWER-069,FALSE
CDR0292,P074,P446,2026-06-16 04:24:00,350,Voice,TOWER-053,FALSE
CDR0293,P267,P449,2026-08-03 13:33:00,820,Voice,TOWER-061,FALSE
CDR0294,P293,P402,2026-06-01 21:56:00,633,Voice,TOWER-041,FALSE
CDR0295,P439,P367,2026-08-04 03:18:00,281,SMS,TOWER-084,FALSE
CDR0296,P259,P017,2026-01-15 02:15:00,694,SMS,TOWER-051,FALSE
CDR0297,P066,P255,2026-04-07 14:48:00,244,Voice,TOWER-029,FALSE
CDR0298,P408,P045,2026-06-13 13:36:00,12,SMS,TOWER-007,FALSE
CDR0299,P155,P427,2026-01-28 17:01:00,290,SMS,TOWER-003,FALSE
CDR0300,P345,P281,2026-07-02 16:22:00,760,SMS,TOWER-099,FALSE
CDR0301,P448,P240,2026-08-07 13:01:00,518,Voice,TOWER-069,FALSE
CDR0302,P087,P459,2026-07-21 02:35:00,128,Voice,TOWER-050,FALSE
CDR0303,P229,P489,2026-07-24 03:56:00,191,Voice,TOWER-002,FALSE
CDR0304,P060,P247,2026-06-06 09:01:00,672,Voice,TOWER-062,FALSE
CDR0305,P340,P277,2026-01-08 12:47:00,777,SMS,TOWER-022,FALSE
CDR0306,P124,P125,2026-04-17 10:18:00,435,Voice,TOWER-055,FALSE
CDR0307,P109,P088,2026-03-16 07:23:00,380,Voice,TOWER-098,FALSE
CDR0308,P386,P484,2026-04-16 03:23:00,565,Voice,TOWER-010,FALSE
CDR0309,P338,P359,2026-02-26 15:22:00,883,Voice,TOWER-031,FALSE
CDR0310,P046,P055,2026-01-25 00:33:00,823,SMS,TOWER-023,FALSE
CDR0311,P223,P367,2026-02-11 06:38:00,355,Voice,TOWER-065,FALSE
CDR0312,P015,P083,2026-07-14 15:20:00,135,SMS,TOWER-086,FALSE
CDR0313,P476,P168,2026-08-12 16:24:00,95,SMS,TOWER-012,FALSE
CDR0314,P463,P197,2026-05-09 14:39:00,835,Voice,TOWER-070,FALSE
CDR0315,P393,P144,2026-04-02 02:56:00,645,Voice,TOWER-009,FALSE
CDR0316,P113,P369,2026-03-01 02:07:00,174,Voice,TOWER-062,FALSE
CDR0317,P132,P341,2026-05-08 22:25:00,883,SMS,TOWER-097,FALSE
CDR0318,P244,P488,2026-06-07 10:22:00,534,SMS,TOWER-028,FALSE
CDR0319,P460,P344,2026-03-02 23:50:00,662,SMS,TOWER-100,FALSE
CDR0320,P064,P341,2026-08-02 11:38:00,78,Voice,TOWER-085,FALSE
CDR0321,P070,P473,2026-06-29 23:54:00,478,SMS,TOWER-042,FALSE
CDR0322,P274,P325,2026-05-15 07:14:00,52,Voice,TOWER-058,FALSE
CDR0323,P372,P252,2026-03-10 11:28:00,373,Voice,TOWER-086,FALSE
CDR0324,P047,P408,2026-05-16 15:16:00,435,Voice,TOWER-041,FALSE
CDR0325,P355,P171,2026-06-18 17:57:00,873,Voice,TOWER-077,FALSE
CDR0326,P447,P115,2026-07-09 12:19:00,129,Voice,TOWER-061,FALSE
CDR0327,P478,P295,2026-06-29 23:39:00,574,SMS,TOWER-016,FALSE
CDR0328,P393,P474,2026-08-16 12:51:00,815,SMS,TOWER-032,FALSE
CDR0329,P308,P034,2026-04-24 14:48:00,445,SMS,TOWER-005,FALSE
CDR0330,P330,P176,2026-02-08 19:15:00,317,Voice,TOWER-090,FALSE
CDR0331,P194,P467,2026-04-05 00:53:00,166,SMS,TOWER-044,FALSE
CDR0332,P368,P381,2026-05-31 00:22:00,553,SMS,TOWER-010,FALSE
CDR0333,P377,P372,2026-07-01 10:05:00,317,SMS,TOWER-003,FALSE
CDR0334,P196,P335,2026-01-10 12:28:00,345,Voice,TOWER-092,FALSE
CDR0335,P329,P402,2026-02-03 21:18:00,547,Voice,TOWER-047,FALSE
CDR0336,P288,P495,2026-02-11 06:40:00,280,SMS,TOWER-041,FALSE
CDR0337,P439,P224,2026-02-15 01:08:00,227,Voice,TOWER-030,FALSE
CDR0338,P414,P120,2026-01-18 20:51:00,871,Voice,TOWER-092,FALSE
CDR0339,P115,P133,2026-07-19 20:40:00,717,SMS,TOWER-071,FALSE
CDR0340,P060,P149,2026-04-19 07:59:00,423,Voice,TOWER-040,FALSE
CDR0341,P045,P058,2026-06-02 23:30:00,351,SMS,TOWER-095,FALSE
CDR0342,P046,P175,2026-01-19 22:51:00,106,Voice,TOWER-014,FALSE
CDR0343,P380,P304,2026-06-23 15:53:00,838,SMS,TOWER-052,FALSE
CDR0344,P480,P097,2026-07-17 07:45:00,172,Voice,TOWER-011,FALSE
CDR0345,P382,P483,2026-05-02 15:05:00,674,Voice,TOWER-081,FALSE
CDR0346,P060,P294,2026-01-07 03:11:00,756,Voice,TOWER-022,FALSE
CDR0347,P189,P066,2026-07-05 13:41:00,427,Voice,TOWER-088,FALSE
CDR0348,P437,P161,2026-07-10 09:49:00,600,Voice,TOWER-064,FALSE
CDR0349,P489,P195,2026-07-19 08:41:00,450,Voice,TOWER-079,FALSE
CDR0350,P296,P378,2026-05-22 10:15:00,550,SMS,TOWER-045,FALSE
CDR0351,P001,P160,2026-02-19 14:13:00,614,SMS,TOWER-075,FALSE
CDR0352,P032,P303,2026-04-15 17:38:00,641,Voice,TOWER-091,FALSE
CDR0353,P275,P098,2026-06-02 23:58:00,629,SMS,TOWER-001,FALSE
CDR0354,P434,P199,2026-02-11 17:29:00,205,SMS,TOWER-089,FALSE
CDR0355,P217,P164,2026-02-16 16:09:00,843,Voice,TOWER-086,FALSE
CDR0356,P395,P187,2026-04-01 13:52:00,51,Voice,TOWER-032,FALSE
CDR0357,P409,P348,2026-01-17 22:53:00,710,SMS,TOWER-018,FALSE
CDR0358,P479,P408,2026-03-21 10:05:00,125,Voice,TOWER-084,FALSE
CDR0359,P065,P267,2026-03-18 12:47:00,859,Voice,TOWER-053,FALSE
CDR0360,P340,P309,2026-02-08 22:34:00,467,Voice,TOWER-019,FALSE
CDR0361,P303,P114,2026-02-14 20:55:00,342,SMS,TOWER-049,FALSE
CDR0362,P055,P203,2026-07-08 21:55:00,464,Voice,TOWER-082,FALSE
CDR0363,P005,P276,2026-02-23 03:01:00,371,Voice,TOWER-086,FALSE
CDR0364,P437,P236,2026-03-30 09:20:00,290,SMS,TOWER-007,FALSE
CDR0365,P162,P075,2026-04-02 18:58:00,484,Voice,TOWER-008,FALSE
CDR0366,P418,P483,2026-01-22 16:43:00,546,SMS,TOWER-027,FALSE
CDR0367,P152,P429,2026-05-31 12:22:00,304,Voice,TOWER-037,FALSE
CDR0368,P113,P256,2026-04-12 16:48:00,797,Voice,TOWER-061,FALSE
CDR0369,P349,P234,2026-07-12 19:38:00,475,SMS,TOWER-039,FALSE
CDR0370,P076,P308,2026-03-23 16:06:00,714,SMS,TOWER-062,FALSE
CDR0371,P146,P075,2026-05-23 05:04:00,501,Voice,TOWER-057,FALSE
CDR0372,P383,P341,2026-02-18 14:25:00,250,SMS,TOWER-050,FALSE
CDR0373,P435,P411,2026-03-21 16:32:00,574,Voice,TOWER-015,FALSE
CDR0374,P424,P360,2026-04-08 10:59:00,544,SMS,TOWER-089,FALSE
CDR0375,P018,P307,2026-02-05 23:37:00,684,SMS,TOWER-096,FALSE
CDR0376,P164,P159,2026-05-27 23:42:00,590,Voice,TOWER-031,FALSE
CDR0377,P258,P353,2026-04-13 23:15:00,260,Voice,TOWER-081,FALSE
CDR0378,P064,P141,2026-06-30 23:10:00,13,Voice,TOWER-003,FALSE
CDR0379,P435,P362,2026-04-30 04:39:00,798,SMS,TOWER-073,FALSE
CDR0380,P294,P245,2026-05-05 06:17:00,208,Voice,TOWER-014,TRUE
CDR0381,P324,P425,2026-04-22 12:49:00,445,SMS,TOWER-090,FALSE
CDR0382,P111,P254,2026-04-10 00:15:00,653,SMS,TOWER-086,FALSE
CDR0383,P150,P361,2026-08-08 00:37:00,375,Voice,TOWER-049,FALSE
CDR0384,P495,P193,2026-06-21 19:07:00,260,SMS,TOWER-006,FALSE
CDR0385,P031,P415,2026-05-03 09:18:00,787,Voice,TOWER-069,FALSE
CDR0386,P171,P079,2026-05-02 09:32:00,451,Voice,TOWER-089,FALSE
CDR0387,P424,P367,2026-01-28 18:26:00,150,Voice,TOWER-053,FALSE
CDR0388,P108,P435,2026-01-16 23:24:00,432,Voice,TOWER-014,FALSE
CDR0389,P376,P479,2026-07-19 17:27:00,148,Voice,TOWER-095,FALSE
CDR0390,P415,P116,2026-03-20 02:37:00,109,Voice,TOWER-033,FALSE
CDR0391,P359,P377,2026-01-05 06:13:00,428,Voice,TOWER-036,FALSE
CDR0392,P027,P473,2026-08-03 07:29:00,224,Voice,TOWER-044,FALSE
CDR0393,P444,P398,2026-03-28 04:23:00,105,SMS,TOWER-077,FALSE
CDR0394,P092,P439,2026-07-15 11:25:00,789,Voice,TOWER-006,FALSE
CDR0395,P250,P373,2026-06-23 07:27:00,564,Voice,TOWER-085,FALSE
CDR0396,P201,P154,2026-01-03 07:32:00,511,Voice,TOWER-053,FALSE
CDR0397,P418,P338,2026-05-01 10:05:00,525,Voice,TOWER-074,FALSE
CDR0398,P468,P435,2026-04-12 02:19:00,723,SMS,TOWER-046,TRUE
CDR0399,P082,P012,2026-06-14 16:44:00,178,Voice,TOWER-095,FALSE
CDR0400,P281,P201,2026-02-05 12:03:00,595,Voice,TOWER-086,FALSE
CDR0401,P173,P217,2026-04-11 05:14:00,852,Voice,TOWER-030,FALSE
CDR0402,P348,P243,2026-01-17 11:00:00,210,Voice,TOWER-026,FALSE
CDR0403,P179,P388,2026-02-18 06:55:00,72,SMS,TOWER-029,FALSE
CDR0404,P201,P037,2026-08-14 05:48:00,130,Voice,TOWER-047,FALSE
CDR0405,P271,P373,2026-08-17 07:57:00,789,SMS,TOWER-088,FALSE
CDR0406,P145,P357,2026-06-07 05:19:00,74,Voice,TOWER-061,FALSE
CDR0407,P473,P100,2026-05-18 15:46:00,393,Voice,TOWER-069,FALSE
CDR0408,P359,P439,2026-03-05 18:00:00,440,Voice,TOWER-011,FALSE
CDR0409,P281,P202,2026-02-27 08:33:00,167,SMS,TOWER-014,FALSE
CDR0410,P050,P068,2026-06-08 05:45:00,842,Voice,TOWER-035,FALSE
CDR0411,P166,P386,2026-07-09 10:07:00,703,SMS,TOWER-058,FALSE
CDR0412,P406,P298,2026-02-27 07:21:00,618,Voice,TOWER-058,FALSE
CDR0413,P444,P413,2026-06-04 16:42:00,866,SMS,TOWER-036,FALSE
CDR0414,P028,P436,2026-04-25 22:53:00,229,Voice,TOWER-026,FALSE
CDR0415,P479,P364,2026-05-28 18:04:00,801,SMS,TOWER-012,FALSE
CDR0416,P156,P235,2026-07-31 16:22:00,721,Voice,TOWER-007,FALSE
CDR0417,P336,P084,2026-03-25 15:28:00,556,Voice,TOWER-072,FALSE
CDR0418,P296,P071,2026-06-24 12:22:00,675,Voice,TOWER-007,FALSE
CDR0419,P227,P357,2026-07-08 13:57:00,247,Voice,TOWER-031,FALSE
CDR0420,P248,P150,2026-01-19 11:31:00,631,Voice,TOWER-031,FALSE
CDR0421,P460,P075,2026-07-16 05:52:00,357,Voice,TOWER-034,FALSE
CDR0422,P108,P112,2026-04-06 01:52:00,149,Voice,TOWER-006,FALSE
CDR0423,P412,P384,2026-06-05 17:28:00,868,Voice,TOWER-018,FALSE
CDR0424,P101,P377,2026-03-22 06:49:00,101,Voice,TOWER-080,FALSE
CDR0425,P334,P005,2026-06-11 01:17:00,748,Voice,TOWER-095,FALSE
CDR0426,P186,P372,2026-04-28 04:18:00,707,SMS,TOWER-044,FALSE
CDR0427,P439,P295,2026-01-11 21:47:00,21,Voice,TOWER-100,FALSE
CDR0428,P053,P348,2026-01-09 19:31:00,750,Voice,TOWER-011,FALSE
CDR0429,P403,P440,2026-04-28 10:01:00,770,Voice,TOWER-011,FALSE
CDR0430,P076,P193,2026-03-11 07:55:00,834,Voice,TOWER-057,FALSE
CDR0431,P487,P219,2026-07-16 06:07:00,68,Voice,TOWER-093,FALSE
CDR0432,P348,P431,2026-02-24 12:45:00,330,SMS,TOWER-087,FALSE
CDR0433,P087,P475,2026-02-11 22:15:00,526,SMS,TOWER-097,FALSE
CDR0434,P029,P050,2026-04-17 08:44:00,97,Voice,TOWER-077,FALSE
CDR0435,P183,P499,2026-07-29 20:31:00,304,SMS,TOWER-067,FALSE
CDR0436,P243,P092,2026-01-28 21:22:00,854,SMS,TOWER-065,FALSE
CDR0437,P484,P027,2026-08-15 08:06:00,331,SMS,TOWER-061,FALSE
CDR0438,P061,P264,2026-01-15 16:52:00,488,Voice,TOWER-006,FALSE
CDR0439,P333,P174,2026-08-07 03:59:00,687,SMS,TOWER-032,FALSE
CDR0440,P304,P223,2026-05-18 14:06:00,359,Voice,TOWER-047,FALSE
CDR0441,P497,P077,2026-07-07 19:55:00,163,SMS,TOWER-049,FALSE
CDR0442,P322,P370,2026-07-24 23:34:00,432,Voice,TOWER-035,FALSE
CDR0443,P207,P126,2026-07-06 07:09:00,339,SMS,TOWER-085,FALSE
CDR0444,P018,P061,2026-01-18 20:09:00,851,Voice,TOWER-074,FALSE
CDR0445,P124,P204,2026-05-17 15:38:00,575,Voice,TOWER-081,FALSE
CDR0446,P251,P155,2026-06-21 00:54:00,222,Voice,TOWER-053,FALSE
CDR0447,P353,P306,2026-08-08 05:15:00,581,SMS,TOWER-080,FALSE
CDR0448,P489,P089,2026-05-10 06:42:00,27,Voice,TOWER-017,FALSE
CDR0449,P335,P382,2026-01-24 11:44:00,831,Voice,TOWER-016,FALSE
CDR0450,P193,P398,2026-05-23 14:31:00,551,Voice,TOWER-072,FALSE
CDR0451,P355,P408,2026-07-12 17:00:00,277,SMS,TOWER-083,FALSE
CDR0452,P344,P338,2026-03-06 14:32:00,495,SMS,TOWER-032,FALSE
CDR0453,P046,P399,2026-07-07 17:56:00,745,Voice,TOWER-068,FALSE
CDR0454,P238,P443,2026-01-24 08:41:00,258,Voice,TOWER-087,FALSE
CDR0455,P419,P333,2026-01-24 20:36:00,419,SMS,TOWER-093,FALSE
CDR0456,P196,P141,2026-03-04 05:05:00,670,SMS,TOWER-053,FALSE
CDR0457,P324,P335,2026-04-19 08:21:00,258,SMS,TOWER-097,FALSE
CDR0458,P228,P189,2026-02-17 12:25:00,752,SMS,TOWER-028,FALSE
CDR0459,P006,P062,2026-02-07 21:34:00,806,SMS,TOWER-011,FALSE
CDR0460,P060,P043,2026-06-18 04:42:00,851,SMS,TOWER-038,FALSE
CDR0461,P063,P251,2026-05-22 22:49:00,778,SMS,TOWER-097,FALSE
CDR0462,P329,P343,2026-04-16 19:24:00,53,Voice,TOWER-052,FALSE
CDR0463,P466,P261,2026-03-25 09:43:00,387,SMS,TOWER-070,FALSE
CDR0464,P116,P012,2026-03-10 01:38:00,896,Voice,TOWER-086,FALSE
CDR0465,P301,P294,2026-01-31 19:18:00,325,SMS,TOWER-036,FALSE
CDR0466,P294,P246,2026-04-16 19:18:00,844,Voice,TOWER-099,FALSE
CDR0467,P141,P356,2026-03-24 05:39:00,387,Voice,TOWER-072,FALSE
CDR0468,P382,P049,2026-07-02 09:32:00,860,SMS,TOWER-043,FALSE
CDR0469,P407,P304,2026-02-18 21:07:00,861,Voice,TOWER-087,FALSE
CDR0470,P093,P197,2026-05-04 18:20:00,713,Voice,TOWER-038,FALSE
CDR0471,P248,P331,2026-03-28 22:48:00,231,Voice,TOWER-098,FALSE
CDR0472,P360,P223,2026-05-10 06:35:00,548,SMS,TOWER-076,FALSE
CDR0473,P153,P293,2026-04-25 17:09:00,135,SMS,TOWER-094,FALSE
CDR0474,P065,P051,2026-03-22 18:48:00,835,Voice,TOWER-012,FALSE
CDR0475,P167,P033,2026-02-04 10:24:00,475,SMS,TOWER-093,FALSE
CDR0476,P366,P466,2026-02-15 01:35:00,631,Voice,TOWER-031,FALSE
CDR0477,P442,P408,2026-08-05 00:29:00,705,Voice,TOWER-064,FALSE
CDR0478,P276,P095,2026-03-20 22:16:00,669,SMS,TOWER-029,FALSE
CDR0479,P208,P417,2026-01-15 06:37:00,885,Voice,TOWER-093,FALSE
CDR0480,P359,P011,2026-01-28 23:26:00,778,SMS,TOWER-098,FALSE
CDR0481,P202,P285,2026-04-30 05:13:00,107,SMS,TOWER-065,FALSE
CDR0482,P419,P275,2026-05-29 06:08:00,747,Voice,TOWER-002,FALSE
CDR0483,P402,P416,2026-03-09 07:03:00,37,Voice,TOWER-076,FALSE
CDR0484,P272,P251,2026-02-08 20:45:00,434,Voice,TOWER-071,FALSE
CDR0485,P033,P266,2026-02-16 13:40:00,546,Voice,TOWER-032,FALSE
CDR0486,P429,P300,2026-05-18 08:49:00,662,SMS,TOWER-034,FALSE
CDR0487,P276,P366,2026-04-14 06:33:00,620,Voice,TOWER-093,FALSE
CDR0488,P420,P405,2026-06-01 06:47:00,645,Voice,TOWER-051,FALSE
CDR0489,P334,P064,2026-05-14 22:48:00,364,Voice,TOWER-008,FALSE
CDR0490,P386,P107,2026-01-28 18:17:00,82,Voice,TOWER-068,FALSE
CDR0491,P495,P338,2026-07-29 08:40:00,562,SMS,TOWER-029,FALSE
CDR0492,P460,P061,2026-03-26 05:33:00,498,SMS,TOWER-004,FALSE
CDR0493,P093,P442,2026-08-02 13:24:00,427,Voice,TOWER-022,FALSE
CDR0494,P307,P356,2026-02-27 09:48:00,631,Voice,TOWER-010,FALSE
CDR0495,P093,P003,2026-03-29 10:23:00,353,SMS,TOWER-054,FALSE
CDR0496,P285,P229,2026-01-28 22:36:00,47,SMS,TOWER-017,FALSE
CDR0497,P410,P161,2026-07-09 05:02:00,775,Voice,TOWER-047,FALSE
CDR0498,P063,P021,2026-01-08 17:43:00,355,Voice,TOWER-064,FALSE
CDR0499,P066,P295,2026-05-24 23:54:00,819,Voice,TOWER-067,FALSE
CDR0500,P106,P335,2026-02-04 22:43:00,141,SMS,TOWER-100,FALSE
CDR0501,P083,P045,2026-01-07 13:00:00,207,Voice,TOWER-067,FALSE
CDR0502,P288,P132,2026-03-15 23:25:00,417,Voice,TOWER-098,FALSE
CDR0503,P436,P386,2026-01-10 22:17:00,711,SMS,TOWER-010,FALSE
CDR0504,P018,P044,2026-04-27 15:30:00,227,Voice,TOWER-023,FALSE
CDR0505,P064,P260,2026-03-21 14:11:00,358,SMS,TOWER-007,FALSE
CDR0506,P153,P187,2026-06-06 11:35:00,197,SMS,TOWER-074,FALSE
CDR0507,P495,P279,2026-02-09 14:28:00,877,SMS,TOWER-055,FALSE
CDR0508,P088,P217,2026-07-24 09:20:00,156,Voice,TOWER-068,FALSE
CDR0509,P484,P337,2026-04-07 00:58:00,51,Voice,TOWER-031,FALSE
CDR0510,P001,P128,2026-04-21 16:26:00,15,SMS,TOWER-100,FALSE
CDR0511,P154,P024,2026-03-12 15:48:00,253,SMS,TOWER-086,FALSE
CDR0512,P485,P266,2026-07-20 08:29:00,551,Voice,TOWER-053,FALSE
CDR0513,P464,P401,2026-01-17 19:00:00,670,SMS,TOWER-079,FALSE
CDR0514,P151,P338,2026-02-15 04:43:00,693,SMS,TOWER-058,FALSE
CDR0515,P274,P228,2026-01-07 13:45:00,58,SMS,TOWER-073,FALSE
CDR0516,P072,P296,2026-07-31 11:29:00,832,SMS,TOWER-037,FALSE
CDR0517,P252,P356,2026-07-29 00:27:00,26,SMS,TOWER-033,FALSE
CDR0518,P161,P268,2026-08-01 05:27:00,422,SMS,TOWER-099,FALSE
CDR0519,P467,P181,2026-08-16 08:49:00,394,SMS,TOWER-071,FALSE
CDR0520,P311,P276,2026-08-09 03:36:00,773,SMS,TOWER-012,FALSE
CDR0521,P262,P108,2026-07-10 03:09:00,558,SMS,TOWER-075,FALSE
CDR0522,P353,P051,2026-05-20 20:18:00,592,Voice,TOWER-019,FALSE
CDR0523,P340,P420,2026-05-01 06:40:00,311,Voice,TOWER-099,FALSE
CDR0524,P023,P122,2026-07-02 04:53:00,593,Voice,TOWER-023,FALSE
CDR0525,P019,P097,2026-03-11 07:31:00,869,Voice,TOWER-038,FALSE
CDR0526,P073,P154,2026-02-21 10:37:00,450,SMS,TOWER-073,FALSE
CDR0527,P439,P427,2026-07-23 20:01:00,66,SMS,TOWER-080,FALSE
CDR0528,P111,P491,2026-01-09 08:38:00,494,Voice,TOWER-051,FALSE
CDR0529,P069,P309,2026-02-12 20:37:00,437,Voice,TOWER-083,FALSE
CDR0530,P283,P111,2026-06-10 22:09:00,231,SMS,TOWER-072,FALSE
CDR0531,P303,P184,2026-03-25 01:15:00,235,SMS,TOWER-086,FALSE
CDR0532,P143,P066,2026-08-08 07:51:00,675,Voice,TOWER-067,FALSE
CDR0533,P374,P319,2026-02-20 10:25:00,584,Voice,TOWER-037,FALSE
CDR0534,P217,P039,2026-01-02 02:50:00,427,Voice,TOWER-019,FALSE
CDR0535,P282,P131,2026-07-26 04:07:00,359,Voice,TOWER-071,FALSE
CDR0536,P134,P196,2026-02-23 14:37:00,791,SMS,TOWER-070,FALSE
CDR0537,P333,P463,2026-02-23 09:07:00,282,Voice,TOWER-071,FALSE
CDR0538,P084,P205,2026-05-20 05:45:00,362,SMS,TOWER-081,FALSE
CDR0539,P234,P043,2026-01-27 12:10:00,231,Voice,TOWER-072,FALSE
CDR0540,P484,P131,2026-06-25 11:09:00,110,Voice,TOWER-099,FALSE
CDR0541,P347,P218,2026-03-11 06:44:00,331,SMS,TOWER-097,FALSE
CDR0542,P482,P356,2026-02-13 18:12:00,206,SMS,TOWER-052,FALSE
CDR0543,P074,P275,2026-07-17 03:25:00,611,SMS,TOWER-066,FALSE
CDR0544,P105,P037,2026-04-09 23:54:00,51,Voice,TOWER-022,FALSE
CDR0545,P323,P376,2026-06-24 04:28:00,11,Voice,TOWER-086,FALSE
CDR0546,P138,P325,2026-07-07 02:30:00,410,SMS,TOWER-009,FALSE
CDR0547,P357,P331,2026-01-21 01:54:00,791,SMS,TOWER-065,FALSE
CDR0548,P099,P366,2026-03-15 13:36:00,694,Voice,TOWER-079,FALSE
CDR0549,P191,P289,2026-05-02 21:53:00,853,Voice,TOWER-007,FALSE
CDR0550,P337,P332,2026-01-25 02:39:00,67,SMS,TOWER-011,FALSE
CDR0551,P421,P262,2026-04-17 16:34:00,84,SMS,TOWER-007,FALSE
CDR0552,P310,P084,2026-06-14 23:34:00,191,Voice,TOWER-075,FALSE
CDR0553,P215,P421,2026-06-11 09:44:00,652,Voice,TOWER-007,FALSE
CDR0554,P079,P162,2026-05-15 02:47:00,296,SMS,TOWER-003,FALSE
CDR0555,P404,P223,2026-06-30 07:43:00,623,SMS,TOWER-051,FALSE
CDR0556,P195,P014,2026-03-01 02:18:00,469,Voice,TOWER-093,FALSE
CDR0557,P494,P310,2026-05-27 19:23:00,431,Voice,TOWER-077,FALSE
CDR0558,P127,P040,2026-02-19 22:48:00,578,Voice,TOWER-096,FALSE
CDR0559,P139,P064,2026-06-29 03:59:00,855,SMS,TOWER-050,FALSE
CDR0560,P273,P057,2026-01-18 08:45:00,588,Voice,TOWER-099,FALSE
CDR0561,P351,P281,2026-04-06 22:53:00,546,SMS,TOWER-009,FALSE
CDR0562,P209,P034,2026-03-13 02:16:00,474,Voice,TOWER-012,FALSE
CDR0563,P169,P328,2026-02-18 07:15:00,331,SMS,TOWER-092,FALSE
CDR0564,P046,P186,2026-03-04 08:23:00,420,Voice,TOWER-060,FALSE
CDR0565,P466,P171,2026-07-18 07:32:00,485,Voice,TOWER-027,FALSE
CDR0566,P399,P140,2026-03-01 19:26:00,90,Voice,TOWER-001,FALSE
CDR0567,P075,P445,2026-05-19 07:00:00,778,SMS,TOWER-031,FALSE
CDR0568,P409,P116,2026-07-06 21:14:00,335,Voice,TOWER-060,FALSE
CDR0569,P141,P006,2026-06-30 11:54:00,363,SMS,TOWER-016,FALSE
CDR0570,P051,P194,2026-03-11 07:37:00,86,SMS,TOWER-040,FALSE
CDR0571,P497,P114,2026-04-07 08:05:00,753,Voice,TOWER-075,FALSE
CDR0572,P194,P488,2026-04-28 14:36:00,894,SMS,TOWER-038,FALSE
CDR0573,P054,P401,2026-07-05 18:47:00,847,Voice,TOWER-056,FALSE
CDR0574,P474,P064,2026-04-11 06:24:00,64,Voice,TOWER-058,FALSE
CDR0575,P090,P270,2026-03-16 14:21:00,861,Voice,TOWER-051,FALSE
CDR0576,P373,P449,2026-06-21 06:24:00,155,SMS,TOWER-095,FALSE
CDR0577,P157,P302,2026-07-01 22:04:00,184,Voice,TOWER-010,FALSE
CDR0578,P421,P414,2026-01-06 02:27:00,664,Voice,TOWER-063,FALSE
CDR0579,P251,P049,2026-08-03 10:42:00,196,Voice,TOWER-081,FALSE
CDR0580,P271,P179,2026-03-12 09:49:00,439,Voice,TOWER-074,FALSE
CDR0581,P359,P293,2026-07-18 20:06:00,859,SMS,TOWER-094,FALSE
CDR0582,P444,P145,2026-08-09 19:37:00,786,SMS,TOWER-030,FALSE
CDR0583,P283,P139,2026-07-16 08:59:00,127,Voice,TOWER-070,FALSE
CDR0584,P312,P051,2026-04-26 22:35:00,356,Voice,TOWER-074,FALSE
CDR0585,P460,P025,2026-06-13 17:02:00,33,SMS,TOWER-090,FALSE
CDR0586,P088,P163,2026-08-03 07:21:00,661,SMS,TOWER-052,FALSE
CDR0587,P485,P385,2026-02-13 07:47:00,726,Voice,TOWER-052,FALSE
CDR0588,P200,P093,2026-06-30 18:10:00,424,Voice,TOWER-002,FALSE
CDR0589,P177,P413,2026-05-13 22:10:00,395,Voice,TOWER-011,FALSE
CDR0590,P380,P348,2026-03-04 05:41:00,654,SMS,TOWER-042,FALSE
CDR0591,P496,P404,2026-02-27 23:15:00,412,SMS,TOWER-002,FALSE
CDR0592,P273,P283,2026-05-02 23:43:00,468,Voice,TOWER-088,FALSE
CDR0593,P305,P452,2026-04-07 10:48:00,163,Voice,TOWER-067,FALSE
CDR0594,P436,P207,2026-03-05 10:18:00,594,Voice,TOWER-042,FALSE
CDR0595,P245,P304,2026-07-26 18:05:00,477,Voice,TOWER-072,FALSE
CDR0596,P066,P133,2026-08-04 01:01:00,708,SMS,TOWER-031,FALSE
CDR0597,P005,P352,2026-06-06 13:03:00,564,SMS,TOWER-070,FALSE
CDR0598,P263,P366,2026-01-06 21:15:00,139,Voice,TOWER-043,FALSE
CDR0599,P080,P337,2026-01-13 08:19:00,718,Voice,TOWER-085,FALSE
CDR0600,P065,P074,2026-07-17 10:32:00,746,SMS,TOWER-065,FALSE
CDR0601,P194,P291,2026-04-17 06:22:00,315,SMS,TOWER-095,FALSE
CDR0602,P377,P137,2026-08-10 23:54:00,654,Voice,TOWER-083,FALSE
CDR0603,P028,P471,2026-01-31 14:07:00,472,SMS,TOWER-097,FALSE
CDR0604,P372,P328,2026-01-14 00:49:00,461,Voice,TOWER-046,FALSE
CDR0605,P499,P190,2026-03-07 04:29:00,567,SMS,TOWER-058,FALSE
CDR0606,P363,P399,2026-05-23 04:12:00,562,Voice,TOWER-004,FALSE
CDR0607,P128,P348,2026-08-13 03:02:00,399,Voice,TOWER-079,FALSE
CDR0608,P312,P215,2026-01-24 02:42:00,689,SMS,TOWER-064,FALSE
CDR0609,P362,P235,2026-08-11 06:02:00,403,Voice,TOWER-080,FALSE
CDR0610,P094,P225,2026-07-29 04:52:00,527,SMS,TOWER-092,FALSE
CDR0611,P182,P409,2026-02-26 00:55:00,142,SMS,TOWER-067,FALSE
CDR0612,P240,P258,2026-07-30 00:11:00,777,Voice,TOWER-083,FALSE
CDR0613,P147,P142,2026-07-13 17:54:00,546,Voice,TOWER-052,FALSE
CDR0614,P488,P220,2026-03-09 19:21:00,821,Voice,TOWER-048,FALSE
CDR0615,P267,P483,2026-01-19 21:15:00,40,SMS,TOWER-097,FALSE
CDR0616,P368,P452,2026-05-23 01:13:00,644,SMS,TOWER-088,FALSE
CDR0617,P473,P417,2026-06-16 06:08:00,41,Voice,TOWER-022,FALSE
CDR0618,P118,P157,2026-04-12 19:09:00,190,SMS,TOWER-048,FALSE
CDR0619,P326,P440,2026-04-08 16:38:00,546,SMS,TOWER-059,FALSE
CDR0620,P045,P486,2026-08-05 02:54:00,153,SMS,TOWER-079,FALSE
CDR0621,P157,P209,2026-04-18 02:26:00,262,Voice,TOWER-088,FALSE
CDR0622,P395,P161,2026-07-13 22:49:00,877,SMS,TOWER-051,FALSE
CDR0623,P433,P047,2026-03-22 21:35:00,209,Voice,TOWER-044,FALSE
CDR0624,P325,P041,2026-05-28 10:04:00,91,SMS,TOWER-024,FALSE
CDR0625,P040,P374,2026-07-14 01:46:00,749,SMS,TOWER-023,FALSE
CDR0626,P123,P484,2026-05-06 00:14:00,599,Voice,TOWER-052,FALSE
CDR0627,P048,P085,2026-08-03 11:50:00,721,Voice,TOWER-044,FALSE
CDR0628,P295,P030,2026-07-12 20:56:00,712,SMS,TOWER-014,FALSE
CDR0629,P044,P381,2026-03-23 09:26:00,526,Voice,TOWER-072,FALSE
CDR0630,P147,P284,2026-05-23 10:31:00,36,SMS,TOWER-067,FALSE
CDR0631,P476,P253,2026-04-06 16:48:00,880,SMS,TOWER-003,FALSE
CDR0632,P414,P448,2026-08-11 01:14:00,509,SMS,TOWER-034,FALSE
CDR0633,P006,P493,2026-03-23 15:08:00,323,Voice,TOWER-087,FALSE
CDR0634,P486,P218,2026-07-06 12:38:00,86,Voice,TOWER-062,FALSE
CDR0635,P347,P261,2026-08-07 02:09:00,58,Voice,TOWER-067,FALSE
CDR0636,P478,P375,2026-05-02 11:10:00,285,Voice,TOWER-012,FALSE
CDR0637,P070,P246,2026-05-13 14:38:00,324,Voice,TOWER-042,FALSE
CDR0638,P255,P264,2026-04-17 21:57:00,344,SMS,TOWER-026,FALSE
CDR0639,P351,P347,2026-02-09 00:55:00,187,SMS,TOWER-080,FALSE
CDR0640,P455,P273,2026-03-20 02:02:00,497,Voice,TOWER-031,FALSE
CDR0641,P358,P064,2026-06-05 04:37:00,334,Voice,TOWER-003,FALSE
CDR0642,P208,P008,2026-08-15 00:22:00,876,Voice,TOWER-090,FALSE
CDR0643,P316,P098,2026-02-09 17:22:00,798,Voice,TOWER-005,FALSE
CDR0644,P467,P426,2026-05-09 20:04:00,402,Voice,TOWER-090,FALSE
CDR0645,P382,P004,2026-08-04 10:39:00,584,Voice,TOWER-078,FALSE
CDR0646,P366,P218,2026-02-17 22:14:00,16,SMS,TOWER-047,FALSE
CDR0647,P360,P274,2026-02-17 05:59:00,536,SMS,TOWER-052,FALSE
CDR0648,P384,P177,2026-03-01 06:28:00,348,SMS,TOWER-054,FALSE
CDR0649,P126,P379,2026-01-22 06:02:00,894,SMS,TOWER-097,FALSE
CDR0650,P339,P487,2026-06-13 18:14:00,296,SMS,TOWER-022,FALSE
CDR0651,P472,P422,2026-02-20 07:46:00,355,SMS,TOWER-095,FALSE
CDR0652,P451,P484,2026-04-12 19:18:00,357,SMS,TOWER-047,FALSE
CDR0653,P271,P351,2026-04-26 12:50:00,871,SMS,TOWER-023,FALSE
CDR0654,P312,P022,2026-07-02 18:48:00,639,Voice,TOWER-011,FALSE
CDR0655,P311,P230,2026-06-05 20:51:00,36,Voice,TOWER-001,FALSE
CDR0656,P494,P087,2026-01-15 08:18:00,830,SMS,TOWER-048,FALSE
CDR0657,P346,P477,2026-03-25 14:02:00,247,Voice,TOWER-031,FALSE
CDR0658,P452,P392,2026-02-17 17:48:00,855,Voice,TOWER-042,FALSE
CDR0659,P269,P463,2026-04-26 13:16:00,15,SMS,TOWER-044,FALSE
CDR0660,P116,P090,2026-06-24 22:55:00,218,SMS,TOWER-072,FALSE
CDR0661,P039,P188,2026-03-08 07:38:00,300,SMS,TOWER-037,FALSE
CDR0662,P430,P069,2026-07-09 06:09:00,402,SMS,TOWER-076,FALSE
CDR0663,P264,P181,2026-08-14 17:18:00,512,Voice,TOWER-064,FALSE
CDR0664,P488,P027,2026-03-22 20:36:00,662,SMS,TOWER-093,FALSE
CDR0665,P217,P254,2026-04-17 13:22:00,163,Voice,TOWER-017,FALSE
CDR0666,P195,P088,2026-05-14 08:43:00,766,Voice,TOWER-048,FALSE
CDR0667,P192,P497,2026-04-15 19:49:00,81,Voice,TOWER-023,FALSE
CDR0668,P058,P174,2026-07-17 19:59:00,118,Voice,TOWER-025,FALSE
CDR0669,P468,P348,2026-01-23 21:45:00,631,Voice,TOWER-083,FALSE
CDR0670,P128,P426,2026-01-03 13:54:00,649,Voice,TOWER-008,FALSE
CDR0671,P277,P436,2026-05-18 07:38:00,102,Voice,TOWER-054,FALSE
CDR0672,P393,P440,2026-04-06 12:48:00,218,SMS,TOWER-045,FALSE
CDR0673,P061,P149,2026-01-09 19:41:00,795,SMS,TOWER-052,FALSE
CDR0674,P154,P248,2026-07-08 20:18:00,691,SMS,TOWER-023,FALSE
CDR0675,P151,P136,2026-03-07 18:40:00,501,SMS,TOWER-042,FALSE
CDR0676,P110,P002,2026-04-05 18:53:00,381,SMS,TOWER-062,FALSE
CDR0677,P378,P324,2026-02-19 09:28:00,893,Voice,TOWER-042,FALSE
CDR0678,P292,P202,2026-02-21 20:42:00,533,SMS,TOWER-049,FALSE
CDR0679,P112,P473,2026-07-21 15:10:00,114,SMS,TOWER-007,FALSE
CDR0680,P157,P476,2026-07-20 00:30:00,745,SMS,TOWER-016,FALSE
CDR0681,P478,P492,2026-06-20 16:11:00,478,Voice,TOWER-026,FALSE
CDR0682,P330,P264,2026-06-11 06:06:00,755,Voice,TOWER-073,FALSE
CDR0683,P423,P458,2026-08-01 02:26:00,867,Voice,TOWER-042,FALSE
CDR0684,P019,P479,2026-03-08 04:29:00,600,Voice,TOWER-095,FALSE
CDR0685,P238,P457,2026-05-30 23:35:00,113,SMS,TOWER-042,FALSE
CDR0686,P317,P435,2026-08-02 01:21:00,320,Voice,TOWER-071,FALSE
CDR0687,P250,P030,2026-07-20 11:43:00,180,SMS,TOWER-084,FALSE
CDR0688,P183,P004,2026-05-13 09:59:00,260,Voice,TOWER-041,FALSE
CDR0689,P316,P236,2026-07-22 09:54:00,283,SMS,TOWER-016,FALSE
CDR0690,P169,P153,2026-06-28 01:50:00,484,SMS,TOWER-029,FALSE
CDR0691,P182,P055,2026-02-28 19:44:00,306,Voice,TOWER-003,FALSE
CDR0692,P003,P180,2026-07-27 21:51:00,896,SMS,TOWER-074,FALSE
CDR0693,P456,P370,2026-07-01 08:36:00,752,Voice,TOWER-024,FALSE
CDR0694,P096,P206,2026-06-12 16:25:00,878,SMS,TOWER-001,FALSE
CDR0695,P182,P005,2026-03-10 00:14:00,460,Voice,TOWER-021,FALSE
CDR0696,P052,P221,2026-01-21 04:25:00,692,SMS,TOWER-098,FALSE
CDR0697,P252,P102,2026-07-11 20:59:00,746,Voice,TOWER-028,FALSE
CDR0698,P044,P271,2026-06-28 12:32:00,847,SMS,TOWER-018,FALSE
CDR0699,P264,P461,2026-07-31 00:26:00,541,Voice,TOWER-017,FALSE
CDR0700,P079,P211,2026-02-24 08:04:00,701,Voice,TOWER-018,FALSE
CDR0701,P064,P468,2026-05-13 15:21:00,819,Voice,TOWER-071,FALSE
CDR0702,P250,P004,2026-03-10 14:37:00,55,SMS,TOWER-098,FALSE
CDR0703,P080,P394,2026-07-21 18:45:00,840,SMS,TOWER-067,FALSE
CDR0704,P337,P129,2026-07-03 07:18:00,592,SMS,TOWER-045,FALSE
CDR0705,P116,P241,2026-03-18 16:07:00,749,SMS,TOWER-086,FALSE
CDR0706,P203,P192,2026-07-07 06:19:00,252,SMS,TOWER-008,FALSE
CDR0707,P154,P187,2026-01-15 17:21:00,294,SMS,TOWER-031,FALSE
CDR0708,P220,P457,2026-05-22 05:05:00,844,SMS,TOWER-015,FALSE
CDR0709,P094,P275,2026-06-17 13:25:00,865,Voice,TOWER-027,FALSE
CDR0710,P416,P138,2026-07-27 17:14:00,898,Voice,TOWER-003,FALSE
CDR0711,P056,P225,2026-02-24 07:51:00,181,SMS,TOWER-085,FALSE
CDR0712,P337,P430,2026-01-09 17:58:00,213,SMS,TOWER-036,FALSE
CDR0713,P225,P083,2026-07-06 04:30:00,636,Voice,TOWER-001,FALSE
CDR0714,P072,P182,2026-07-29 21:57:00,491,Voice,TOWER-027,FALSE
CDR0715,P383,P223,2026-08-05 01:57:00,633,Voice,TOWER-019,FALSE
CDR0716,P003,P184,2026-05-25 20:11:00,164,Voice,TOWER-015,FALSE
CDR0717,P453,P446,2026-03-17 10:56:00,897,SMS,TOWER-053,FALSE
CDR0718,P364,P102,2026-06-19 20:48:00,152,Voice,TOWER-015,FALSE
CDR0719,P057,P098,2026-08-09 13:53:00,699,Voice,TOWER-015,FALSE
CDR0720,P146,P021,2026-02-11 00:52:00,117,Voice,TOWER-024,FALSE
CDR0721,P069,P203,2026-01-16 05:42:00,748,Voice,TOWER-058,FALSE
CDR0722,P216,P381,2026-02-19 12:16:00,687,SMS,TOWER-032,FALSE
CDR0723,P170,P462,2026-03-14 01:43:00,774,Voice,TOWER-005,FALSE
CDR0724,P017,P083,2026-04-17 21:37:00,451,SMS,TOWER-044,FALSE
CDR0725,P342,P102,2026-03-17 21:02:00,686,Voice,TOWER-059,FALSE
CDR0726,P486,P246,2026-04-20 18:14:00,116,Voice,TOWER-098,FALSE
CDR0727,P492,P341,2026-04-13 16:32:00,102,SMS,TOWER-003,FALSE
CDR0728,P137,P061,2026-07-23 07:15:00,650,Voice,TOWER-044,FALSE
CDR0729,P216,P251,2026-01-04 04:23:00,344,Voice,TOWER-020,FALSE
CDR0730,P282,P254,2026-08-06 02:45:00,141,Voice,TOWER-076,FALSE
CDR0731,P410,P350,2026-03-12 12:10:00,385,SMS,TOWER-093,FALSE
CDR0732,P366,P066,2026-05-19 12:49:00,77,Voice,TOWER-028,FALSE
CDR0733,P167,P385,2026-07-27 02:51:00,141,SMS,TOWER-003,FALSE
CDR0734,P392,P400,2026-02-05 09:04:00,474,Voice,TOWER-019,FALSE
CDR0735,P452,P205,2026-04-11 07:01:00,377,SMS,TOWER-070,FALSE
CDR0736,P257,P372,2026-05-14 12:11:00,790,Voice,TOWER-028,FALSE
CDR0737,P473,P380,2026-01-10 20:17:00,86,Voice,TOWER-004,FALSE
CDR0738,P432,P423,2026-02-21 06:43:00,65,SMS,TOWER-016,FALSE
CDR0739,P200,P068,2026-05-12 17:39:00,500,Voice,TOWER-072,FALSE
CDR0740,P057,P491,2026-06-30 04:07:00,180,Voice,TOWER-057,FALSE
CDR0741,P056,P406,2026-02-01 02:00:00,892,Voice,TOWER-053,FALSE
CDR0742,P011,P065,2026-03-25 02:03:00,890,SMS,TOWER-068,FALSE
CDR0743,P080,P177,2026-02-08 23:19:00,277,Voice,TOWER-088,FALSE
CDR0744,P257,P007,2026-01-03 18:12:00,737,SMS,TOWER-005,FALSE
CDR0745,P393,P351,2026-04-01 21:53:00,27,SMS,TOWER-052,FALSE
CDR0746,P122,P027,2026-06-30 17:29:00,796,SMS,TOWER-048,FALSE
CDR0747,P348,P425,2026-06-04 01:52:00,325,Voice,TOWER-048,FALSE
CDR0748,P176,P220,2026-06-11 05:21:00,807,SMS,TOWER-048,FALSE
CDR0749,P500,P306,2026-04-14 18:44:00,186,Voice,TOWER-033,FALSE
CDR0750,P378,P005,2026-06-24 14:33:00,150,SMS,TOWER-060,FALSE
CDR0751,P223,P246,2026-06-08 01:57:00,55,Voice,TOWER-099,TRUE
CDR0752,P149,P145,2026-02-13 03:33:00,536,Voice,TOWER-005,FALSE
CDR0753,P249,P043,2026-03-17 10:42:00,764,SMS,TOWER-071,FALSE
CDR0754,P390,P220,2026-03-25 16:28:00,418,SMS,TOWER-098,FALSE
CDR0755,P127,P317,2026-02-02 18:15:00,443,Voice,TOWER-070,FALSE
CDR0756,P079,P374,2026-01-05 18:43:00,841,SMS,TOWER-058,FALSE
CDR0757,P262,P096,2026-02-09 02:29:00,41,Voice,TOWER-044,FALSE
CDR0758,P128,P144,2026-01-23 03:17:00,210,Voice,TOWER-053,FALSE
CDR0759,P393,P059,2026-06-14 22:03:00,65,SMS,TOWER-092,FALSE
CDR0760,P443,P135,2026-03-25 10:41:00,58,SMS,TOWER-047,FALSE
CDR0761,P359,P127,2026-07-13 05:16:00,513,SMS,TOWER-026,FALSE
CDR0762,P342,P421,2026-05-26 20:38:00,730,Voice,TOWER-004,FALSE
CDR0763,P220,P102,2026-01-07 08:18:00,196,SMS,TOWER-069,FALSE
CDR0764,P243,P362,2026-07-12 06:48:00,467,SMS,TOWER-091,FALSE
CDR0765,P401,P415,2026-06-06 08:53:00,518,Voice,TOWER-027,FALSE
CDR0766,P053,P359,2026-02-13 20:54:00,351,Voice,TOWER-086,FALSE
CDR0767,P374,P258,2026-03-14 22:49:00,170,SMS,TOWER-033,FALSE
CDR0768,P313,P093,2026-06-09 06:42:00,457,Voice,TOWER-011,FALSE
CDR0769,P097,P438,2026-05-09 14:36:00,547,Voice,TOWER-018,FALSE
CDR0770,P303,P323,2026-06-22 22:38:00,68,SMS,TOWER-052,FALSE
CDR0771,P325,P077,2026-06-01 00:36:00,328,SMS,TOWER-081,FALSE
CDR0772,P118,P062,2026-08-03 13:30:00,79,Voice,TOWER-007,FALSE
CDR0773,P068,P206,2026-06-12 17:20:00,692,SMS,TOWER-016,FALSE
CDR0774,P020,P141,2026-04-02 20:46:00,776,SMS,TOWER-075,FALSE
CDR0775,P099,P476,2026-03-27 21:46:00,575,Voice,TOWER-092,FALSE
CDR0776,P075,P219,2026-07-24 22:52:00,888,SMS,TOWER-074,FALSE
CDR0777,P010,P316,2026-01-02 02:26:00,693,Voice,TOWER-041,FALSE
CDR0778,P103,P047,2026-03-04 16:00:00,635,Voice,TOWER-076,FALSE
CDR0779,P443,P027,2026-04-19 08:43:00,622,SMS,TOWER-051,FALSE
CDR0780,P195,P209,2026-08-09 16:15:00,514,Voice,TOWER-083,FALSE
CDR0781,P269,P157,2026-01-24 17:00:00,614,SMS,TOWER-088,FALSE
CDR0782,P359,P325,2026-02-13 19:00:00,401,SMS,TOWER-014,FALSE
CDR0783,P119,P114,2026-05-30 14:23:00,111,Voice,TOWER-028,FALSE
CDR0784,P173,P219,2026-06-26 13:36:00,60,SMS,TOWER-062,FALSE
CDR0785,P246,P032,2026-07-27 21:37:00,248,Voice,TOWER-098,FALSE
CDR0786,P262,P219,2026-04-28 08:28:00,225,SMS,TOWER-075,FALSE
CDR0787,P330,P027,2026-07-26 23:18:00,635,SMS,TOWER-002,FALSE
CDR0788,P156,P057,2026-01-25 09:24:00,280,Voice,TOWER-056,FALSE
CDR0789,P138,P187,2026-02-20 19:33:00,488,Voice,TOWER-066,FALSE
CDR0790,P144,P483,2026-06-17 18:01:00,563,Voice,TOWER-014,FALSE
CDR0791,P180,P365,2026-02-02 09:53:00,871,Voice,TOWER-085,FALSE
CDR0792,P215,P127,2026-01-10 23:40:00,686,SMS,TOWER-013,FALSE
CDR0793,P164,P459,2026-07-18 16:48:00,828,Voice,TOWER-031,FALSE
CDR0794,P025,P094,2026-05-15 11:39:00,778,SMS,TOWER-019,FALSE
CDR0795,P021,P001,2026-02-10 18:17:00,465,Voice,TOWER-094,FALSE
CDR0796,P027,P339,2026-07-15 16:45:00,611,SMS,TOWER-085,FALSE
CDR0797,P382,P165,2026-07-05 00:52:00,850,Voice,TOWER-070,FALSE
CDR0798,P109,P147,2026-05-26 06:31:00,321,Voice,TOWER-021,FALSE
CDR0799,P242,P144,2026-02-13 18:41:00,374,Voice,TOWER-074,FALSE
CDR0800,P466,P311,2026-06-10 07:52:00,392,SMS,TOWER-002,FALSE
CDR0801,P052,P221,2026-07-16 06:43:00,841,Voice,TOWER-034,FALSE
CDR0802,P095,P130,2026-07-16 15:25:00,495,SMS,TOWER-061,FALSE
CDR0803,P486,P252,2026-02-04 02:44:00,194,Voice,TOWER-049,FALSE
CDR0804,P187,P172,2026-07-25 03:19:00,619,SMS,TOWER-012,FALSE
CDR0805,P156,P058,2026-01-31 14:17:00,533,SMS,TOWER-087,FALSE
CDR0806,P050,P343,2026-08-03 23:15:00,179,SMS,TOWER-072,FALSE
CDR0807,P007,P350,2026-07-03 18:01:00,753,SMS,TOWER-075,FALSE
CDR0808,P283,P395,2026-06-23 17:16:00,61,SMS,TOWER-006,FALSE
CDR0809,P442,P067,2026-08-03 09:22:00,740,Voice,TOWER-034,FALSE
CDR0810,P170,P185,2026-02-02 04:46:00,443,Voice,TOWER-046,FALSE
CDR0811,P380,P415,2026-06-05 12:29:00,575,Voice,TOWER-023,FALSE
CDR0812,P186,P381,2026-06-27 11:53:00,837,Voice,TOWER-043,FALSE
CDR0813,P399,P302,2026-05-18 09:39:00,807,SMS,TOWER-075,FALSE
CDR0814,P271,P310,2026-05-25 23:09:00,665,Voice,TOWER-078,FALSE
CDR0815,P191,P122,2026-06-03 12:16:00,299,SMS,TOWER-050,FALSE
CDR0816,P333,P142,2026-07-19 01:59:00,281,SMS,TOWER-004,FALSE
CDR0817,P108,P300,2026-04-07 17:14:00,329,Voice,TOWER-009,FALSE
CDR0818,P197,P045,2026-06-11 15:15:00,584,SMS,TOWER-014,FALSE
CDR0819,P455,P055,2026-05-21 12:21:00,374,Voice,TOWER-081,FALSE
CDR0820,P067,P323,2026-05-29 01:11:00,569,Voice,TOWER-001,FALSE
CDR0821,P381,P309,2026-07-02 23:11:00,818,Voice,TOWER-035,FALSE
CDR0822,P062,P022,2026-07-14 15:35:00,723,Voice,TOWER-079,FALSE
CDR0823,P301,P496,2026-01-15 23:01:00,150,SMS,TOWER-051,FALSE
CDR0824,P468,P453,2026-06-24 14:08:00,780,SMS,TOWER-078,FALSE
CDR0825,P336,P419,2026-07-29 14:58:00,32,Voice,TOWER-012,FALSE
CDR0826,P098,P099,2026-04-20 04:33:00,859,Voice,TOWER-076,FALSE
CDR0827,P361,P229,2026-04-01 09:32:00,783,Voice,TOWER-027,FALSE
CDR0828,P474,P051,2026-05-29 07:44:00,228,SMS,TOWER-093,FALSE
CDR0829,P039,P483,2026-05-29 09:56:00,359,Voice,TOWER-032,FALSE
CDR0830,P280,P317,2026-01-16 22:39:00,338,Voice,TOWER-052,FALSE
CDR0831,P176,P155,2026-05-02 00:59:00,727,Voice,TOWER-022,FALSE
CDR0832,P372,P243,2026-05-12 04:29:00,295,SMS,TOWER-064,FALSE
CDR0833,P390,P104,2026-02-22 15:55:00,641,Voice,TOWER-055,FALSE
CDR0834,P274,P370,2026-04-26 17:42:00,207,SMS,TOWER-036,FALSE
CDR0835,P079,P023,2026-01-11 06:53:00,436,SMS,TOWER-009,FALSE
CDR0836,P066,P099,2026-06-21 03:19:00,505,Voice,TOWER-099,FALSE
CDR0837,P215,P282,2026-07-07 19:01:00,274,Voice,TOWER-070,FALSE
CDR0838,P365,P130,2026-07-16 23:41:00,756,Voice,TOWER-052,FALSE
CDR0839,P457,P450,2026-06-18 02:36:00,158,Voice,TOWER-035,FALSE
CDR0840,P389,P437,2026-01-29 23:43:00,433,Voice,TOWER-029,FALSE
CDR0841,P434,P465,2026-04-29 20:32:00,413,SMS,TOWER-034,FALSE
CDR0842,P287,P500,2026-07-18 18:16:00,689,Voice,TOWER-090,FALSE
CDR0843,P178,P459,2026-07-31 19:34:00,643,SMS,TOWER-040,FALSE
CDR0844,P188,P230,2026-07-04 11:48:00,329,Voice,TOWER-042,FALSE
CDR0845,P323,P368,2026-05-04 21:27:00,331,Voice,TOWER-015,FALSE
CDR0846,P061,P467,2026-02-15 04:32:00,749,Voice,TOWER-008,FALSE
CDR0847,P224,P035,2026-06-23 22:42:00,262,SMS,TOWER-089,FALSE
CDR0848,P248,P215,2026-01-17 04:44:00,82,SMS,TOWER-011,FALSE
CDR0849,P269,P477,2026-06-03 19:42:00,73,Voice,TOWER-077,FALSE
CDR0850,P488,P258,2026-07-15 19:31:00,578,SMS,TOWER-027,FALSE
CDR0851,P405,P012,2026-06-03 08:55:00,430,Voice,TOWER-013,FALSE
CDR0852,P086,P307,2026-07-07 09:14:00,345,SMS,TOWER-077,FALSE
CDR0853,P141,P357,2026-01-21 07:41:00,17,Voice,TOWER-004,FALSE
CDR0854,P496,P067,2026-08-05 07:28:00,596,SMS,TOWER-018,FALSE
CDR0855,P149,P024,2026-04-19 18:11:00,604,SMS,TOWER-023,FALSE
CDR0856,P490,P290,2026-01-18 02:19:00,395,SMS,TOWER-088,FALSE
CDR0857,P032,P407,2026-04-10 18:00:00,768,SMS,TOWER-056,FALSE
CDR0858,P498,P356,2026-07-01 03:15:00,344,SMS,TOWER-034,FALSE
CDR0859,P098,P380,2026-02-28 22:05:00,819,SMS,TOWER-041,FALSE
CDR0860,P418,P204,2026-06-04 05:23:00,511,SMS,TOWER-044,FALSE
CDR0861,P254,P351,2026-07-15 16:54:00,594,SMS,TOWER-040,FALSE
CDR0862,P273,P446,2026-04-27 02:52:00,206,Voice,TOWER-055,FALSE
CDR0863,P263,P498,2026-02-17 15:26:00,811,SMS,TOWER-034,FALSE
CDR0864,P039,P085,2026-05-28 06:01:00,812,Voice,TOWER-082,FALSE
CDR0865,P225,P385,2026-03-09 02:39:00,354,SMS,TOWER-007,FALSE
CDR0866,P261,P197,2026-02-09 11:12:00,352,SMS,TOWER-030,FALSE
CDR0867,P288,P400,2026-01-20 13:13:00,701,SMS,TOWER-021,FALSE
CDR0868,P200,P206,2026-03-09 23:44:00,165,SMS,TOWER-024,FALSE
CDR0869,P311,P140,2026-06-14 12:59:00,499,SMS,TOWER-040,FALSE
CDR0870,P106,P095,2026-05-27 02:03:00,333,Voice,TOWER-050,FALSE
CDR0871,P002,P082,2026-01-11 02:28:00,191,SMS,TOWER-091,FALSE
CDR0872,P293,P112,2026-02-06 09:04:00,882,SMS,TOWER-069,FALSE
CDR0873,P304,P357,2026-07-08 06:13:00,71,Voice,TOWER-098,FALSE
CDR0874,P005,P451,2026-07-15 11:04:00,495,SMS,TOWER-062,FALSE
CDR0875,P476,P405,2026-06-30 01:18:00,140,Voice,TOWER-011,FALSE
CDR0876,P263,P234,2026-03-04 22:43:00,376,SMS,TOWER-002,FALSE
CDR0877,P258,P363,2026-04-10 11:13:00,745,SMS,TOWER-034,FALSE
CDR0878,P369,P269,2026-03-01 18:00:00,445,Voice,TOWER-019,FALSE
CDR0879,P133,P156,2026-02-10 09:07:00,64,Voice,TOWER-068,FALSE
CDR0880,P437,P113,2026-04-02 11:16:00,787,SMS,TOWER-044,FALSE
CDR0881,P152,P363,2026-03-25 00:05:00,723,SMS,TOWER-097,FALSE
CDR0882,P138,P283,2026-07-13 19:13:00,577,SMS,TOWER-082,FALSE
CDR0883,P061,P088,2026-03-03 11:01:00,281,Voice,TOWER-040,FALSE
CDR0884,P115,P024,2026-02-16 13:45:00,580,Voice,TOWER-065,FALSE
CDR0885,P274,P122,2026-04-29 01:46:00,380,SMS,TOWER-007,FALSE
CDR0886,P150,P021,2026-01-12 10:41:00,449,SMS,TOWER-040,FALSE
CDR0887,P328,P076,2026-05-14 18:37:00,488,SMS,TOWER-095,FALSE
CDR0888,P483,P453,2026-02-23 00:38:00,875,Voice,TOWER-015,FALSE
CDR0889,P143,P475,2026-02-20 22:50:00,167,SMS,TOWER-037,FALSE
CDR0890,P069,P139,2026-07-15 14:42:00,764,SMS,TOWER-088,FALSE
CDR0891,P448,P405,2026-08-15 00:32:00,96,SMS,TOWER-057,FALSE
CDR0892,P027,P329,2026-05-25 23:02:00,258,SMS,TOWER-083,FALSE
CDR0893,P128,P422,2026-03-02 13:39:00,41,Voice,TOWER-072,FALSE
CDR0894,P108,P274,2026-07-16 04:56:00,183,Voice,TOWER-061,FALSE
CDR0895,P060,P001,2026-05-09 18:04:00,680,Voice,TOWER-009,FALSE
CDR0896,P333,P178,2026-08-09 21:46:00,262,Voice,TOWER-033,FALSE
CDR0897,P324,P310,2026-04-30 18:25:00,209,Voice,TOWER-050,FALSE
CDR0898,P498,P189,2026-08-10 16:28:00,245,SMS,TOWER-093,FALSE
CDR0899,P167,P043,2026-07-18 13:04:00,158,SMS,TOWER-080,FALSE
CDR0900,P485,P362,2026-03-25 12:51:00,245,SMS,TOWER-002,FALSE
CDR0901,P453,P282,2026-01-14 00:30:00,893,Voice,TOWER-066,FALSE
CDR0902,P136,P370,2026-01-26 04:00:00,415,SMS,TOWER-061,FALSE
CDR0903,P069,P210,2026-07-03 22:07:00,78,SMS,TOWER-045,FALSE
CDR0904,P460,P314,2026-03-04 17:08:00,270,SMS,TOWER-034,FALSE
CDR0905,P151,P167,2026-04-06 08:24:00,855,Voice,TOWER-069,FALSE
CDR0906,P030,P321,2026-05-12 15:59:00,496,Voice,TOWER-058,FALSE
CDR0907,P418,P006,2026-07-21 03:33:00,667,SMS,TOWER-031,FALSE
CDR0908,P422,P183,2026-08-05 21:47:00,559,SMS,TOWER-065,FALSE
CDR0909,P113,P375,2026-07-06 14:13:00,561,SMS,TOWER-080,FALSE
CDR0910,P495,P144,2026-07-26 18:22:00,610,Voice,TOWER-098,FALSE
CDR0911,P091,P132,2026-08-07 00:50:00,332,SMS,TOWER-075,FALSE
CDR0912,P498,P009,2026-02-18 08:48:00,117,SMS,TOWER-058,FALSE
CDR0913,P276,P337,2026-02-20 01:45:00,248,Voice,TOWER-012,FALSE
CDR0914,P445,P399,2026-08-06 19:18:00,400,SMS,TOWER-023,FALSE
CDR0915,P481,P400,2026-04-08 12:04:00,218,Voice,TOWER-076,FALSE
CDR0916,P299,P055,2026-06-13 16:03:00,251,Voice,TOWER-073,FALSE
CDR0917,P370,P382,2026-02-07 13:48:00,125,SMS,TOWER-004,FALSE
CDR0918,P353,P196,2026-05-23 16:26:00,170,Voice,TOWER-023,FALSE
CDR0919,P485,P335,2026-07-08 06:19:00,60,Voice,TOWER-022,FALSE
CDR0920,P132,P446,2026-02-23 01:11:00,845,Voice,TOWER-002,FALSE
CDR0921,P321,P325,2026-03-09 09:33:00,12,Voice,TOWER-009,FALSE
CDR0922,P310,P283,2026-07-10 01:29:00,454,SMS,TOWER-015,FALSE
CDR0923,P106,P419,2026-01-17 11:55:00,530,SMS,TOWER-092,FALSE
CDR0924,P227,P113,2026-05-21 14:57:00,570,Voice,TOWER-038,FALSE
CDR0925,P167,P138,2026-03-10 22:34:00,825,Voice,TOWER-037,FALSE
CDR0926,P105,P298,2026-01-23 11:14:00,250,SMS,TOWER-041,FALSE
CDR0927,P323,P414,2026-03-30 19:49:00,97,Voice,TOWER-062,FALSE
CDR0928,P440,P386,2026-04-11 14:54:00,779,Voice,TOWER-025,FALSE
CDR0929,P203,P080,2026-04-25 15:18:00,897,SMS,TOWER-087,FALSE
CDR0930,P229,P119,2026-02-05 13:20:00,213,Voice,TOWER-059,FALSE
CDR0931,P374,P372,2026-05-28 04:37:00,13,SMS,TOWER-036,FALSE
CDR0932,P223,P189,2026-04-30 22:33:00,612,SMS,TOWER-057,FALSE
CDR0933,P076,P462,2026-01-28 03:16:00,715,Voice,TOWER-056,FALSE
CDR0934,P246,P048,2026-06-07 14:18:00,694,SMS,TOWER-055,FALSE
CDR0935,P254,P093,2026-04-08 19:41:00,23,SMS,TOWER-048,FALSE
CDR0936,P236,P095,2026-04-19 21:29:00,735,Voice,TOWER-091,FALSE
CDR0937,P418,P442,2026-03-23 20:17:00,11,SMS,TOWER-070,FALSE
CDR0938,P091,P097,2026-04-28 22:33:00,638,SMS,TOWER-099,FALSE
CDR0939,P292,P252,2026-08-14 05:31:00,545,Voice,TOWER-048,FALSE
CDR0940,P483,P374,2026-07-24 12:11:00,450,SMS,TOWER-071,FALSE
CDR0941,P093,P332,2026-03-15 15:44:00,154,SMS,TOWER-069,FALSE
CDR0942,P145,P011,2026-07-26 14:36:00,424,Voice,TOWER-050,FALSE
CDR0943,P159,P084,2026-08-09 23:27:00,25,Voice,TOWER-070,FALSE
CDR0944,P454,P091,2026-06-07 19:32:00,542,Voice,TOWER-061,FALSE
CDR0945,P419,P202,2026-07-12 15:41:00,686,SMS,TOWER-079,FALSE
CDR0946,P352,P312,2026-01-27 10:48:00,389,SMS,TOWER-024,FALSE
CDR0947,P097,P036,2026-05-13 04:07:00,89,SMS,TOWER-049,FALSE
CDR0948,P074,P037,2026-01-09 12:14:00,252,Voice,TOWER-003,FALSE
CDR0949,P219,P126,2026-02-01 16:00:00,728,SMS,TOWER-059,FALSE
CDR0950,P233,P466,2026-07-10 01:06:00,860,Voice,TOWER-049,FALSE
CDR0951,P331,P497,2026-01-06 08:23:00,90,Voice,TOWER-098,FALSE
CDR0952,P207,P052,2026-07-28 03:03:00,152,Voice,TOWER-060,FALSE
CDR0953,P371,P270,2026-05-12 12:16:00,331,Voice,TOWER-059,FALSE
CDR0954,P071,P373,2026-06-27 04:28:00,733,Voice,TOWER-086,FALSE
CDR0955,P385,P414,2026-02-20 05:35:00,404,Voice,TOWER-010,FALSE
CDR0956,P007,P309,2026-02-05 03:51:00,826,Voice,TOWER-036,FALSE
CDR0957,P052,P194,2026-02-03 11:03:00,616,SMS,TOWER-018,FALSE
CDR0958,P197,P011,2026-06-08 15:34:00,176,Voice,TOWER-078,FALSE
CDR0959,P057,P424,2026-06-23 20:42:00,611,Voice,TOWER-058,FALSE
CDR0960,P007,P391,2026-01-20 10:34:00,280,SMS,TOWER-035,FALSE
CDR0961,P426,P330,2026-02-18 00:28:00,576,SMS,TOWER-088,FALSE
CDR0962,P479,P023,2026-04-17 21:56:00,863,Voice,TOWER-041,FALSE
CDR0963,P068,P128,2026-06-08 10:06:00,139,Voice,TOWER-074,FALSE
CDR0964,P395,P043,2026-02-21 12:45:00,900,SMS,TOWER-064,FALSE
CDR0965,P138,P074,2026-01-01 00:31:00,28,Voice,TOWER-009,FALSE
CDR0966,P481,P322,2026-05-26 09:07:00,731,SMS,TOWER-053,FALSE
CDR0967,P308,P007,2026-04-11 03:56:00,480,Voice,TOWER-028,FALSE
CDR0968,P406,P495,2026-02-19 12:29:00,895,SMS,TOWER-023,FALSE
CDR0969,P005,P491,2026-07-03 04:08:00,583,SMS,TOWER-093,FALSE
CDR0970,P406,P055,2026-04-12 22:39:00,101,SMS,TOWER-067,FALSE
CDR0971,P278,P377,2026-07-08 03:04:00,715,SMS,TOWER-092,FALSE
CDR0972,P419,P174,2026-06-14 19:05:00,149,SMS,TOWER-010,FALSE
CDR0973,P437,P363,2026-05-22 19:22:00,565,SMS,TOWER-001,FALSE
CDR0974,P044,P104,2026-06-25 07:09:00,815,SMS,TOWER-072,FALSE
CDR0975,P072,P246,2026-01-22 11:33:00,598,SMS,TOWER-001,FALSE
CDR0976,P389,P289,2026-08-11 05:55:00,484,Voice,TOWER-085,FALSE
CDR0977,P457,P228,2026-02-01 08:59:00,447,Voice,TOWER-096,FALSE
CDR0978,P418,P084,2026-01-16 21:09:00,242,SMS,TOWER-007,FALSE
CDR0979,P158,P170,2026-07-27 08:28:00,54,Voice,TOWER-060,FALSE
CDR0980,P246,P080,2026-01-26 19:21:00,617,SMS,TOWER-088,FALSE
CDR0981,P125,P029,2026-01-06 08:30:00,505,SMS,TOWER-090,FALSE
CDR0982,P279,P355,2026-02-01 12:55:00,597,SMS,TOWER-072,FALSE
CDR0983,P137,P322,2026-04-30 03:22:00,242,Voice,TOWER-073,FALSE
CDR0984,P279,P064,2026-07-10 00:27:00,617,Voice,TOWER-053,FALSE
CDR0985,P011,P423,2026-05-06 11:16:00,273,SMS,TOWER-061,FALSE
CDR0986,P023,P053,2026-02-12 01:50:00,760,Voice,TOWER-080,FALSE
CDR0987,P279,P152,2026-07-07 09:15:00,495,Voice,TOWER-040,FALSE
CDR0988,P053,P262,2026-07-16 00:47:00,799,Voice,TOWER-005,FALSE
CDR0989,P454,P429,2026-04-04 20:50:00,167,SMS,TOWER-100,FALSE
CDR0990,P213,P073,2026-07-24 10:17:00,422,Voice,TOWER-088,FALSE
CDR0991,P001,P468,2026-03-08 16:36:00,313,Voice,TOWER-094,FALSE
CDR0992,P115,P013,2026-05-12 01:13:00,546,Voice,TOWER-044,FALSE
CDR0993,P117,P219,2026-02-25 02:48:00,71,SMS,TOWER-035,FALSE
CDR0994,P198,P076,2026-07-18 16:08:00,773,SMS,TOWER-058,FALSE
CDR0995,P181,P336,2026-03-12 13:04:00,234,SMS,TOWER-039,FALSE
CDR0996,P147,P116,2026-07-17 07:33:00,570,SMS,TOWER-023,FALSE
CDR0997,P472,P451,2026-04-26 18:01:00,401,SMS,TOWER-052,FALSE
CDR0998,P351,P197,2026-02-20 04:59:00,348,SMS,TOWER-007,FALSE
CDR0999,P352,P453,2026-06-12 04:58:00,293,Voice,TOWER-051,FALSE
CDR1000,P367,P422,2026-05-12 02:39:00,353,SMS,TOWER-011,FALSE
CDR1001,P462,P058,2026-05-13 14:37:00,173,Voice,TOWER-073,FALSE
CDR1002,P252,P087,2026-03-08 13:05:00,19,Voice,TOWER-070,FALSE
CDR1003,P057,P115,2026-05-02 08:28:00,342,Voice,TOWER-006,FALSE
CDR1004,P053,P490,2026-06-29 15:15:00,326,Voice,TOWER-086,FALSE
CDR1005,P490,P145,2026-08-07 11:39:00,249,Voice,TOWER-011,FALSE
CDR1006,P183,P040,2026-02-06 10:50:00,529,SMS,TOWER-013,FALSE
CDR1007,P316,P171,2026-08-07 19:51:00,29,Voice,TOWER-043,FALSE
CDR1008,P061,P185,2026-04-18 09:09:00,465,SMS,TOWER-007,FALSE
CDR1009,P473,P474,2026-03-06 11:56:00,34,SMS,TOWER-092,FALSE
CDR1010,P471,P044,2026-08-15 02:13:00,249,SMS,TOWER-035,FALSE
CDR1011,P459,P023,2026-01-31 06:38:00,10,Voice,TOWER-086,FALSE
CDR1012,P310,P078,2026-02-19 05:41:00,331,SMS,TOWER-008,FALSE
CDR1013,P092,P220,2026-01-04 20:24:00,437,Voice,TOWER-011,FALSE
CDR1014,P272,P172,2026-04-27 07:53:00,229,Voice,TOWER-045,FALSE
CDR1015,P308,P093,2026-08-03 03:46:00,658,SMS,TOWER-005,FALSE
CDR1016,P348,P218,2026-06-09 11:50:00,864,SMS,TOWER-013,FALSE
CDR1017,P077,P458,2026-06-11 06:29:00,874,Voice,TOWER-060,FALSE
CDR1018,P342,P352,2026-08-05 14:50:00,372,SMS,TOWER-083,FALSE
CDR1019,P155,P320,2026-01-11 05:06:00,692,Voice,TOWER-007,FALSE
CDR1020,P419,P147,2026-01-04 12:57:00,304,Voice,TOWER-039,FALSE
CDR1021,P179,P449,2026-01-05 10:38:00,602,Voice,TOWER-001,FALSE
CDR1022,P054,P139,2026-04-12 00:15:00,42,Voice,TOWER-055,FALSE
CDR1023,P470,P256,2026-01-17 14:31:00,725,SMS,TOWER-009,FALSE
CDR1024,P339,P189,2026-01-27 05:13:00,651,Voice,TOWER-029,FALSE
CDR1025,P478,P136,2026-05-03 15:05:00,641,Voice,TOWER-070,FALSE
CDR1026,P416,P465,2026-05-11 18:30:00,778,Voice,TOWER-048,FALSE
CDR1027,P365,P409,2026-07-26 11:14:00,56,SMS,TOWER-050,FALSE
CDR1028,P040,P404,2026-01-26 17:27:00,427,SMS,TOWER-073,FALSE
CDR1029,P002,P442,2026-07-30 07:13:00,29,SMS,TOWER-074,FALSE
CDR1030,P478,P077,2026-06-06 00:03:00,854,Voice,TOWER-010,FALSE
CDR1031,P399,P336,2026-07-19 01:26:00,459,SMS,TOWER-034,FALSE
CDR1032,P076,P164,2026-01-17 01:15:00,257,SMS,TOWER-065,FALSE
CDR1033,P076,P200,2026-04-08 05:34:00,138,Voice,TOWER-085,FALSE
CDR1034,P229,P370,2026-03-12 13:50:00,305,SMS,TOWER-075,FALSE
CDR1035,P408,P403,2026-05-17 12:31:00,31,Voice,TOWER-051,FALSE
CDR1036,P500,P245,2026-06-28 16:28:00,786,Voice,TOWER-043,FALSE
CDR1037,P418,P035,2026-04-30 10:54:00,174,SMS,TOWER-002,FALSE
CDR1038,P058,P296,2026-01-27 12:49:00,398,SMS,TOWER-033,FALSE
CDR1039,P219,P492,2026-02-17 08:01:00,198,SMS,TOWER-014,FALSE
CDR1040,P373,P143,2026-06-17 06:06:00,198,Voice,TOWER-081,FALSE
CDR1041,P075,P047,2026-03-10 00:01:00,596,Voice,TOWER-029,FALSE
CDR1042,P166,P066,2026-03-22 13:56:00,886,Voice,TOWER-009,FALSE
CDR1043,P094,P393,2026-01-06 13:06:00,42,Voice,TOWER-083,FALSE
CDR1044,P198,P181,2026-06-03 13:21:00,57,SMS,TOWER-032,FALSE
CDR1045,P164,P254,2026-01-03 01:05:00,563,SMS,TOWER-066,FALSE
CDR1046,P218,P247,2026-04-03 05:10:00,165,Voice,TOWER-012,FALSE
CDR1047,P356,P499,2026-05-20 19:40:00,235,Voice,TOWER-079,FALSE
CDR1048,P212,P309,2026-01-03 08:45:00,704,SMS,TOWER-059,FALSE
CDR1049,P407,P326,2026-05-02 15:15:00,586,SMS,TOWER-042,FALSE
CDR1050,P171,P071,2026-07-25 22:13:00,99,Voice,TOWER-076,FALSE
CDR1051,P411,P484,2026-08-05 02:55:00,329,Voice,TOWER-051,FALSE
CDR1052,P335,P472,2026-01-17 21:40:00,873,Voice,TOWER-054,FALSE
CDR1053,P126,P197,2026-03-07 05:42:00,720,Voice,TOWER-059,FALSE
CDR1054,P215,P282,2026-05-15 17:29:00,201,Voice,TOWER-033,FALSE
CDR1055,P255,P276,2026-06-18 04:31:00,35,Voice,TOWER-001,FALSE
CDR1056,P274,P253,2026-06-11 23:44:00,830,SMS,TOWER-021,FALSE
CDR1057,P273,P275,2026-03-24 03:45:00,573,Voice,TOWER-024,FALSE
CDR1058,P421,P118,2026-03-10 19:54:00,182,Voice,TOWER-083,FALSE
CDR1059,P197,P043,2026-08-10 08:44:00,185,Voice,TOWER-046,FALSE
CDR1060,P298,P367,2026-07-10 22:33:00,544,SMS,TOWER-093,FALSE
CDR1061,P216,P270,2026-01-02 13:21:00,589,Voice,TOWER-056,FALSE
CDR1062,P296,P398,2026-02-08 17:52:00,525,SMS,TOWER-028,FALSE
CDR1063,P356,P416,2026-07-14 23:32:00,573,Voice,TOWER-094,FALSE
CDR1064,P384,P113,2026-08-03 06:45:00,592,SMS,TOWER-089,FALSE
CDR1065,P360,P045,2026-06-21 06:48:00,717,Voice,TOWER-049,FALSE
CDR1066,P121,P186,2026-07-22 10:30:00,735,Voice,TOWER-097,FALSE
CDR1067,P002,P105,2026-05-04 16:04:00,500,Voice,TOWER-009,FALSE
CDR1068,P436,P009,2026-07-19 08:01:00,633,Voice,TOWER-066,FALSE
CDR1069,P186,P286,2026-07-31 20:35:00,186,SMS,TOWER-043,FALSE
CDR1070,P243,P491,2026-04-24 05:29:00,683,Voice,TOWER-066,FALSE
CDR1071,P069,P472,2026-02-20 06:45:00,782,SMS,TOWER-021,FALSE
CDR1072,P057,P031,2026-01-01 10:39:00,574,Voice,TOWER-079,FALSE
CDR1073,P467,P179,2026-04-18 05:46:00,650,Voice,TOWER-018,FALSE
CDR1074,P185,P435,2026-02-26 14:40:00,100,SMS,TOWER-036,FALSE
CDR1075,P435,P444,2026-06-27 09:52:00,680,Voice,TOWER-094,FALSE
CDR1076,P399,P420,2026-02-17 22:37:00,890,Voice,TOWER-009,FALSE
CDR1077,P072,P151,2026-06-03 10:46:00,378,Voice,TOWER-090,FALSE
CDR1078,P236,P074,2026-01-04 17:11:00,763,Voice,TOWER-017,FALSE
CDR1079,P428,P437,2026-01-14 03:35:00,61,SMS,TOWER-092,FALSE
CDR1080,P283,P498,2026-02-24 08:19:00,144,Voice,TOWER-092,FALSE
CDR1081,P477,P468,2026-06-09 19:13:00,880,Voice,TOWER-090,FALSE
CDR1082,P216,P125,2026-02-07 14:05:00,745,Voice,TOWER-006,FALSE
CDR1083,P108,P424,2026-02-17 13:34:00,437,SMS,TOWER-007,FALSE
CDR1084,P115,P029,2026-05-29 05:48:00,211,Voice,TOWER-088,FALSE
CDR1085,P383,P071,2026-01-21 21:55:00,822,Voice,TOWER-057,FALSE
CDR1086,P061,P493,2026-06-16 08:36:00,417,Voice,TOWER-079,FALSE
CDR1087,P357,P361,2026-07-15 14:43:00,796,Voice,TOWER-088,FALSE
CDR1088,P074,P194,2026-01-09 08:15:00,622,Voice,TOWER-054,FALSE
CDR1089,P376,P014,2026-01-27 22:51:00,397,Voice,TOWER-021,FALSE
CDR1090,P357,P495,2026-07-31 21:56:00,553,Voice,TOWER-016,FALSE
CDR1091,P218,P191,2026-01-11 14:54:00,872,SMS,TOWER-009,FALSE
CDR1092,P028,P360,2026-08-14 18:25:00,176,Voice,TOWER-073,FALSE
CDR1093,P055,P340,2026-01-30 13:11:00,217,Voice,TOWER-054,FALSE
CDR1094,P298,P038,2026-06-27 06:08:00,67,SMS,TOWER-052,FALSE
CDR1095,P245,P429,2026-07-22 20:42:00,871,SMS,TOWER-051,FALSE
CDR1096,P305,P446,2026-06-17 15:57:00,51,SMS,TOWER-030,FALSE
CDR1097,P081,P016,2026-05-24 10:50:00,96,SMS,TOWER-047,FALSE
CDR1098,P076,P188,2026-05-12 16:19:00,605,SMS,TOWER-100,FALSE
CDR1099,P073,P041,2026-04-03 17:54:00,47,SMS,TOWER-056,FALSE
CDR1100,P126,P040,2026-05-23 13:07:00,711,SMS,TOWER-078,FALSE
CDR1101,P007,P292,2026-03-10 15:42:00,591,SMS,TOWER-045,FALSE
CDR1102,P426,P417,2026-01-04 02:35:00,629,SMS,TOWER-022,FALSE
CDR1103,P214,P077,2026-06-15 03:45:00,876,Voice,TOWER-050,FALSE
CDR1104,P392,P094,2026-02-19 00:56:00,864,Voice,TOWER-012,FALSE
CDR1105,P241,P381,2026-04-18 14:16:00,271,Voice,TOWER-053,FALSE
CDR1106,P072,P384,2026-02-20 01:00:00,766,SMS,TOWER-084,FALSE
CDR1107,P271,P358,2026-07-21 23:57:00,282,Voice,TOWER-013,FALSE
CDR1108,P486,P154,2026-07-07 09:24:00,661,Voice,TOWER-069,FALSE
CDR1109,P241,P211,2026-06-29 11:49:00,618,Voice,TOWER-095,FALSE
CDR1110,P370,P173,2026-08-15 17:53:00,161,Voice,TOWER-093,FALSE
CDR1111,P228,P401,2026-04-24 06:44:00,738,Voice,TOWER-085,FALSE
CDR1112,P331,P356,2026-08-07 17:44:00,399,SMS,TOWER-029,FALSE
CDR1113,P007,P147,2026-03-15 04:28:00,834,Voice,TOWER-018,FALSE
CDR1114,P057,P080,2026-04-13 13:49:00,201,SMS,TOWER-086,FALSE
CDR1115,P031,P452,2026-01-21 23:20:00,251,Voice,TOWER-032,FALSE
CDR1116,P329,P017,2026-04-05 22:23:00,844,Voice,TOWER-089,FALSE
CDR1117,P310,P385,2026-03-29 16:53:00,733,SMS,TOWER-086,FALSE
CDR1118,P089,P258,2026-07-12 14:29:00,38,SMS,TOWER-093,FALSE
CDR1119,P083,P006,2026-04-08 05:44:00,488,SMS,TOWER-089,FALSE
CDR1120,P203,P427,2026-07-25 05:49:00,521,SMS,TOWER-059,FALSE
CDR1121,P217,P349,2026-05-27 03:16:00,747,SMS,TOWER-093,FALSE
CDR1122,P486,P449,2026-05-03 03:40:00,379,Voice,TOWER-056,FALSE
CDR1123,P233,P284,2026-05-15 23:23:00,887,SMS,TOWER-051,FALSE
CDR1124,P365,P425,2026-05-21 18:40:00,618,SMS,TOWER-009,FALSE
CDR1125,P133,P471,2026-06-06 21:19:00,297,Voice,TOWER-011,FALSE
CDR1126,P293,P257,2026-03-06 11:22:00,388,Voice,TOWER-069,FALSE
CDR1127,P157,P364,2026-01-03 21:12:00,868,SMS,TOWER-066,FALSE
CDR1128,P117,P217,2026-02-01 20:55:00,199,SMS,TOWER-077,FALSE
CDR1129,P477,P081,2026-02-21 22:01:00,390,SMS,TOWER-051,FALSE
CDR1130,P140,P499,2026-04-20 23:40:00,196,Voice,TOWER-031,FALSE
CDR1131,P048,P268,2026-01-05 22:22:00,292,Voice,TOWER-031,FALSE
CDR1132,P194,P487,2026-05-14 23:07:00,612,Voice,TOWER-035,FALSE
CDR1133,P065,P381,2026-03-08 02:46:00,843,SMS,TOWER-007,FALSE
CDR1134,P109,P206,2026-04-07 09:36:00,607,Voice,TOWER-032,FALSE
CDR1135,P317,P029,2026-02-27 07:29:00,846,Voice,TOWER-039,FALSE
CDR1136,P113,P201,2026-04-26 07:40:00,228,Voice,TOWER-058,FALSE
CDR1137,P095,P422,2026-07-26 06:46:00,683,SMS,TOWER-029,FALSE
CDR1138,P382,P500,2026-02-07 22:56:00,707,Voice,TOWER-004,FALSE
CDR1139,P287,P310,2026-07-14 11:32:00,758,Voice,TOWER-064,FALSE
CDR1140,P431,P040,2026-07-13 06:27:00,181,Voice,TOWER-016,FALSE
CDR1141,P419,P355,2026-01-29 21:48:00,572,SMS,TOWER-012,FALSE
CDR1142,P240,P245,2026-07-22 18:58:00,170,Voice,TOWER-047,FALSE
CDR1143,P161,P335,2026-04-12 17:05:00,190,SMS,TOWER-065,FALSE
CDR1144,P329,P208,2026-06-17 17:15:00,874,SMS,TOWER-007,FALSE
CDR1145,P424,P195,2026-02-10 22:24:00,668,Voice,TOWER-083,FALSE
CDR1146,P085,P028,2026-01-10 05:12:00,430,SMS,TOWER-095,FALSE
CDR1147,P412,P191,2026-02-23 17:38:00,465,SMS,TOWER-058,FALSE
CDR1148,P332,P218,2026-02-18 01:55:00,419,SMS,TOWER-053,FALSE
CDR1149,P100,P139,2026-03-10 13:23:00,13,Voice,TOWER-036,FALSE
CDR1150,P056,P054,2026-01-23 13:17:00,57,SMS,TOWER-020,FALSE
CDR1151,P040,P186,2026-06-09 22:54:00,74,Voice,TOWER-048,FALSE
CDR1152,P309,P399,2026-04-29 12:07:00,684,Voice,TOWER-005,FALSE
CDR1153,P434,P172,2026-01-10 05:13:00,505,Voice,TOWER-094,FALSE
CDR1154,P015,P123,2026-02-16 14:41:00,200,SMS,TOWER-060,FALSE
CDR1155,P145,P084,2026-03-12 22:46:00,37,SMS,TOWER-030,FALSE
CDR1156,P278,P055,2026-07-28 20:45:00,136,Voice,TOWER-098,FALSE
CDR1157,P034,P109,2026-05-25 21:44:00,652,Voice,TOWER-064,FALSE
CDR1158,P306,P006,2026-03-01 21:14:00,213,Voice,TOWER-026,FALSE
CDR1159,P388,P466,2026-05-18 15:44:00,369,Voice,TOWER-067,FALSE
CDR1160,P159,P097,2026-05-23 06:33:00,748,Voice,TOWER-077,FALSE
CDR1161,P283,P104,2026-03-09 21:32:00,656,SMS,TOWER-032,FALSE
CDR1162,P327,P476,2026-05-06 05:39:00,392,SMS,TOWER-085,FALSE
CDR1163,P017,P124,2026-03-19 15:02:00,161,Voice,TOWER-020,FALSE
CDR1164,P138,P044,2026-06-11 04:19:00,640,Voice,TOWER-067,FALSE
CDR1165,P292,P290,2026-08-08 16:30:00,11,SMS,TOWER-047,FALSE
CDR1166,P023,P289,2026-06-22 11:05:00,858,Voice,TOWER-046,FALSE
CDR1167,P405,P248,2026-03-24 02:27:00,443,SMS,TOWER-012,FALSE
CDR1168,P024,P025,2026-07-04 16:38:00,45,SMS,TOWER-051,FALSE
CDR1169,P162,P048,2026-02-03 08:44:00,574,SMS,TOWER-006,FALSE
CDR1170,P484,P159,2026-07-06 05:07:00,631,SMS,TOWER-016,FALSE
CDR1171,P005,P183,2026-07-04 02:34:00,859,Voice,TOWER-049,FALSE
CDR1172,P385,P145,2026-01-15 01:04:00,513,Voice,TOWER-020,FALSE
CDR1173,P491,P204,2026-05-25 08:01:00,670,Voice,TOWER-072,FALSE
CDR1174,P257,P100,2026-07-23 23:16:00,197,Voice,TOWER-064,FALSE
CDR1175,P162,P385,2026-06-08 06:49:00,790,SMS,TOWER-069,FALSE
CDR1176,P201,P372,2026-04-05 00:48:00,499,Voice,TOWER-042,FALSE
CDR1177,P183,P499,2026-06-11 03:38:00,144,Voice,TOWER-027,FALSE
CDR1178,P067,P360,2026-03-20 21:28:00,166,Voice,TOWER-021,FALSE
CDR1179,P346,P050,2026-07-05 02:06:00,118,SMS,TOWER-033,FALSE
CDR1180,P170,P209,2026-02-26 01:23:00,696,Voice,TOWER-092,FALSE
CDR1181,P460,P380,2026-03-09 00:58:00,372,SMS,TOWER-008,FALSE
CDR1182,P258,P052,2026-05-18 06:30:00,642,SMS,TOWER-028,FALSE
CDR1183,P258,P414,2026-05-16 07:00:00,408,Voice,TOWER-082,FALSE
CDR1184,P397,P077,2026-06-24 07:43:00,260,Voice,TOWER-083,FALSE
CDR1185,P013,P301,2026-02-11 18:36:00,288,SMS,TOWER-088,FALSE
CDR1186,P408,P196,2026-06-29 01:12:00,857,Voice,TOWER-001,FALSE
CDR1187,P245,P301,2026-06-26 18:56:00,244,SMS,TOWER-099,FALSE
CDR1188,P445,P437,2026-02-14 10:16:00,341,Voice,TOWER-002,FALSE
CDR1189,P020,P149,2026-01-27 02:50:00,404,Voice,TOWER-052,FALSE
CDR1190,P083,P078,2026-01-21 20:58:00,303,SMS,TOWER-030,FALSE
CDR1191,P350,P238,2026-07-27 20:41:00,494,SMS,TOWER-050,FALSE
CDR1192,P041,P454,2026-01-24 00:45:00,293,SMS,TOWER-006,FALSE
CDR1193,P321,P048,2026-05-12 15:06:00,592,Voice,TOWER-023,FALSE
CDR1194,P488,P368,2026-08-16 23:53:00,387,Voice,TOWER-055,FALSE
CDR1195,P119,P453,2026-04-08 10:55:00,589,SMS,TOWER-043,FALSE
CDR1196,P111,P414,2026-06-05 22:14:00,593,Voice,TOWER-074,FALSE
CDR1197,P349,P335,2026-05-17 21:19:00,226,SMS,TOWER-058,FALSE
CDR1198,P073,P394,2026-07-19 04:49:00,834,Voice,TOWER-008,FALSE
CDR1199,P368,P083,2026-06-23 17:29:00,840,Voice,TOWER-003,FALSE
CDR1200,P494,P257,2026-04-03 08:10:00,172,Voice,TOWER-010,FALSE
CDR1201,P265,P374,2026-08-15 17:40:00,518,Voice,TOWER-018,FALSE
CDR1202,P312,P334,2026-02-02 16:43:00,85,Voice,TOWER-074,FALSE
CDR1203,P268,P477,2026-03-30 17:03:00,450,SMS,TOWER-060,FALSE
CDR1204,P394,P175,2026-07-13 16:30:00,474,SMS,TOWER-005,FALSE
CDR1205,P230,P403,2026-07-26 05:13:00,495,Voice,TOWER-010,FALSE
CDR1206,P068,P174,2026-03-02 01:33:00,505,Voice,TOWER-011,FALSE
CDR1207,P149,P185,2026-08-08 03:51:00,199,Voice,TOWER-057,FALSE
CDR1208,P320,P439,2026-05-22 18:39:00,38,SMS,TOWER-044,FALSE
CDR1209,P482,P221,2026-07-29 23:56:00,557,SMS,TOWER-084,FALSE
CDR1210,P021,P457,2026-07-18 07:37:00,252,Voice,TOWER-081,FALSE
CDR1211,P365,P397,2026-07-28 03:17:00,725,SMS,TOWER-026,FALSE
CDR1212,P350,P199,2026-02-11 23:24:00,655,SMS,TOWER-043,FALSE
CDR1213,P123,P107,2026-04-23 10:02:00,534,SMS,TOWER-024,FALSE
CDR1214,P313,P311,2026-03-26 21:30:00,56,Voice,TOWER-016,FALSE
CDR1215,P039,P491,2026-08-02 09:21:00,872,Voice,TOWER-100,FALSE
CDR1216,P079,P291,2026-05-08 02:31:00,397,SMS,TOWER-037,FALSE
CDR1217,P322,P255,2026-07-24 23:55:00,828,SMS,TOWER-062,FALSE
CDR1218,P050,P413,2026-01-03 12:11:00,11,Voice,TOWER-054,FALSE
CDR1219,P008,P074,2026-07-24 08:23:00,323,SMS,TOWER-070,FALSE
CDR1220,P393,P446,2026-06-08 11:20:00,314,SMS,TOWER-076,FALSE
CDR1221,P159,P281,2026-06-13 21:22:00,101,SMS,TOWER-026,FALSE
CDR1222,P445,P497,2026-05-21 09:55:00,446,Voice,TOWER-033,FALSE
CDR1223,P409,P401,2026-05-01 09:03:00,426,Voice,TOWER-046,FALSE
CDR1224,P459,P045,2026-04-25 14:11:00,491,Voice,TOWER-005,FALSE
CDR1225,P256,P049,2026-08-03 09:33:00,288,SMS,TOWER-079,FALSE
CDR1226,P233,P161,2026-03-09 21:24:00,461,Voice,TOWER-015,FALSE
CDR1227,P087,P479,2026-07-25 20:49:00,150,SMS,TOWER-029,FALSE
CDR1228,P152,P083,2026-04-27 21:46:00,721,SMS,TOWER-076,FALSE
CDR1229,P035,P144,2026-06-19 15:32:00,193,SMS,TOWER-045,FALSE
CDR1230,P296,P187,2026-02-10 02:15:00,174,SMS,TOWER-053,FALSE
CDR1231,P181,P046,2026-03-17 03:17:00,250,Voice,TOWER-041,FALSE
CDR1232,P037,P092,2026-08-12 13:55:00,547,SMS,TOWER-079,FALSE
CDR1233,P364,P396,2026-05-24 06:12:00,298,SMS,TOWER-085,FALSE
CDR1234,P236,P133,2026-06-08 05:48:00,348,SMS,TOWER-038,FALSE
CDR1235,P243,P132,2026-03-22 14:40:00,273,Voice,TOWER-040,FALSE
CDR1236,P391,P449,2026-08-11 19:37:00,593,Voice,TOWER-097,FALSE
CDR1237,P227,P333,2026-08-10 04:04:00,732,SMS,TOWER-036,FALSE
CDR1238,P474,P072,2026-07-30 13:25:00,241,SMS,TOWER-053,FALSE
CDR1239,P482,P064,2026-04-07 01:04:00,787,Voice,TOWER-019,FALSE
CDR1240,P498,P292,2026-03-23 17:57:00,346,SMS,TOWER-017,FALSE
CDR1241,P250,P021,2026-08-09 10:24:00,750,Voice,TOWER-074,FALSE
CDR1242,P187,P440,2026-07-14 02:59:00,544,SMS,TOWER-013,FALSE
CDR1243,P147,P206,2026-04-01 17:20:00,18,SMS,TOWER-017,FALSE
CDR1244,P210,P439,2026-01-23 06:48:00,127,SMS,TOWER-098,FALSE
CDR1245,P318,P470,2026-01-16 18:48:00,318,SMS,TOWER-025,FALSE
CDR1246,P349,P067,2026-04-15 12:24:00,813,SMS,TOWER-048,FALSE
CDR1247,P226,P188,2026-05-03 13:56:00,609,Voice,TOWER-100,FALSE
CDR1248,P263,P433,2026-02-15 18:02:00,20,Voice,TOWER-039,FALSE
CDR1249,P320,P488,2026-04-12 06:24:00,878,SMS,TOWER-049,FALSE
CDR1250,P161,P192,2026-01-24 08:00:00,635,Voice,TOWER-073,FALSE
CDR1251,P043,P350,2026-01-20 21:10:00,154,SMS,TOWER-014,FALSE
CDR1252,P212,P260,2026-02-19 15:32:00,218,SMS,TOWER-043,FALSE
CDR1253,P231,P135,2026-05-24 06:18:00,551,SMS,TOWER-025,FALSE
CDR1254,P450,P449,2026-05-01 10:17:00,653,SMS,TOWER-001,FALSE
CDR1255,P350,P022,2026-07-22 04:57:00,835,Voice,TOWER-074,FALSE
CDR1256,P318,P330,2026-08-10 21:45:00,80,SMS,TOWER-091,FALSE
CDR1257,P030,P380,2026-05-12 06:03:00,203,SMS,TOWER-090,FALSE
CDR1258,P405,P126,2026-04-30 03:36:00,236,Voice,TOWER-010,FALSE
CDR1259,P359,P421,2026-03-23 03:03:00,573,SMS,TOWER-007,FALSE
CDR1260,P288,P005,2026-03-16 12:43:00,197,Voice,TOWER-053,FALSE
CDR1261,P080,P437,2026-02-27 08:52:00,768,Voice,TOWER-005,FALSE
CDR1262,P054,P149,2026-04-01 12:49:00,478,SMS,TOWER-024,FALSE
CDR1263,P193,P082,2026-04-07 12:40:00,681,Voice,TOWER-003,FALSE
CDR1264,P292,P205,2026-04-20 16:25:00,471,SMS,TOWER-065,FALSE
CDR1265,P438,P038,2026-05-25 06:26:00,563,Voice,TOWER-005,FALSE
CDR1266,P115,P199,2026-07-21 00:55:00,676,SMS,TOWER-091,FALSE
CDR1267,P448,P237,2026-02-21 06:55:00,297,SMS,TOWER-097,FALSE
CDR1268,P343,P048,2026-08-01 02:32:00,166,Voice,TOWER-083,FALSE
CDR1269,P179,P239,2026-06-27 10:03:00,302,Voice,TOWER-060,FALSE
CDR1270,P240,P329,2026-04-06 22:27:00,48,SMS,TOWER-027,FALSE
CDR1271,P274,P461,2026-04-26 23:25:00,243,SMS,TOWER-007,FALSE
CDR1272,P419,P239,2026-03-01 11:32:00,582,SMS,TOWER-055,FALSE
CDR1273,P056,P044,2026-05-23 07:14:00,469,SMS,TOWER-094,FALSE
CDR1274,P093,P375,2026-02-28 01:35:00,146,Voice,TOWER-080,FALSE
CDR1275,P056,P470,2026-03-27 02:44:00,26,Voice,TOWER-043,FALSE
CDR1276,P492,P473,2026-05-27 02:22:00,120,Voice,TOWER-027,FALSE
CDR1277,P204,P394,2026-01-04 15:02:00,234,Voice,TOWER-033,FALSE
CDR1278,P222,P103,2026-05-29 15:42:00,79,Voice,TOWER-086,FALSE
CDR1279,P206,P169,2026-06-05 17:57:00,383,Voice,TOWER-057,FALSE
CDR1280,P034,P163,2026-06-05 10:01:00,499,SMS,TOWER-097,FALSE
CDR1281,P176,P310,2026-04-25 18:09:00,776,Voice,TOWER-023,FALSE
CDR1282,P249,P109,2026-04-12 05:08:00,225,Voice,TOWER-011,FALSE
CDR1283,P360,P380,2026-03-05 00:03:00,762,SMS,TOWER-063,FALSE
CDR1284,P244,P059,2026-03-04 02:57:00,231,SMS,TOWER-092,FALSE
CDR1285,P143,P233,2026-02-17 23:46:00,563,SMS,TOWER-059,FALSE
CDR1286,P020,P280,2026-01-25 19:04:00,828,Voice,TOWER-012,FALSE
CDR1287,P080,P486,2026-06-15 09:01:00,177,Voice,TOWER-038,FALSE
CDR1288,P241,P075,2026-01-19 23:25:00,69,SMS,TOWER-093,FALSE
CDR1289,P328,P110,2026-05-31 13:58:00,275,SMS,TOWER-094,FALSE
CDR1290,P164,P291,2026-02-06 23:42:00,497,SMS,TOWER-042,FALSE
CDR1291,P017,P308,2026-04-05 19:50:00,647,Voice,TOWER-034,FALSE
CDR1292,P397,P195,2026-01-19 05:18:00,665,Voice,TOWER-069,FALSE
CDR1293,P032,P480,2026-06-10 10:56:00,703,SMS,TOWER-081,FALSE
CDR1294,P414,P186,2026-02-24 00:11:00,75,Voice,TOWER-020,FALSE
CDR1295,P405,P221,2026-04-26 06:59:00,831,SMS,TOWER-050,FALSE
CDR1296,P243,P110,2026-05-24 12:35:00,298,SMS,TOWER-065,FALSE
CDR1297,P028,P109,2026-02-23 16:17:00,507,Voice,TOWER-081,FALSE
CDR1298,P445,P012,2026-03-10 07:30:00,797,Voice,TOWER-024,FALSE
CDR1299,P488,P389,2026-02-06 07:27:00,98,Voice,TOWER-016,FALSE
CDR1300,P351,P217,2026-07-13 07:12:00,535,Voice,TOWER-031,FALSE
CDR1301,P139,P130,2026-05-07 05:07:00,576,SMS,TOWER-096,FALSE
CDR1302,P326,P091,2026-08-12 14:52:00,85,SMS,TOWER-007,FALSE
CDR1303,P043,P073,2026-06-26 11:38:00,46,Voice,TOWER-077,FALSE
CDR1304,P036,P141,2026-02-24 23:54:00,611,SMS,TOWER-089,FALSE
CDR1305,P208,P042,2026-05-10 05:41:00,335,Voice,TOWER-064,FALSE
CDR1306,P153,P448,2026-02-07 03:29:00,155,SMS,TOWER-050,FALSE
CDR1307,P365,P232,2026-04-03 16:05:00,580,SMS,TOWER-024,FALSE
CDR1308,P447,P215,2026-03-01 13:07:00,887,SMS,TOWER-020,FALSE
CDR1309,P269,P110,2026-02-22 13:16:00,190,SMS,TOWER-087,FALSE
CDR1310,P343,P458,2026-04-27 16:35:00,276,SMS,TOWER-025,FALSE
CDR1311,P133,P095,2026-03-13 02:32:00,11,Voice,TOWER-026,FALSE
CDR1312,P426,P028,2026-04-16 13:09:00,463,Voice,TOWER-040,FALSE
CDR1313,P048,P459,2026-07-02 20:19:00,521,SMS,TOWER-002,FALSE
CDR1314,P462,P220,2026-04-09 15:42:00,833,Voice,TOWER-002,FALSE
CDR1315,P176,P494,2026-05-17 05:43:00,396,SMS,TOWER-010,FALSE
CDR1316,P386,P153,2026-08-11 20:24:00,330,Voice,TOWER-088,FALSE
CDR1317,P085,P102,2026-06-13 04:23:00,648,Voice,TOWER-051,FALSE
CDR1318,P179,P483,2026-06-05 12:23:00,224,Voice,TOWER-077,FALSE
CDR1319,P215,P247,2026-04-26 05:54:00,284,Voice,TOWER-058,FALSE
CDR1320,P244,P275,2026-07-01 07:39:00,823,Voice,TOWER-021,FALSE
CDR1321,P353,P402,2026-05-11 14:18:00,27,SMS,TOWER-011,FALSE
CDR1322,P083,P495,2026-05-26 09:43:00,95,Voice,TOWER-078,FALSE
CDR1323,P357,P224,2026-02-18 17:20:00,387,Voice,TOWER-020,FALSE
CDR1324,P182,P468,2026-08-04 17:35:00,83,SMS,TOWER-099,FALSE
CDR1325,P355,P293,2026-05-30 11:06:00,165,SMS,TOWER-041,FALSE
CDR1326,P200,P422,2026-07-31 17:47:00,456,Voice,TOWER-060,FALSE
CDR1327,P006,P288,2026-02-26 03:09:00,186,SMS,TOWER-086,FALSE
CDR1328,P401,P458,2026-03-07 11:51:00,396,Voice,TOWER-043,FALSE
CDR1329,P306,P102,2026-04-05 09:00:00,37,SMS,TOWER-013,FALSE
CDR1330,P040,P371,2026-03-12 19:50:00,119,Voice,TOWER-084,FALSE
CDR1331,P342,P297,2026-07-15 23:49:00,51,Voice,TOWER-035,FALSE
CDR1332,P316,P075,2026-07-28 22:47:00,881,Voice,TOWER-091,FALSE
CDR1333,P166,P341,2026-02-27 04:11:00,667,Voice,TOWER-023,FALSE
CDR1334,P422,P481,2026-02-25 06:47:00,858,Voice,TOWER-010,FALSE
CDR1335,P376,P381,2026-05-16 11:34:00,533,Voice,TOWER-092,FALSE
CDR1336,P423,P378,2026-05-16 14:51:00,900,SMS,TOWER-070,FALSE
CDR1337,P376,P163,2026-06-01 21:10:00,421,SMS,TOWER-002,FALSE
CDR1338,P008,P078,2026-02-07 20:36:00,122,SMS,TOWER-034,FALSE
CDR1339,P460,P235,2026-07-22 12:46:00,408,SMS,TOWER-040,FALSE
CDR1340,P479,P076,2026-02-18 15:06:00,699,Voice,TOWER-006,FALSE
CDR1341,P256,P443,2026-05-22 08:43:00,524,SMS,TOWER-057,FALSE
CDR1342,P163,P059,2026-07-10 22:25:00,861,SMS,TOWER-067,FALSE
CDR1343,P406,P497,2026-04-30 03:55:00,407,SMS,TOWER-037,FALSE
CDR1344,P346,P209,2026-05-26 09:05:00,803,Voice,TOWER-077,FALSE
CDR1345,P135,P267,2026-06-08 12:05:00,232,SMS,TOWER-085,FALSE
CDR1346,P370,P002,2026-03-07 15:25:00,154,SMS,TOWER-019,FALSE
CDR1347,P231,P483,2026-03-07 04:31:00,197,Voice,TOWER-040,FALSE
CDR1348,P427,P439,2026-01-24 06:55:00,177,SMS,TOWER-069,FALSE
CDR1349,P065,P325,2026-03-20 23:48:00,125,SMS,TOWER-094,FALSE
CDR1350,P231,P328,2026-06-26 19:12:00,591,Voice,TOWER-012,FALSE
CDR1351,P497,P297,2026-06-21 12:10:00,467,Voice,TOWER-098,FALSE
CDR1352,P050,P019,2026-05-28 21:52:00,618,SMS,TOWER-074,FALSE
CDR1353,P112,P382,2026-07-11 19:39:00,174,Voice,TOWER-015,FALSE
CDR1354,P097,P216,2026-07-20 02:03:00,234,SMS,TOWER-055,FALSE
CDR1355,P357,P280,2026-05-30 05:04:00,714,Voice,TOWER-091,FALSE
CDR1356,P397,P086,2026-01-01 18:37:00,366,Voice,TOWER-096,FALSE
CDR1357,P308,P194,2026-02-28 17:24:00,208,SMS,TOWER-025,FALSE
CDR1358,P111,P179,2026-02-05 02:01:00,656,Voice,TOWER-042,FALSE
CDR1359,P108,P488,2026-03-07 08:08:00,552,Voice,TOWER-071,FALSE
CDR1360,P098,P498,2026-01-01 16:41:00,576,Voice,TOWER-054,FALSE
CDR1361,P348,P296,2026-08-13 06:12:00,807,Voice,TOWER-008,FALSE
CDR1362,P490,P008,2026-06-14 05:47:00,724,SMS,TOWER-021,FALSE
CDR1363,P190,P417,2026-06-16 12:43:00,259,Voice,TOWER-023,FALSE
CDR1364,P187,P009,2026-07-22 08:44:00,221,SMS,TOWER-087,FALSE
CDR1365,P155,P460,2026-03-16 05:14:00,505,SMS,TOWER-096,FALSE
CDR1366,P158,P258,2026-01-31 07:54:00,660,Voice,TOWER-081,FALSE
CDR1367,P420,P445,2026-07-17 10:57:00,778,SMS,TOWER-023,FALSE
CDR1368,P064,P359,2026-05-25 18:42:00,263,SMS,TOWER-071,FALSE
CDR1369,P256,P333,2026-04-21 22:32:00,121,Voice,TOWER-010,FALSE
CDR1370,P234,P212,2026-03-11 03:07:00,527,Voice,TOWER-026,FALSE
CDR1371,P211,P181,2026-03-24 03:24:00,166,Voice,TOWER-087,FALSE
CDR1372,P181,P425,2026-07-16 19:31:00,758,Voice,TOWER-045,FALSE
CDR1373,P278,P219,2026-03-10 00:35:00,624,Voice,TOWER-068,FALSE
CDR1374,P268,P499,2026-06-23 14:57:00,792,Voice,TOWER-052,FALSE
CDR1375,P392,P172,2026-06-25 14:12:00,107,Voice,TOWER-055,FALSE
CDR1376,P059,P475,2026-08-18 01:35:00,855,Voice,TOWER-001,FALSE
CDR1377,P091,P235,2026-07-15 23:05:00,886,SMS,TOWER-032,FALSE
CDR1378,P220,P192,2026-01-28 07:53:00,488,SMS,TOWER-053,FALSE
CDR1379,P091,P284,2026-02-12 12:25:00,525,Voice,TOWER-046,FALSE
CDR1380,P305,P084,2026-08-05 01:23:00,883,Voice,TOWER-070,FALSE
CDR1381,P278,P224,2026-04-19 19:54:00,519,Voice,TOWER-095,FALSE
CDR1382,P196,P146,2026-01-07 01:22:00,851,Voice,TOWER-090,FALSE
CDR1383,P433,P338,2026-05-23 06:46:00,722,SMS,TOWER-069,FALSE
CDR1384,P353,P349,2026-05-20 23:34:00,636,SMS,TOWER-074,FALSE
CDR1385,P224,P325,2026-02-04 07:08:00,468,Voice,TOWER-040,FALSE
CDR1386,P146,P360,2026-08-13 13:10:00,589,Voice,TOWER-044,FALSE
CDR1387,P318,P481,2026-04-29 17:56:00,289,SMS,TOWER-081,FALSE
CDR1388,P474,P464,2026-01-04 06:55:00,765,SMS,TOWER-018,FALSE
CDR1389,P439,P051,2026-07-30 22:16:00,33,SMS,TOWER-035,FALSE
CDR1390,P045,P413,2026-08-17 10:19:00,793,SMS,TOWER-055,FALSE
CDR1391,P429,P054,2026-08-03 21:49:00,321,Voice,TOWER-098,FALSE
CDR1392,P046,P333,2026-06-09 10:11:00,415,SMS,TOWER-003,FALSE
CDR1393,P009,P316,2026-07-24 18:38:00,810,SMS,TOWER-040,FALSE
CDR1394,P478,P211,2026-07-01 07:51:00,370,SMS,TOWER-052,FALSE
CDR1395,P054,P255,2026-04-11 09:58:00,531,Voice,TOWER-078,FALSE
CDR1396,P384,P385,2026-07-03 12:36:00,125,SMS,TOWER-060,FALSE
CDR1397,P320,P475,2026-03-30 07:16:00,479,SMS,TOWER-027,FALSE
CDR1398,P279,P052,2026-05-26 03:36:00,559,Voice,TOWER-049,FALSE
CDR1399,P325,P228,2026-04-17 15:59:00,556,Voice,TOWER-034,FALSE
CDR1400,P258,P298,2026-04-16 14:11:00,821,Voice,TOWER-085,FALSE
CDR1401,P413,P017,2026-07-07 10:07:00,20,SMS,TOWER-022,FALSE
CDR1402,P342,P149,2026-02-13 01:26:00,42,Voice,TOWER-052,FALSE
CDR1403,P437,P216,2026-02-20 19:19:00,50,SMS,TOWER-052,FALSE
CDR1404,P109,P115,2026-04-16 12:59:00,72,Voice,TOWER-070,FALSE
CDR1405,P398,P233,2026-03-07 05:21:00,863,SMS,TOWER-046,FALSE
CDR1406,P283,P196,2026-07-09 08:33:00,236,Voice,TOWER-072,FALSE
CDR1407,P059,P101,2026-07-16 11:18:00,204,Voice,TOWER-043,FALSE
CDR1408,P439,P241,2026-06-25 15:51:00,844,Voice,TOWER-080,FALSE
CDR1409,P487,P064,2026-08-05 15:13:00,278,Voice,TOWER-071,FALSE
CDR1410,P180,P496,2026-05-07 13:39:00,896,Voice,TOWER-002,FALSE
CDR1411,P407,P468,2026-02-24 09:16:00,467,SMS,TOWER-002,FALSE
CDR1412,P238,P212,2026-01-18 04:49:00,57,SMS,TOWER-093,TRUE
CDR1413,P465,P421,2026-05-23 03:10:00,422,Voice,TOWER-076,FALSE
CDR1414,P331,P361,2026-08-06 03:46:00,218,Voice,TOWER-046,FALSE
CDR1415,P402,P380,2026-05-22 01:10:00,581,SMS,TOWER-099,FALSE
CDR1416,P203,P004,2026-07-25 19:57:00,458,SMS,TOWER-056,FALSE
CDR1417,P482,P192,2026-06-13 09:53:00,524,SMS,TOWER-093,FALSE
CDR1418,P401,P115,2026-01-08 02:26:00,553,SMS,TOWER-021,FALSE
CDR1419,P260,P146,2026-05-31 21:28:00,832,Voice,TOWER-004,FALSE
CDR1420,P138,P451,2026-02-11 03:23:00,218,SMS,TOWER-048,FALSE
CDR1421,P338,P136,2026-02-14 17:42:00,287,SMS,TOWER-039,FALSE
CDR1422,P158,P430,2026-04-02 18:34:00,619,Voice,TOWER-051,FALSE
CDR1423,P463,P408,2026-06-26 04:48:00,361,SMS,TOWER-072,FALSE
CDR1424,P466,P213,2026-05-26 22:50:00,393,Voice,TOWER-039,FALSE
CDR1425,P345,P124,2026-01-15 01:27:00,816,Voice,TOWER-015,FALSE
CDR1426,P003,P461,2026-04-28 19:43:00,635,SMS,TOWER-062,FALSE
CDR1427,P466,P213,2026-02-19 20:29:00,445,Voice,TOWER-024,FALSE
CDR1428,P017,P008,2026-03-07 19:51:00,18,SMS,TOWER-031,FALSE
CDR1429,P014,P079,2026-03-20 10:40:00,673,SMS,TOWER-057,FALSE
CDR1430,P405,P192,2026-01-11 16:53:00,324,SMS,TOWER-050,FALSE
CDR1431,P431,P419,2026-04-21 12:40:00,711,SMS,TOWER-048,FALSE
CDR1432,P266,P420,2026-08-06 11:10:00,457,SMS,TOWER-022,FALSE
CDR1433,P380,P308,2026-02-05 02:15:00,847,Voice,TOWER-069,FALSE
CDR1434,P163,P172,2026-03-24 00:02:00,510,Voice,TOWER-018,FALSE
CDR1435,P088,P492,2026-04-15 15:56:00,366,Voice,TOWER-014,FALSE
CDR1436,P293,P221,2026-03-02 12:29:00,892,Voice,TOWER-001,FALSE
CDR1437,P124,P285,2026-04-01 16:59:00,684,Voice,TOWER-012,FALSE
CDR1438,P499,P201,2026-01-25 18:06:00,807,SMS,TOWER-031,FALSE
CDR1439,P099,P316,2026-02-22 03:10:00,484,SMS,TOWER-021,FALSE
CDR1440,P330,P202,2026-06-04 22:56:00,558,Voice,TOWER-080,FALSE
CDR1441,P425,P027,2026-05-07 03:48:00,739,SMS,TOWER-071,FALSE
CDR1442,P411,P478,2026-04-29 05:28:00,608,SMS,TOWER-022,FALSE
CDR1443,P296,P220,2026-05-07 01:48:00,889,SMS,TOWER-013,FALSE
CDR1444,P066,P481,2026-05-28 20:22:00,524,SMS,TOWER-063,FALSE
CDR1445,P326,P200,2026-05-15 01:45:00,469,Voice,TOWER-008,FALSE
CDR1446,P373,P089,2026-05-03 07:54:00,551,Voice,TOWER-047,FALSE
CDR1447,P207,P463,2026-04-23 07:50:00,274,SMS,TOWER-059,FALSE
CDR1448,P163,P265,2026-04-22 20:50:00,245,SMS,TOWER-082,FALSE
CDR1449,P082,P224,2026-03-20 05:09:00,154,SMS,TOWER-057,FALSE
CDR1450,P119,P051,2026-07-12 13:48:00,883,SMS,TOWER-015,FALSE
CDR1451,P364,P411,2026-06-17 22:24:00,604,SMS,TOWER-090,FALSE
CDR1452,P065,P259,2026-07-27 22:08:00,276,SMS,TOWER-078,FALSE
CDR1453,P061,P324,2026-03-15 23:21:00,246,SMS,TOWER-066,FALSE
CDR1454,P296,P402,2026-07-14 12:55:00,209,Voice,TOWER-068,FALSE
CDR1455,P201,P432,2026-03-21 06:55:00,816,Voice,TOWER-089,FALSE
CDR1456,P391,P322,2026-03-15 04:42:00,669,Voice,TOWER-055,FALSE
CDR1457,P470,P134,2026-01-14 15:06:00,528,Voice,TOWER-072,FALSE
CDR1458,P429,P284,2026-01-25 20:57:00,188,SMS,TOWER-070,FALSE
CDR1459,P082,P486,2026-06-23 00:31:00,302,SMS,TOWER-024,FALSE
CDR1460,P166,P105,2026-04-26 00:59:00,330,Voice,TOWER-016,FALSE
CDR1461,P048,P014,2026-06-12 01:57:00,428,SMS,TOWER-085,FALSE
CDR1462,P224,P006,2026-03-19 10:39:00,756,Voice,TOWER-062,FALSE
CDR1463,P322,P395,2026-07-06 08:40:00,534,Voice,TOWER-046,FALSE
CDR1464,P304,P079,2026-06-04 16:26:00,202,SMS,TOWER-036,FALSE
CDR1465,P015,P317,2026-05-19 21:44:00,762,SMS,TOWER-057,FALSE
CDR1466,P363,P279,2026-05-18 22:52:00,616,SMS,TOWER-076,FALSE
CDR1467,P472,P498,2026-01-24 18:38:00,239,Voice,TOWER-051,FALSE
CDR1468,P041,P293,2026-02-19 17:12:00,599,SMS,TOWER-049,FALSE
CDR1469,P196,P013,2026-08-18 01:12:00,278,SMS,TOWER-007,FALSE
CDR1470,P381,P376,2026-08-10 22:41:00,609,Voice,TOWER-089,FALSE
CDR1471,P067,P233,2026-01-14 10:42:00,555,SMS,TOWER-062,FALSE
CDR1472,P325,P324,2026-03-24 23:12:00,554,Voice,TOWER-088,FALSE
CDR1473,P399,P184,2026-05-04 22:17:00,731,Voice,TOWER-070,FALSE
CDR1474,P096,P123,2026-08-05 10:23:00,544,SMS,TOWER-037,FALSE
CDR1475,P335,P460,2026-03-03 23:14:00,409,SMS,TOWER-095,FALSE
CDR1476,P114,P153,2026-07-07 08:38:00,314,SMS,TOWER-075,FALSE
CDR1477,P100,P275,2026-05-15 23:19:00,584,SMS,TOWER-100,FALSE
CDR1478,P431,P126,2026-06-28 12:07:00,737,SMS,TOWER-097,FALSE
CDR1479,P372,P400,2026-07-09 06:56:00,540,Voice,TOWER-076,FALSE
CDR1480,P414,P403,2026-01-19 16:38:00,83,SMS,TOWER-096,FALSE
CDR1481,P194,P395,2026-08-01 13:22:00,561,Voice,TOWER-018,FALSE
CDR1482,P134,P338,2026-04-19 22:47:00,202,SMS,TOWER-011,FALSE
CDR1483,P027,P141,2026-06-18 06:05:00,346,SMS,TOWER-034,FALSE
CDR1484,P043,P479,2026-04-30 16:29:00,818,SMS,TOWER-027,FALSE
CDR1485,P074,P322,2026-06-04 21:40:00,173,SMS,TOWER-067,FALSE
CDR1486,P012,P327,2026-02-08 03:51:00,753,Voice,TOWER-082,FALSE
CDR1487,P297,P444,2026-01-11 19:23:00,524,SMS,TOWER-097,FALSE
CDR1488,P053,P057,2026-06-08 03:59:00,126,Voice,TOWER-074,FALSE
CDR1489,P236,P475,2026-03-31 11:29:00,513,Voice,TOWER-036,FALSE
CDR1490,P306,P063,2026-05-03 12:54:00,850,Voice,TOWER-095,FALSE
CDR1491,P055,P073,2026-08-13 17:08:00,897,Voice,TOWER-014,FALSE
CDR1492,P145,P135,2026-06-12 03:02:00,58,SMS,TOWER-041,FALSE
CDR1493,P459,P093,2026-02-23 19:33:00,445,SMS,TOWER-075,FALSE
CDR1494,P048,P040,2026-03-17 15:08:00,818,SMS,TOWER-012,FALSE
CDR1495,P254,P433,2026-08-17 15:35:00,330,Voice,TOWER-097,FALSE
CDR1496,P186,P468,2026-06-19 04:25:00,22,SMS,TOWER-025,FALSE
CDR1497,P430,P107,2026-02-16 01:41:00,30,Voice,TOWER-016,FALSE
CDR1498,P201,P052,2026-07-29 14:18:00,608,Voice,TOWER-002,FALSE
CDR1499,P252,P408,2026-04-01 12:28:00,555,Voice,TOWER-074,FALSE
CDR1500,P012,P212,2026-06-22 16:35:00,671,SMS,TOWER-045,FALSE
CDR1501,P038,P250,2026-02-14 03:36:00,446,Voice,TOWER-074,FALSE
CDR1502,P492,P321,2026-01-22 12:10:00,345,Voice,TOWER-065,FALSE
CDR1503,P040,P108,2026-02-14 18:56:00,345,Voice,TOWER-018,FALSE
CDR1504,P352,P215,2026-04-19 23:38:00,482,Voice,TOWER-052,FALSE
CDR1505,P193,P456,2026-01-26 08:51:00,723,SMS,TOWER-027,FALSE
CDR1506,P161,P325,2026-05-19 00:45:00,153,SMS,TOWER-011,FALSE
CDR1507,P466,P231,2026-03-21 00:27:00,531,SMS,TOWER-073,FALSE
CDR1508,P414,P083,2026-03-31 07:51:00,257,Voice,TOWER-091,FALSE
CDR1509,P093,P153,2026-01-03 14:09:00,567,SMS,TOWER-097,FALSE
CDR1510,P006,P463,2026-06-06 15:09:00,658,SMS,TOWER-058,FALSE
CDR1511,P092,P338,2026-03-31 16:17:00,352,SMS,TOWER-049,FALSE
CDR1512,P291,P324,2026-03-29 03:59:00,591,Voice,TOWER-046,FALSE
CDR1513,P311,P438,2026-05-07 05:39:00,128,Voice,TOWER-049,FALSE
CDR1514,P017,P061,2026-04-16 15:36:00,705,Voice,TOWER-085,FALSE
CDR1515,P500,P176,2026-02-18 19:07:00,255,SMS,TOWER-063,FALSE
CDR1516,P178,P248,2026-03-08 03:48:00,885,Voice,TOWER-070,FALSE
CDR1517,P315,P308,2026-08-05 10:49:00,794,SMS,TOWER-053,FALSE
CDR1518,P280,P003,2026-01-02 16:56:00,265,SMS,TOWER-023,FALSE
CDR1519,P082,P268,2026-07-09 18:39:00,836,SMS,TOWER-033,FALSE
CDR1520,P380,P131,2026-01-26 00:12:00,709,SMS,TOWER-010,FALSE
CDR1521,P475,P063,2026-01-13 17:30:00,648,SMS,TOWER-042,FALSE
CDR1522,P099,P311,2026-03-16 13:01:00,847,SMS,TOWER-053,FALSE
CDR1523,P016,P275,2026-04-07 16:51:00,392,Voice,TOWER-005,FALSE
CDR1524,P012,P266,2026-03-10 18:42:00,569,Voice,TOWER-018,FALSE
CDR1525,P263,P390,2026-06-28 13:18:00,18,SMS,TOWER-019,FALSE
CDR1526,P079,P111,2026-06-27 04:01:00,442,Voice,TOWER-066,FALSE
CDR1527,P444,P187,2026-02-07 07:12:00,275,SMS,TOWER-059,FALSE
CDR1528,P059,P461,2026-02-12 06:08:00,602,Voice,TOWER-076,FALSE
CDR1529,P112,P016,2026-04-26 09:53:00,32,SMS,TOWER-074,FALSE
CDR1530,P168,P071,2026-01-17 08:22:00,421,SMS,TOWER-089,FALSE
CDR1531,P113,P043,2026-08-09 22:24:00,718,Voice,TOWER-073,FALSE
CDR1532,P373,P355,2026-03-05 05:49:00,559,SMS,TOWER-079,FALSE
CDR1533,P482,P065,2026-07-05 08:59:00,286,SMS,TOWER-097,FALSE
CDR1534,P138,P141,2026-05-08 15:37:00,733,Voice,TOWER-099,FALSE
CDR1535,P247,P103,2026-04-30 15:47:00,474,Voice,TOWER-063,FALSE
CDR1536,P489,P048,2026-02-14 21:17:00,211,Voice,TOWER-083,FALSE
CDR1537,P179,P363,2026-06-04 16:07:00,583,Voice,TOWER-014,FALSE
CDR1538,P283,P334,2026-05-20 17:14:00,850,SMS,TOWER-100,FALSE
CDR1539,P151,P240,2026-01-13 18:50:00,223,Voice,TOWER-065,FALSE
CDR1540,P382,P415,2026-06-29 15:32:00,491,SMS,TOWER-084,FALSE
CDR1541,P254,P224,2026-05-11 18:15:00,237,Voice,TOWER-028,FALSE
CDR1542,P263,P485,2026-05-28 08:20:00,496,SMS,TOWER-002,FALSE
CDR1543,P205,P473,2026-04-02 09:52:00,744,Voice,TOWER-078,FALSE
CDR1544,P099,P129,2026-01-05 12:50:00,125,SMS,TOWER-025,FALSE
CDR1545,P089,P102,2026-07-06 15:36:00,439,Voice,TOWER-024,FALSE
CDR1546,P352,P434,2026-07-18 09:51:00,146,SMS,TOWER-034,FALSE
CDR1547,P455,P368,2026-03-02 18:02:00,278,Voice,TOWER-084,FALSE
CDR1548,P144,P493,2026-03-04 00:51:00,248,Voice,TOWER-079,FALSE
CDR1549,P202,P053,2026-01-13 16:31:00,374,SMS,TOWER-060,FALSE
CDR1550,P299,P407,2026-02-18 18:28:00,786,SMS,TOWER-009,FALSE
CDR1551,P393,P301,2026-01-08 03:58:00,716,SMS,TOWER-089,FALSE
CDR1552,P160,P085,2026-08-04 09:10:00,288,Voice,TOWER-073,FALSE
CDR1553,P407,P106,2026-03-20 07:29:00,390,Voice,TOWER-071,FALSE
CDR1554,P489,P370,2026-01-28 09:50:00,504,SMS,TOWER-013,FALSE
CDR1555,P250,P222,2026-02-22 14:09:00,293,SMS,TOWER-004,FALSE
CDR1556,P453,P229,2026-08-02 20:37:00,581,SMS,TOWER-020,FALSE
CDR1557,P217,P306,2026-05-22 21:54:00,896,SMS,TOWER-027,FALSE
CDR1558,P383,P140,2026-03-08 17:58:00,90,SMS,TOWER-039,FALSE
CDR1559,P418,P164,2026-02-22 11:37:00,24,SMS,TOWER-089,FALSE
CDR1560,P319,P056,2026-03-19 21:49:00,112,Voice,TOWER-069,FALSE
CDR1561,P311,P197,2026-08-15 09:52:00,207,SMS,TOWER-049,FALSE
CDR1562,P220,P103,2026-07-11 10:51:00,714,SMS,TOWER-028,FALSE
CDR1563,P291,P181,2026-01-19 07:10:00,162,SMS,TOWER-058,FALSE
CDR1564,P192,P460,2026-03-03 20:02:00,165,Voice,TOWER-005,FALSE
CDR1565,P324,P420,2026-08-05 11:19:00,821,Voice,TOWER-051,FALSE
CDR1566,P033,P231,2026-05-31 18:30:00,81,SMS,TOWER-026,FALSE
CDR1567,P086,P456,2026-05-30 00:15:00,607,Voice,TOWER-002,FALSE
CDR1568,P018,P491,2026-05-04 09:54:00,629,SMS,TOWER-004,FALSE
CDR1569,P262,P130,2026-01-22 19:41:00,259,Voice,TOWER-043,FALSE
CDR1570,P301,P210,2026-07-25 00:19:00,36,SMS,TOWER-028,FALSE
CDR1571,P151,P310,2026-08-13 00:53:00,204,Voice,TOWER-084,FALSE
CDR1572,P424,P450,2026-06-14 09:00:00,105,Voice,TOWER-027,FALSE
CDR1573,P331,P487,2026-07-16 19:16:00,589,Voice,TOWER-096,FALSE
CDR1574,P495,P272,2026-07-05 10:28:00,87,SMS,TOWER-064,FALSE
CDR1575,P181,P204,2026-02-21 21:29:00,35,SMS,TOWER-041,FALSE
CDR1576,P016,P059,2026-04-12 16:48:00,821,Voice,TOWER-064,FALSE
CDR1577,P093,P415,2026-02-10 09:34:00,570,Voice,TOWER-061,FALSE
CDR1578,P166,P220,2026-01-03 06:57:00,323,Voice,TOWER-053,FALSE
CDR1579,P405,P096,2026-01-20 14:03:00,158,Voice,TOWER-098,FALSE
CDR1580,P184,P126,2026-04-20 18:50:00,815,Voice,TOWER-024,FALSE
CDR1581,P038,P111,2026-05-12 06:29:00,673,SMS,TOWER-002,FALSE
CDR1582,P337,P191,2026-02-22 10:54:00,229,SMS,TOWER-097,FALSE
CDR1583,P191,P075,2026-01-30 22:59:00,760,Voice,TOWER-075,FALSE
CDR1584,P400,P161,2026-04-09 21:15:00,853,SMS,TOWER-061,FALSE
CDR1585,P063,P005,2026-03-07 15:26:00,33,Voice,TOWER-087,FALSE
CDR1586,P164,P353,2026-03-08 11:51:00,650,SMS,TOWER-041,FALSE
CDR1587,P006,P368,2026-02-04 08:38:00,143,SMS,TOWER-053,FALSE
CDR1588,P169,P110,2026-01-29 17:27:00,627,SMS,TOWER-093,FALSE
CDR1589,P239,P291,2026-07-22 20:48:00,703,Voice,TOWER-035,FALSE
CDR1590,P408,P165,2026-05-06 14:11:00,377,SMS,TOWER-015,FALSE
CDR1591,P461,P120,2026-05-20 04:16:00,118,Voice,TOWER-074,FALSE
CDR1592,P288,P034,2026-02-10 05:02:00,559,Voice,TOWER-022,FALSE
CDR1593,P198,P146,2026-06-06 12:14:00,424,SMS,TOWER-094,FALSE
CDR1594,P309,P109,2026-08-09 20:59:00,433,SMS,TOWER-062,FALSE
CDR1595,P270,P112,2026-07-22 10:25:00,536,SMS,TOWER-017,FALSE
CDR1596,P053,P288,2026-03-19 21:02:00,70,Voice,TOWER-065,FALSE
CDR1597,P143,P367,2026-07-11 08:03:00,477,SMS,TOWER-004,FALSE
CDR1598,P312,P485,2026-07-06 02:41:00,458,Voice,TOWER-073,FALSE
CDR1599,P453,P414,2026-02-09 21:08:00,512,SMS,TOWER-080,FALSE
CDR1600,P441,P344,2026-07-26 12:44:00,457,SMS,TOWER-006,FALSE
CDR1601,P039,P294,2026-01-19 07:58:00,764,Voice,TOWER-051,FALSE
CDR1602,P458,P331,2026-08-10 08:10:00,650,Voice,TOWER-026,FALSE
CDR1603,P216,P350,2026-04-29 16:56:00,295,SMS,TOWER-066,FALSE
CDR1604,P388,P223,2026-06-09 02:58:00,50,Voice,TOWER-016,FALSE
CDR1605,P163,P417,2026-03-23 13:21:00,550,SMS,TOWER-041,FALSE
CDR1606,P164,P102,2026-04-10 21:03:00,161,Voice,TOWER-022,FALSE
CDR1607,P101,P026,2026-01-25 00:00:00,214,SMS,TOWER-088,FALSE
CDR1608,P411,P253,2026-02-24 00:36:00,377,SMS,TOWER-001,FALSE
CDR1609,P256,P024,2026-03-17 18:43:00,12,Voice,TOWER-003,FALSE
CDR1610,P141,P216,2026-01-07 14:48:00,395,Voice,TOWER-038,FALSE
CDR1611,P062,P064,2026-05-27 20:08:00,617,Voice,TOWER-079,FALSE
CDR1612,P232,P088,2026-01-02 18:11:00,543,Voice,TOWER-016,FALSE
CDR1613,P308,P168,2026-04-02 19:04:00,827,Voice,TOWER-003,FALSE
CDR1614,P303,P197,2026-07-31 01:00:00,880,Voice,TOWER-050,FALSE
CDR1615,P122,P296,2026-07-26 16:47:00,652,Voice,TOWER-031,FALSE
CDR1616,P011,P146,2026-02-20 13:24:00,216,SMS,TOWER-095,FALSE
CDR1617,P010,P330,2026-07-31 21:21:00,801,SMS,TOWER-095,FALSE
CDR1618,P402,P439,2026-08-13 22:12:00,19,SMS,TOWER-039,FALSE
CDR1619,P295,P003,2026-07-17 19:39:00,94,SMS,TOWER-062,FALSE
CDR1620,P467,P237,2026-04-04 22:33:00,51,Voice,TOWER-003,FALSE
CDR1621,P146,P068,2026-08-06 06:15:00,613,SMS,TOWER-088,FALSE
CDR1622,P431,P496,2026-03-21 18:40:00,131,Voice,TOWER-093,FALSE
CDR1623,P207,P019,2026-03-30 22:53:00,94,Voice,TOWER-067,FALSE
CDR1624,P459,P274,2026-02-01 00:09:00,688,SMS,TOWER-089,FALSE
CDR1625,P471,P271,2026-04-05 08:22:00,154,SMS,TOWER-020,FALSE
CDR1626,P021,P173,2026-01-07 14:46:00,276,Voice,TOWER-009,FALSE
CDR1627,P331,P009,2026-05-13 04:06:00,790,Voice,TOWER-036,FALSE
CDR1628,P036,P241,2026-05-31 07:44:00,467,SMS,TOWER-049,FALSE
CDR1629,P049,P425,2026-07-29 06:16:00,266,SMS,TOWER-075,FALSE
CDR1630,P411,P213,2026-04-10 12:27:00,452,SMS,TOWER-019,FALSE
CDR1631,P371,P155,2026-01-20 12:57:00,573,Voice,TOWER-035,FALSE
CDR1632,P141,P163,2026-01-06 20:05:00,733,Voice,TOWER-089,FALSE
CDR1633,P386,P178,2026-07-04 14:11:00,151,Voice,TOWER-066,FALSE
CDR1634,P205,P041,2026-06-12 15:39:00,795,SMS,TOWER-001,FALSE
CDR1635,P285,P397,2026-02-24 08:31:00,410,Voice,TOWER-005,FALSE
CDR1636,P161,P253,2026-07-13 06:53:00,81,SMS,TOWER-034,FALSE
CDR1637,P314,P025,2026-04-29 05:48:00,488,Voice,TOWER-046,FALSE
CDR1638,P202,P153,2026-03-12 03:25:00,173,Voice,TOWER-045,FALSE
CDR1639,P357,P233,2026-06-15 10:54:00,311,Voice,TOWER-021,FALSE
CDR1640,P253,P435,2026-08-14 15:30:00,800,Voice,TOWER-071,FALSE
CDR1641,P329,P496,2026-05-01 21:11:00,128,SMS,TOWER-009,FALSE
CDR1642,P467,P063,2026-08-17 18:32:00,656,SMS,TOWER-045,FALSE
CDR1643,P432,P192,2026-07-25 12:20:00,691,SMS,TOWER-015,FALSE
CDR1644,P481,P317,2026-01-12 13:03:00,626,Voice,TOWER-029,FALSE
CDR1645,P053,P015,2026-01-21 03:55:00,428,Voice,TOWER-007,FALSE
CDR1646,P115,P025,2026-02-01 00:57:00,258,Voice,TOWER-059,FALSE
CDR1647,P423,P006,2026-02-01 13:17:00,750,Voice,TOWER-026,FALSE
CDR1648,P072,P054,2026-02-16 07:04:00,652,SMS,TOWER-009,FALSE
CDR1649,P166,P442,2026-05-08 17:45:00,40,SMS,TOWER-069,FALSE
CDR1650,P353,P371,2026-05-17 06:20:00,763,SMS,TOWER-056,FALSE
CDR1651,P224,P116,2026-04-29 08:47:00,844,SMS,TOWER-040,FALSE
CDR1652,P088,P046,2026-05-20 00:31:00,322,Voice,TOWER-019,FALSE
CDR1653,P098,P371,2026-06-10 03:05:00,234,SMS,TOWER-050,FALSE
CDR1654,P462,P416,2026-01-10 03:47:00,100,SMS,TOWER-031,FALSE
CDR1655,P189,P418,2026-01-03 11:48:00,746,Voice,TOWER-094,FALSE
CDR1656,P463,P276,2026-04-23 13:11:00,162,SMS,TOWER-031,FALSE
CDR1657,P003,P479,2026-05-08 07:55:00,441,Voice,TOWER-063,FALSE
CDR1658,P353,P445,2026-05-30 05:10:00,177,SMS,TOWER-097,FALSE
CDR1659,P027,P133,2026-02-06 23:25:00,139,SMS,TOWER-086,FALSE
CDR1660,P453,P402,2026-03-08 17:27:00,13,SMS,TOWER-054,FALSE
CDR1661,P023,P057,2026-05-22 01:23:00,725,SMS,TOWER-020,FALSE
CDR1662,P025,P485,2026-02-17 08:08:00,88,SMS,TOWER-053,FALSE
CDR1663,P156,P039,2026-07-18 17:04:00,886,SMS,TOWER-080,FALSE
CDR1664,P136,P169,2026-04-17 20:13:00,859,Voice,TOWER-085,FALSE
CDR1665,P353,P314,2026-02-28 02:59:00,664,Voice,TOWER-047,FALSE
CDR1666,P406,P416,2026-01-06 11:27:00,121,SMS,TOWER-065,FALSE
CDR1667,P195,P139,2026-07-25 22:30:00,318,Voice,TOWER-017,FALSE
CDR1668,P358,P088,2026-03-27 16:01:00,288,Voice,TOWER-040,FALSE
CDR1669,P474,P071,2026-01-20 12:46:00,439,SMS,TOWER-071,FALSE
CDR1670,P299,P236,2026-02-25 11:20:00,164,Voice,TOWER-044,FALSE
CDR1671,P062,P065,2026-06-07 14:04:00,629,SMS,TOWER-021,FALSE
CDR1672,P164,P442,2026-05-10 22:47:00,814,Voice,TOWER-003,FALSE
CDR1673,P076,P386,2026-05-26 12:21:00,293,SMS,TOWER-083,FALSE
CDR1674,P300,P455,2026-02-02 00:26:00,113,SMS,TOWER-100,FALSE
CDR1675,P436,P495,2026-03-13 04:52:00,92,Voice,TOWER-060,FALSE
CDR1676,P459,P212,2026-04-01 16:28:00,694,SMS,TOWER-030,TRUE
CDR1677,P327,P229,2026-04-22 16:11:00,703,SMS,TOWER-065,FALSE
CDR1678,P343,P063,2026-07-03 00:34:00,751,Voice,TOWER-068,FALSE
CDR1679,P268,P271,2026-07-08 04:01:00,830,SMS,TOWER-069,FALSE
CDR1680,P124,P296,2026-01-09 10:43:00,424,SMS,TOWER-100,FALSE
CDR1681,P245,P339,2026-01-07 15:47:00,110,Voice,TOWER-006,FALSE
CDR1682,P251,P500,2026-03-08 04:06:00,844,SMS,TOWER-040,FALSE
CDR1683,P144,P165,2026-03-13 09:18:00,295,Voice,TOWER-093,FALSE
CDR1684,P396,P375,2026-03-09 21:33:00,40,Voice,TOWER-091,FALSE
CDR1685,P248,P116,2026-05-27 03:54:00,635,SMS,TOWER-001,FALSE
CDR1686,P048,P136,2026-03-29 06:40:00,112,SMS,TOWER-007,FALSE
CDR1687,P393,P152,2026-01-22 06:46:00,73,Voice,TOWER-014,FALSE
CDR1688,P365,P043,2026-08-05 12:20:00,857,Voice,TOWER-011,FALSE
CDR1689,P181,P286,2026-02-02 13:45:00,43,Voice,TOWER-027,FALSE
CDR1690,P428,P447,2026-04-19 10:20:00,496,Voice,TOWER-031,FALSE
CDR1691,P125,P338,2026-02-08 22:26:00,518,Voice,TOWER-076,FALSE
CDR1692,P332,P377,2026-06-19 21:31:00,578,SMS,TOWER-006,FALSE
CDR1693,P439,P106,2026-02-08 05:10:00,785,SMS,TOWER-020,FALSE
CDR1694,P356,P040,2026-05-10 04:06:00,641,Voice,TOWER-093,FALSE
CDR1695,P039,P498,2026-07-04 17:05:00,605,SMS,TOWER-082,FALSE
CDR1696,P254,P031,2026-06-19 21:43:00,346,SMS,TOWER-002,FALSE
CDR1697,P109,P007,2026-08-17 21:32:00,220,SMS,TOWER-044,FALSE
CDR1698,P344,P111,2026-03-23 08:35:00,179,Voice,TOWER-003,FALSE
CDR1699,P240,P420,2026-06-22 01:11:00,581,SMS,TOWER-067,FALSE
CDR1700,P198,P097,2026-01-02 06:15:00,808,SMS,TOWER-077,FALSE
CDR1701,P250,P054,2026-01-21 11:24:00,489,Voice,TOWER-054,FALSE
CDR1702,P175,P107,2026-02-08 12:21:00,575,Voice,TOWER-100,FALSE
CDR1703,P417,P303,2026-08-13 02:55:00,864,Voice,TOWER-017,FALSE
CDR1704,P390,P271,2026-03-15 20:06:00,786,SMS,TOWER-033,FALSE
CDR1705,P264,P440,2026-06-25 04:06:00,133,Voice,TOWER-063,FALSE
CDR1706,P161,P390,2026-05-04 08:53:00,51,SMS,TOWER-054,FALSE
CDR1707,P484,P160,2026-07-23 18:22:00,17,Voice,TOWER-037,FALSE
CDR1708,P363,P233,2026-07-19 04:01:00,750,SMS,TOWER-046,FALSE
CDR1709,P336,P079,2026-06-19 11:47:00,522,Voice,TOWER-002,FALSE
CDR1710,P435,P259,2026-03-03 19:00:00,695,SMS,TOWER-025,FALSE
CDR1711,P055,P469,2026-02-19 03:14:00,414,Voice,TOWER-021,FALSE
CDR1712,P067,P113,2026-02-14 06:02:00,48,SMS,TOWER-078,FALSE
CDR1713,P470,P187,2026-05-20 05:41:00,877,SMS,TOWER-034,FALSE
CDR1714,P198,P500,2026-05-26 01:21:00,30,SMS,TOWER-057,FALSE
CDR1715,P232,P445,2026-05-10 19:12:00,644,Voice,TOWER-032,FALSE
CDR1716,P318,P263,2026-07-30 11:12:00,383,Voice,TOWER-012,FALSE
CDR1717,P104,P400,2026-04-28 04:24:00,128,SMS,TOWER-039,FALSE
CDR1718,P205,P097,2026-02-22 20:42:00,14,SMS,TOWER-002,FALSE
CDR1719,P036,P143,2026-03-21 05:17:00,57,SMS,TOWER-021,FALSE
CDR1720,P217,P085,2026-04-13 16:45:00,729,Voice,TOWER-080,FALSE
CDR1721,P352,P158,2026-07-15 22:48:00,601,Voice,TOWER-037,FALSE
CDR1722,P488,P446,2026-07-17 06:34:00,525,Voice,TOWER-029,FALSE
CDR1723,P296,P332,2026-01-09 14:05:00,119,SMS,TOWER-077,FALSE
CDR1724,P053,P076,2026-01-28 03:48:00,333,Voice,TOWER-006,FALSE
CDR1725,P237,P449,2026-02-23 15:39:00,82,SMS,TOWER-061,FALSE
CDR1726,P055,P382,2026-05-13 19:02:00,741,SMS,TOWER-090,FALSE
CDR1727,P057,P124,2026-04-16 21:03:00,823,Voice,TOWER-030,FALSE
CDR1728,P009,P458,2026-08-12 17:16:00,248,SMS,TOWER-071,FALSE
CDR1729,P236,P096,2026-02-03 00:40:00,343,Voice,TOWER-016,FALSE
CDR1730,P137,P015,2026-04-11 12:55:00,440,SMS,TOWER-099,FALSE
CDR1731,P244,P339,2026-02-26 14:30:00,849,SMS,TOWER-016,FALSE
CDR1732,P272,P232,2026-04-27 12:42:00,575,SMS,TOWER-042,FALSE
CDR1733,P181,P136,2026-02-10 11:23:00,798,Voice,TOWER-058,FALSE
CDR1734,P061,P475,2026-06-29 09:05:00,110,Voice,TOWER-030,FALSE
CDR1735,P282,P044,2026-08-04 15:22:00,586,SMS,TOWER-065,FALSE
CDR1736,P182,P221,2026-02-05 20:22:00,275,Voice,TOWER-049,FALSE
CDR1737,P109,P078,2026-01-17 14:35:00,841,SMS,TOWER-021,FALSE
CDR1738,P204,P258,2026-03-24 16:16:00,29,Voice,TOWER-038,FALSE
CDR1739,P221,P261,2026-04-17 13:48:00,765,SMS,TOWER-099,FALSE
CDR1740,P171,P028,2026-04-13 00:16:00,483,SMS,TOWER-019,FALSE
CDR1741,P226,P140,2026-01-14 08:30:00,462,Voice,TOWER-004,FALSE
CDR1742,P190,P051,2026-06-17 17:35:00,856,SMS,TOWER-016,FALSE
CDR1743,P026,P333,2026-05-12 16:10:00,279,SMS,TOWER-069,FALSE
CDR1744,P196,P375,2026-03-25 16:43:00,750,Voice,TOWER-028,FALSE
CDR1745,P476,P217,2026-02-05 13:44:00,324,Voice,TOWER-068,FALSE
CDR1746,P100,P151,2026-01-06 19:20:00,462,SMS,TOWER-010,FALSE
CDR1747,P097,P207,2026-04-20 20:25:00,342,SMS,TOWER-086,FALSE
CDR1748,P091,P305,2026-03-07 22:11:00,175,Voice,TOWER-043,FALSE
CDR1749,P142,P272,2026-04-05 12:04:00,413,SMS,TOWER-019,FALSE
CDR1750,P312,P253,2026-06-14 03:44:00,538,SMS,TOWER-006,FALSE
CDR1751,P266,P222,2026-06-13 08:45:00,266,Voice,TOWER-002,FALSE
CDR1752,P056,P349,2026-06-12 03:15:00,396,Voice,TOWER-019,FALSE
CDR1753,P026,P331,2026-06-24 02:52:00,890,Voice,TOWER-044,FALSE
CDR1754,P128,P491,2026-03-17 19:40:00,420,SMS,TOWER-054,FALSE
CDR1755,P057,P113,2026-02-20 09:02:00,138,Voice,TOWER-068,FALSE
CDR1756,P059,P028,2026-06-07 00:12:00,865,SMS,TOWER-078,FALSE
CDR1757,P459,P019,2026-01-19 23:24:00,697,Voice,TOWER-034,FALSE
CDR1758,P295,P137,2026-07-08 05:43:00,545,SMS,TOWER-076,FALSE
CDR1759,P123,P034,2026-03-27 02:35:00,720,SMS,TOWER-100,FALSE
CDR1760,P273,P052,2026-05-15 21:37:00,275,Voice,TOWER-045,FALSE
CDR1761,P142,P116,2026-01-10 05:56:00,864,Voice,TOWER-061,FALSE
CDR1762,P452,P318,2026-03-14 19:45:00,770,Voice,TOWER-042,FALSE
CDR1763,P359,P367,2026-08-06 01:30:00,449,SMS,TOWER-100,FALSE
CDR1764,P208,P201,2026-01-04 05:11:00,708,SMS,TOWER-053,FALSE
CDR1765,P202,P052,2026-06-13 22:11:00,495,SMS,TOWER-064,FALSE
CDR1766,P113,P376,2026-05-04 10:14:00,172,SMS,TOWER-010,FALSE
CDR1767,P422,P451,2026-08-02 14:37:00,38,Voice,TOWER-068,FALSE
CDR1768,P355,P138,2026-04-05 13:02:00,195,SMS,TOWER-027,FALSE
CDR1769,P254,P106,2026-05-27 12:35:00,143,SMS,TOWER-094,FALSE
CDR1770,P088,P403,2026-03-17 02:10:00,733,Voice,TOWER-023,FALSE
CDR1771,P105,P178,2026-02-23 14:28:00,118,Voice,TOWER-060,FALSE
CDR1772,P327,P148,2026-05-16 01:46:00,511,SMS,TOWER-078,FALSE
CDR1773,P362,P306,2026-02-13 22:37:00,119,SMS,TOWER-022,FALSE
CDR1774,P148,P376,2026-01-21 19:52:00,171,SMS,TOWER-015,FALSE
CDR1775,P002,P049,2026-04-16 04:53:00,575,SMS,TOWER-074,FALSE
CDR1776,P095,P258,2026-07-21 12:11:00,393,Voice,TOWER-014,FALSE
CDR1777,P465,P359,2026-06-04 16:13:00,18,Voice,TOWER-075,FALSE
CDR1778,P319,P245,2026-03-07 05:37:00,194,SMS,TOWER-073,FALSE
CDR1779,P379,P157,2026-07-20 02:25:00,282,Voice,TOWER-087,FALSE
CDR1780,P437,P465,2026-05-25 17:35:00,858,Voice,TOWER-008,FALSE
CDR1781,P353,P123,2026-06-03 18:08:00,899,Voice,TOWER-058,FALSE
CDR1782,P088,P162,2026-06-19 03:19:00,787,Voice,TOWER-028,FALSE
CDR1783,P349,P036,2026-01-30 06:24:00,208,SMS,TOWER-100,FALSE
CDR1784,P086,P096,2026-01-15 07:44:00,711,Voice,TOWER-005,FALSE
CDR1785,P171,P461,2026-04-17 00:35:00,223,Voice,TOWER-053,FALSE
CDR1786,P234,P073,2026-06-17 01:23:00,296,SMS,TOWER-074,FALSE
CDR1787,P493,P007,2026-03-23 12:15:00,893,SMS,TOWER-021,FALSE
CDR1788,P342,P243,2026-07-25 01:19:00,464,SMS,TOWER-031,FALSE
CDR1789,P220,P172,2026-07-22 03:28:00,237,Voice,TOWER-095,FALSE
CDR1790,P011,P091,2026-05-25 19:08:00,342,SMS,TOWER-008,FALSE
CDR1791,P499,P136,2026-02-26 21:32:00,640,SMS,TOWER-014,FALSE
CDR1792,P452,P040,2026-08-08 18:32:00,629,Voice,TOWER-017,FALSE
CDR1793,P088,P348,2026-06-18 05:10:00,786,SMS,TOWER-024,FALSE
CDR1794,P390,P437,2026-07-16 22:36:00,173,Voice,TOWER-050,FALSE
CDR1795,P005,P305,2026-03-22 21:41:00,58,SMS,TOWER-099,FALSE
CDR1796,P181,P497,2026-07-25 01:25:00,70,Voice,TOWER-056,FALSE
CDR1797,P243,P299,2026-06-02 20:06:00,671,SMS,TOWER-022,FALSE
CDR1798,P001,P251,2026-06-15 03:46:00,576,SMS,TOWER-046,FALSE
CDR1799,P448,P127,2026-03-16 18:53:00,281,SMS,TOWER-003,FALSE
CDR1800,P242,P057,2026-06-14 19:15:00,527,SMS,TOWER-039,FALSE
CDR1801,P024,P420,2026-01-02 00:22:00,517,SMS,TOWER-097,FALSE
CDR1802,P009,P291,2026-05-31 06:57:00,32,Voice,TOWER-006,FALSE
CDR1803,P349,P149,2026-07-18 15:52:00,742,Voice,TOWER-073,FALSE
CDR1804,P428,P117,2026-03-04 12:50:00,179,Voice,TOWER-099,FALSE
CDR1805,P269,P258,2026-01-29 07:25:00,805,SMS,TOWER-031,FALSE
CDR1806,P086,P387,2026-08-14 14:59:00,275,Voice,TOWER-075,FALSE
CDR1807,P076,P397,2026-03-23 23:34:00,170,SMS,TOWER-025,FALSE
CDR1808,P049,P052,2026-04-01 00:38:00,16,Voice,TOWER-032,FALSE
CDR1809,P156,P412,2026-05-11 04:03:00,167,SMS,TOWER-084,FALSE
CDR1810,P377,P172,2026-05-01 15:41:00,70,Voice,TOWER-080,FALSE
CDR1811,P232,P252,2026-03-24 08:56:00,300,SMS,TOWER-092,FALSE
CDR1812,P377,P180,2026-01-13 03:46:00,424,SMS,TOWER-089,FALSE
CDR1813,P280,P132,2026-03-17 18:51:00,783,Voice,TOWER-025,FALSE
CDR1814,P340,P250,2026-03-01 01:20:00,262,SMS,TOWER-021,FALSE
CDR1815,P130,P187,2026-08-04 13:48:00,17,Voice,TOWER-045,FALSE
CDR1816,P235,P007,2026-07-25 11:11:00,561,Voice,TOWER-016,FALSE
CDR1817,P424,P181,2026-02-15 23:50:00,817,SMS,TOWER-097,FALSE
CDR1818,P155,P364,2026-04-09 09:14:00,603,Voice,TOWER-057,FALSE
CDR1819,P171,P457,2026-05-02 08:46:00,412,SMS,TOWER-079,FALSE
CDR1820,P266,P397,2026-08-07 20:52:00,67,Voice,TOWER-019,FALSE
CDR1821,P340,P439,2026-03-30 08:58:00,421,Voice,TOWER-010,FALSE
CDR1822,P443,P462,2026-06-25 04:06:00,612,SMS,TOWER-036,FALSE
CDR1823,P432,P306,2026-02-28 06:33:00,25,SMS,TOWER-024,FALSE
CDR1824,P248,P058,2026-08-05 17:47:00,284,Voice,TOWER-073,FALSE
CDR1825,P139,P352,2026-03-15 23:08:00,360,Voice,TOWER-076,FALSE
CDR1826,P266,P373,2026-02-18 05:16:00,467,Voice,TOWER-090,FALSE
CDR1827,P328,P011,2026-03-25 09:43:00,391,Voice,TOWER-093,FALSE
CDR1828,P076,P211,2026-05-26 22:05:00,443,SMS,TOWER-061,FALSE
CDR1829,P439,P113,2026-04-26 23:06:00,883,SMS,TOWER-033,FALSE
CDR1830,P338,P073,2026-05-20 11:32:00,155,Voice,TOWER-080,FALSE
CDR1831,P183,P255,2026-06-05 00:01:00,838,Voice,TOWER-004,FALSE
CDR1832,P016,P126,2026-01-02 15:24:00,172,SMS,TOWER-041,FALSE
CDR1833,P296,P380,2026-02-20 00:52:00,205,Voice,TOWER-091,FALSE
CDR1834,P357,P499,2026-02-08 13:19:00,717,Voice,TOWER-043,FALSE
CDR1835,P221,P185,2026-05-10 02:46:00,106,SMS,TOWER-027,FALSE
CDR1836,P106,P382,2026-02-20 19:36:00,665,Voice,TOWER-039,FALSE
CDR1837,P046,P100,2026-03-28 13:36:00,60,SMS,TOWER-063,FALSE
CDR1838,P472,P489,2026-08-04 06:40:00,153,SMS,TOWER-060,FALSE
CDR1839,P194,P328,2026-08-09 10:37:00,393,SMS,TOWER-017,FALSE
CDR1840,P056,P495,2026-02-25 19:46:00,523,Voice,TOWER-091,FALSE
CDR1841,P141,P450,2026-04-03 14:44:00,701,SMS,TOWER-090,FALSE
CDR1842,P321,P348,2026-07-16 11:58:00,614,Voice,TOWER-095,FALSE
CDR1843,P279,P461,2026-01-03 16:52:00,565,SMS,TOWER-064,FALSE
CDR1844,P468,P231,2026-01-16 02:10:00,659,SMS,TOWER-074,FALSE
CDR1845,P491,P449,2026-03-14 04:32:00,250,Voice,TOWER-076,FALSE
CDR1846,P270,P090,2026-08-03 15:43:00,450,SMS,TOWER-013,FALSE
CDR1847,P136,P467,2026-05-11 07:58:00,68,Voice,TOWER-044,FALSE
CDR1848,P348,P179,2026-06-20 03:04:00,691,SMS,TOWER-056,FALSE
CDR1849,P455,P170,2026-04-11 02:26:00,542,SMS,TOWER-082,FALSE
CDR1850,P201,P302,2026-07-03 07:16:00,377,Voice,TOWER-095,FALSE
CDR1851,P214,P484,2026-07-17 03:34:00,803,SMS,TOWER-090,FALSE
CDR1852,P142,P159,2026-06-09 04:41:00,499,Voice,TOWER-052,FALSE
CDR1853,P098,P022,2026-03-04 14:05:00,530,SMS,TOWER-051,FALSE
CDR1854,P297,P267,2026-06-25 14:00:00,608,Voice,TOWER-047,FALSE
CDR1855,P360,P176,2026-04-22 02:23:00,892,SMS,TOWER-095,FALSE
CDR1856,P428,P314,2026-05-16 21:21:00,609,SMS,TOWER-022,FALSE
CDR1857,P063,P222,2026-07-22 05:35:00,197,SMS,TOWER-002,FALSE
CDR1858,P408,P233,2026-02-08 16:46:00,371,SMS,TOWER-022,FALSE
CDR1859,P291,P496,2026-04-20 04:21:00,575,SMS,TOWER-025,FALSE
CDR1860,P406,P178,2026-08-03 10:36:00,194,Voice,TOWER-012,FALSE
CDR1861,P148,P057,2026-03-03 17:21:00,261,SMS,TOWER-012,FALSE
CDR1862,P497,P005,2026-04-15 15:58:00,189,Voice,TOWER-002,FALSE
CDR1863,P256,P475,2026-08-09 10:48:00,437,SMS,TOWER-022,FALSE
CDR1864,P351,P076,2026-06-11 10:20:00,429,SMS,TOWER-001,FALSE
CDR1865,P239,P349,2026-04-06 11:48:00,360,Voice,TOWER-075,FALSE
CDR1866,P077,P268,2026-05-12 13:08:00,199,Voice,TOWER-062,FALSE
CDR1867,P495,P149,2026-04-14 18:43:00,29,Voice,TOWER-079,FALSE
CDR1868,P320,P286,2026-01-28 06:14:00,788,Voice,TOWER-074,FALSE
CDR1869,P341,P084,2026-03-21 22:56:00,791,Voice,TOWER-069,FALSE
CDR1870,P156,P250,2026-08-14 10:32:00,174,SMS,TOWER-060,FALSE
CDR1871,P148,P034,2026-02-04 02:17:00,616,Voice,TOWER-049,FALSE
CDR1872,P410,P151,2026-01-03 02:35:00,439,Voice,TOWER-068,FALSE
CDR1873,P008,P233,2026-02-22 06:30:00,684,Voice,TOWER-042,FALSE
CDR1874,P021,P112,2026-05-26 15:01:00,123,SMS,TOWER-008,FALSE
CDR1875,P145,P423,2026-06-22 13:53:00,142,SMS,TOWER-037,FALSE
CDR1876,P304,P064,2026-03-21 12:18:00,740,SMS,TOWER-002,FALSE
CDR1877,P028,P251,2026-01-06 08:40:00,243,SMS,TOWER-023,FALSE
CDR1878,P157,P003,2026-03-14 18:37:00,102,SMS,TOWER-055,FALSE
CDR1879,P221,P181,2026-02-23 09:07:00,699,Voice,TOWER-027,FALSE
CDR1880,P339,P428,2026-03-14 04:08:00,127,Voice,TOWER-083,FALSE
CDR1881,P001,P026,2026-08-13 17:20:00,739,Voice,TOWER-056,FALSE
CDR1882,P129,P071,2026-04-20 02:33:00,214,Voice,TOWER-050,FALSE
CDR1883,P180,P450,2026-05-08 01:18:00,846,SMS,TOWER-015,FALSE
CDR1884,P146,P403,2026-03-13 14:09:00,485,SMS,TOWER-085,FALSE
CDR1885,P440,P258,2026-05-22 09:33:00,498,SMS,TOWER-097,FALSE
CDR1886,P341,P491,2026-01-12 12:31:00,719,Voice,TOWER-033,FALSE
CDR1887,P394,P288,2026-08-09 01:22:00,648,Voice,TOWER-036,FALSE
CDR1888,P080,P489,2026-06-06 00:52:00,494,SMS,TOWER-044,FALSE
CDR1889,P045,P366,2026-02-06 10:34:00,461,Voice,TOWER-012,FALSE
CDR1890,P139,P074,2026-06-30 00:15:00,588,Voice,TOWER-023,FALSE
CDR1891,P376,P101,2026-04-20 03:30:00,52,Voice,TOWER-037,FALSE
CDR1892,P222,P300,2026-07-24 00:31:00,325,SMS,TOWER-099,FALSE
CDR1893,P471,P042,2026-04-08 07:52:00,518,Voice,TOWER-029,FALSE
CDR1894,P149,P113,2026-04-08 19:39:00,809,SMS,TOWER-026,FALSE
CDR1895,P017,P243,2026-07-02 09:39:00,596,SMS,TOWER-058,FALSE
CDR1896,P478,P182,2026-07-27 15:07:00,21,Voice,TOWER-046,FALSE
CDR1897,P128,P416,2026-04-17 19:57:00,388,Voice,TOWER-049,FALSE
CDR1898,P348,P327,2026-02-19 19:30:00,591,Voice,TOWER-036,FALSE
CDR1899,P198,P217,2026-06-20 06:02:00,538,SMS,TOWER-094,FALSE
CDR1900,P205,P496,2026-04-07 22:16:00,22,Voice,TOWER-077,FALSE
CDR1901,P463,P051,2026-05-04 09:23:00,355,SMS,TOWER-062,FALSE
CDR1902,P458,P134,2026-04-08 13:05:00,410,SMS,TOWER-031,FALSE
CDR1903,P472,P155,2026-04-27 23:26:00,627,Voice,TOWER-005,FALSE
CDR1904,P306,P160,2026-07-31 17:40:00,498,Voice,TOWER-034,FALSE
CDR1905,P089,P289,2026-06-05 14:09:00,510,SMS,TOWER-095,FALSE
CDR1906,P224,P348,2026-02-04 04:11:00,476,SMS,TOWER-036,FALSE
CDR1907,P449,P166,2026-03-19 06:55:00,415,SMS,TOWER-011,FALSE
CDR1908,P412,P297,2026-07-17 10:05:00,873,SMS,TOWER-054,FALSE
CDR1909,P072,P350,2026-04-04 08:31:00,879,SMS,TOWER-017,FALSE
CDR1910,P394,P103,2026-05-22 03:46:00,423,Voice,TOWER-048,FALSE
CDR1911,P129,P070,2026-04-19 02:39:00,99,SMS,TOWER-067,FALSE
CDR1912,P214,P284,2026-08-10 16:54:00,71,Voice,TOWER-058,FALSE
CDR1913,P103,P155,2026-06-23 01:54:00,180,Voice,TOWER-002,FALSE
CDR1914,P157,P044,2026-07-08 05:49:00,51,SMS,TOWER-084,FALSE
CDR1915,P153,P291,2026-07-24 15:41:00,307,Voice,TOWER-047,FALSE
CDR1916,P475,P322,2026-05-30 23:12:00,448,Voice,TOWER-044,FALSE
CDR1917,P237,P280,2026-01-14 06:59:00,263,SMS,TOWER-035,FALSE
CDR1918,P094,P193,2026-06-04 16:00:00,261,Voice,TOWER-004,FALSE
CDR1919,P401,P449,2026-05-25 07:25:00,460,Voice,TOWER-003,FALSE
CDR1920,P427,P224,2026-05-28 07:01:00,820,Voice,TOWER-071,FALSE
CDR1921,P050,P071,2026-02-19 09:14:00,197,SMS,TOWER-053,FALSE
CDR1922,P270,P227,2026-06-23 01:53:00,667,SMS,TOWER-100,FALSE
CDR1923,P356,P161,2026-01-30 14:15:00,799,SMS,TOWER-066,FALSE
CDR1924,P258,P479,2026-07-04 14:48:00,233,SMS,TOWER-087,FALSE
CDR1925,P351,P365,2026-08-06 15:36:00,57,SMS,TOWER-061,FALSE
CDR1926,P184,P240,2026-03-16 17:28:00,219,SMS,TOWER-088,FALSE
CDR1927,P182,P219,2026-03-03 14:08:00,720,SMS,TOWER-052,FALSE
CDR1928,P239,P216,2026-01-09 18:19:00,332,SMS,TOWER-003,FALSE
CDR1929,P493,P211,2026-04-21 04:53:00,152,Voice,TOWER-089,FALSE
CDR1930,P237,P015,2026-06-15 19:26:00,673,SMS,TOWER-098,FALSE
CDR1931,P468,P287,2026-01-29 07:23:00,421,SMS,TOWER-004,FALSE
CDR1932,P014,P491,2026-05-29 05:35:00,201,Voice,TOWER-098,FALSE
CDR1933,P393,P216,2026-01-26 09:17:00,176,Voice,TOWER-061,FALSE
CDR1934,P046,P387,2026-03-11 18:43:00,604,Voice,TOWER-099,FALSE
CDR1935,P072,P315,2026-07-05 07:26:00,92,Voice,TOWER-063,FALSE
CDR1936,P465,P155,2026-02-13 16:33:00,438,SMS,TOWER-099,FALSE
CDR1937,P403,P125,2026-03-16 07:13:00,248,SMS,TOWER-012,FALSE
CDR1938,P298,P263,2026-06-16 14:03:00,16,SMS,TOWER-040,FALSE
CDR1939,P192,P066,2026-08-11 08:46:00,424,SMS,TOWER-021,FALSE
CDR1940,P318,P279,2026-01-11 23:57:00,722,Voice,TOWER-012,FALSE
CDR1941,P461,P290,2026-03-28 10:28:00,319,Voice,TOWER-015,FALSE
CDR1942,P450,P151,2026-04-13 18:34:00,589,SMS,TOWER-058,FALSE
CDR1943,P028,P387,2026-01-10 18:02:00,623,Voice,TOWER-009,FALSE
CDR1944,P433,P202,2026-08-13 14:49:00,561,SMS,TOWER-025,FALSE
CDR1945,P065,P207,2026-01-01 17:24:00,631,Voice,TOWER-035,FALSE
CDR1946,P344,P004,2026-03-26 11:14:00,534,SMS,TOWER-085,FALSE
CDR1947,P237,P414,2026-03-31 07:58:00,724,Voice,TOWER-089,FALSE
CDR1948,P391,P448,2026-01-28 10:22:00,561,Voice,TOWER-054,FALSE
CDR1949,P266,P236,2026-06-21 15:49:00,15,SMS,TOWER-082,FALSE
CDR1950,P430,P028,2026-05-18 05:26:00,287,Voice,TOWER-087,FALSE
CDR1951,P044,P029,2026-02-11 11:15:00,670,Voice,TOWER-014,FALSE
CDR1952,P139,P425,2026-05-19 05:06:00,268,Voice,TOWER-084,FALSE
CDR1953,P333,P055,2026-07-06 01:12:00,11,Voice,TOWER-058,FALSE
CDR1954,P171,P305,2026-01-17 21:17:00,65,Voice,TOWER-053,FALSE
CDR1955,P050,P421,2026-04-19 14:58:00,59,Voice,TOWER-004,FALSE
CDR1956,P149,P290,2026-07-06 20:12:00,42,Voice,TOWER-059,FALSE
CDR1957,P247,P354,2026-02-28 00:16:00,551,Voice,TOWER-077,FALSE
CDR1958,P170,P443,2026-05-31 22:59:00,676,SMS,TOWER-039,FALSE
CDR1959,P032,P063,2026-07-11 17:18:00,40,Voice,TOWER-059,FALSE
CDR1960,P380,P300,2026-02-23 15:10:00,685,SMS,TOWER-073,FALSE
CDR1961,P346,P262,2026-03-08 22:30:00,488,SMS,TOWER-012,FALSE
CDR1962,P379,P368,2026-01-28 09:38:00,12,SMS,TOWER-076,FALSE
CDR1963,P028,P360,2026-02-10 21:34:00,404,Voice,TOWER-022,FALSE
CDR1964,P105,P265,2026-06-21 22:33:00,145,Voice,TOWER-072,FALSE
CDR1965,P074,P288,2026-01-13 01:10:00,870,Voice,TOWER-031,FALSE
CDR1966,P380,P496,2026-08-16 12:27:00,68,Voice,TOWER-054,FALSE
CDR1967,P254,P070,2026-03-12 20:36:00,280,SMS,TOWER-035,FALSE
CDR1968,P115,P459,2026-03-21 11:54:00,619,SMS,TOWER-081,FALSE
CDR1969,P346,P328,2026-03-08 22:46:00,352,SMS,TOWER-001,FALSE
CDR1970,P437,P080,2026-01-30 13:44:00,763,SMS,TOWER-085,FALSE
CDR1971,P155,P322,2026-02-21 22:05:00,683,SMS,TOWER-028,FALSE
CDR1972,P160,P369,2026-05-29 11:36:00,609,Voice,TOWER-020,FALSE
CDR1973,P480,P004,2026-03-23 03:06:00,264,Voice,TOWER-024,FALSE
CDR1974,P413,P249,2026-07-20 17:30:00,593,SMS,TOWER-052,FALSE
CDR1975,P320,P353,2026-01-22 09:47:00,395,SMS,TOWER-001,FALSE
CDR1976,P103,P059,2026-02-18 00:12:00,310,Voice,TOWER-049,FALSE
CDR1977,P035,P001,2026-04-26 20:52:00,793,SMS,TOWER-006,FALSE
CDR1978,P079,P310,2026-05-09 03:12:00,725,SMS,TOWER-033,FALSE
CDR1979,P451,P062,2026-07-02 11:50:00,726,SMS,TOWER-048,FALSE
CDR1980,P267,P050,2026-04-12 08:32:00,258,SMS,TOWER-090,FALSE
CDR1981,P127,P105,2026-04-10 00:34:00,532,Voice,TOWER-016,FALSE
CDR1982,P054,P243,2026-05-09 06:15:00,593,SMS,TOWER-064,FALSE
CDR1983,P013,P427,2026-04-01 13:46:00,293,SMS,TOWER-053,FALSE
CDR1984,P259,P228,2026-02-25 10:33:00,140,Voice,TOWER-055,FALSE
CDR1985,P201,P029,2026-01-14 23:53:00,836,SMS,TOWER-078,FALSE
CDR1986,P475,P063,2026-08-16 12:42:00,427,SMS,TOWER-075,FALSE
CDR1987,P154,P208,2026-01-27 19:54:00,605,SMS,TOWER-073,FALSE
CDR1988,P248,P095,2026-06-26 10:30:00,885,Voice,TOWER-018,FALSE
CDR1989,P420,P121,2026-01-19 09:15:00,200,SMS,TOWER-024,FALSE
CDR1990,P431,P435,2026-03-02 08:39:00,587,Voice,TOWER-002,FALSE
CDR1991,P280,P134,2026-05-20 17:58:00,84,SMS,TOWER-073,FALSE
CDR1992,P421,P314,2026-08-01 09:53:00,203,SMS,TOWER-049,FALSE
CDR1993,P349,P225,2026-08-11 04:38:00,625,Voice,TOWER-076,FALSE
CDR1994,P440,P337,2026-08-08 14:51:00,761,Voice,TOWER-028,FALSE
CDR1995,P316,P064,2026-04-27 17:35:00,762,SMS,TOWER-052,FALSE
CDR1996,P222,P075,2026-07-22 10:12:00,737,SMS,TOWER-058,FALSE
CDR1997,P326,P012,2026-08-11 10:15:00,809,SMS,TOWER-002,FALSE
CDR1998,P095,P073,2026-04-20 15:07:00,270,Voice,TOWER-007,FALSE
CDR1999,P420,P382,2026-07-10 12:17:00,836,SMS,TOWER-078,FALSE
CDR2000,P337,P124,2026-03-31 22:29:00,214,Voice,TOWER-098,FALSE
CDR2001,P088,P262,2026-08-07 06:25:00,139,SMS,TOWER-002,FALSE
CDR2002,P380,P359,2026-01-11 16:17:00,78,SMS,TOWER-039,FALSE
CDR2003,P280,P103,2026-01-19 02:01:00,684,SMS,TOWER-052,FALSE
CDR2004,P244,P246,2026-02-23 10:42:00,751,Voice,TOWER-040,FALSE
CDR2005,P149,P342,2026-03-24 14:03:00,301,Voice,TOWER-028,FALSE
CDR2006,P052,P492,2026-04-20 09:58:00,219,SMS,TOWER-042,FALSE
CDR2007,P302,P253,2026-02-25 10:52:00,873,SMS,TOWER-017,FALSE
CDR2008,P189,P342,2026-01-13 01:51:00,563,SMS,TOWER-083,FALSE
CDR2009,P141,P201,2026-04-30 03:20:00,402,SMS,TOWER-021,FALSE
CDR2010,P198,P358,2026-02-19 07:25:00,21,SMS,TOWER-080,FALSE
CDR2011,P410,P055,2026-02-25 02:21:00,197,Voice,TOWER-044,FALSE
CDR2012,P238,P214,2026-03-26 12:21:00,506,SMS,TOWER-055,FALSE
CDR2013,P417,P218,2026-08-10 14:18:00,114,SMS,TOWER-072,FALSE
CDR2014,P076,P015,2026-08-14 21:29:00,592,Voice,TOWER-084,FALSE
CDR2015,P146,P235,2026-05-15 17:17:00,144,Voice,TOWER-011,FALSE
CDR2016,P062,P289,2026-06-22 12:38:00,261,Voice,TOWER-058,FALSE
CDR2017,P200,P006,2026-08-13 03:57:00,112,SMS,TOWER-074,FALSE
CDR2018,P298,P156,2026-05-02 07:35:00,166,SMS,TOWER-001,FALSE
CDR2019,P018,P331,2026-04-23 17:30:00,324,SMS,TOWER-033,FALSE
CDR2020,P334,P458,2026-02-13 21:05:00,335,Voice,TOWER-010,FALSE
CDR2021,P337,P318,2026-03-12 16:41:00,643,SMS,TOWER-052,FALSE
CDR2022,P228,P022,2026-02-05 07:00:00,518,SMS,TOWER-064,FALSE
CDR2023,P465,P182,2026-03-13 12:36:00,85,SMS,TOWER-045,FALSE
CDR2024,P493,P072,2026-01-23 14:43:00,98,Voice,TOWER-006,FALSE
CDR2025,P240,P452,2026-02-23 09:07:00,863,Voice,TOWER-076,FALSE
CDR2026,P371,P235,2026-03-14 04:33:00,208,Voice,TOWER-059,FALSE
CDR2027,P142,P005,2026-01-15 16:16:00,759,Voice,TOWER-038,FALSE
CDR2028,P082,P184,2026-04-24 01:16:00,469,SMS,TOWER-071,FALSE
CDR2029,P257,P439,2026-08-10 16:56:00,287,SMS,TOWER-056,TRUE
CDR2030,P441,P258,2026-01-10 08:19:00,557,SMS,TOWER-017,FALSE
CDR2031,P108,P179,2026-03-24 02:23:00,77,Voice,TOWER-089,FALSE
CDR2032,P463,P362,2026-06-21 06:43:00,88,Voice,TOWER-061,FALSE
CDR2033,P269,P200,2026-01-13 10:06:00,714,SMS,TOWER-012,FALSE
CDR2034,P263,P033,2026-06-25 23:19:00,683,Voice,TOWER-069,FALSE
CDR2035,P090,P336,2026-08-04 22:29:00,284,SMS,TOWER-050,FALSE
CDR2036,P078,P181,2026-03-12 02:50:00,47,Voice,TOWER-072,FALSE
CDR2037,P336,P369,2026-05-09 21:27:00,362,SMS,TOWER-070,FALSE
CDR2038,P289,P174,2026-01-29 18:46:00,837,Voice,TOWER-042,FALSE
CDR2039,P236,P367,2026-06-14 12:41:00,745,SMS,TOWER-086,FALSE
CDR2040,P440,P403,2026-05-14 03:55:00,692,Voice,TOWER-051,FALSE
CDR2041,P072,P143,2026-01-18 01:44:00,850,SMS,TOWER-001,FALSE
CDR2042,P402,P391,2026-01-19 09:57:00,611,Voice,TOWER-002,FALSE
CDR2043,P338,P156,2026-04-24 09:46:00,329,Voice,TOWER-070,FALSE
CDR2044,P473,P202,2026-04-11 14:16:00,789,Voice,TOWER-078,FALSE
CDR2045,P035,P470,2026-07-18 18:25:00,93,Voice,TOWER-088,FALSE
CDR2046,P430,P331,2026-03-18 02:19:00,413,Voice,TOWER-099,FALSE
CDR2047,P248,P193,2026-01-15 12:42:00,390,SMS,TOWER-088,FALSE
CDR2048,P493,P242,2026-04-12 11:19:00,720,Voice,TOWER-085,FALSE
CDR2049,P311,P338,2026-06-11 22:51:00,22,Voice,TOWER-051,FALSE
CDR2050,P093,P295,2026-04-28 03:01:00,724,SMS,TOWER-012,FALSE
CDR2051,P363,P475,2026-05-20 03:09:00,457,Voice,TOWER-027,FALSE
CDR2052,P260,P398,2026-03-28 04:34:00,437,Voice,TOWER-026,FALSE
CDR2053,P338,P270,2026-01-21 04:54:00,629,SMS,TOWER-039,FALSE
CDR2054,P133,P067,2026-04-06 23:47:00,525,Voice,TOWER-098,FALSE
CDR2055,P358,P166,2026-06-07 06:53:00,527,SMS,TOWER-006,FALSE
CDR2056,P302,P490,2026-08-06 05:00:00,705,Voice,TOWER-077,FALSE
CDR2057,P298,P179,2026-08-12 23:07:00,869,SMS,TOWER-029,FALSE
CDR2058,P300,P317,2026-01-29 17:05:00,707,Voice,TOWER-050,FALSE
CDR2059,P425,P207,2026-05-18 20:00:00,353,SMS,TOWER-071,FALSE
CDR2060,P035,P024,2026-05-04 05:53:00,361,Voice,TOWER-052,FALSE
CDR2061,P016,P437,2026-03-29 17:37:00,132,Voice,TOWER-077,FALSE
CDR2062,P376,P082,2026-05-27 19:53:00,475,Voice,TOWER-019,FALSE
CDR2063,P119,P050,2026-01-07 14:04:00,625,SMS,TOWER-087,FALSE
CDR2064,P341,P055,2026-01-03 13:15:00,289,SMS,TOWER-092,FALSE
CDR2065,P256,P479,2026-04-12 09:42:00,753,Voice,TOWER-069,FALSE
CDR2066,P348,P244,2026-02-20 02:15:00,211,Voice,TOWER-057,FALSE
CDR2067,P166,P390,2026-01-24 03:04:00,773,Voice,TOWER-080,FALSE
CDR2068,P119,P396,2026-07-28 08:47:00,259,SMS,TOWER-054,FALSE
CDR2069,P414,P470,2026-06-26 22:00:00,427,Voice,TOWER-053,FALSE
CDR2070,P376,P408,2026-03-07 11:08:00,729,SMS,TOWER-001,FALSE
CDR2071,P122,P054,2026-05-13 06:34:00,23,Voice,TOWER-096,FALSE
CDR2072,P461,P451,2026-05-20 22:39:00,557,SMS,TOWER-003,FALSE
CDR2073,P090,P373,2026-02-17 05:41:00,842,SMS,TOWER-001,FALSE
CDR2074,P457,P197,2026-03-20 16:09:00,539,SMS,TOWER-007,FALSE
CDR2075,P387,P499,2026-05-01 09:12:00,63,SMS,TOWER-031,FALSE
CDR2076,P216,P473,2026-01-16 02:53:00,254,SMS,TOWER-002,FALSE
CDR2077,P033,P032,2026-05-16 01:32:00,758,Voice,TOWER-083,FALSE
CDR2078,P314,P129,2026-06-06 04:05:00,18,Voice,TOWER-002,FALSE
CDR2079,P059,P020,2026-03-20 18:32:00,616,Voice,TOWER-022,FALSE
CDR2080,P434,P384,2026-01-22 08:56:00,252,Voice,TOWER-019,FALSE
CDR2081,P038,P227,2026-05-13 19:59:00,632,SMS,TOWER-044,FALSE
CDR2082,P391,P192,2026-02-27 13:19:00,795,SMS,TOWER-097,FALSE
CDR2083,P311,P324,2026-05-16 02:05:00,722,SMS,TOWER-030,FALSE
CDR2084,P431,P016,2026-02-10 19:39:00,854,Voice,TOWER-051,FALSE
CDR2085,P473,P090,2026-01-16 04:01:00,743,SMS,TOWER-006,FALSE
CDR2086,P165,P056,2026-02-18 10:35:00,484,SMS,TOWER-064,FALSE
CDR2087,P358,P231,2026-04-18 12:09:00,273,SMS,TOWER-081,FALSE
CDR2088,P194,P069,2026-08-04 00:10:00,54,SMS,TOWER-037,FALSE
CDR2089,P327,P294,2026-07-22 17:42:00,298,SMS,TOWER-043,FALSE
CDR2090,P285,P103,2026-03-23 23:12:00,137,Voice,TOWER-081,FALSE
CDR2091,P101,P130,2026-07-24 06:36:00,571,SMS,TOWER-045,FALSE
CDR2092,P252,P225,2026-08-18 02:28:00,226,SMS,TOWER-037,FALSE
CDR2093,P348,P147,2026-05-01 05:04:00,425,Voice,TOWER-022,FALSE
CDR2094,P116,P104,2026-08-06 09:41:00,389,Voice,TOWER-016,FALSE
CDR2095,P380,P083,2026-06-29 14:43:00,63,SMS,TOWER-090,FALSE
CDR2096,P223,P417,2026-05-29 07:55:00,250,SMS,TOWER-014,FALSE
CDR2097,P271,P415,2026-06-02 22:00:00,327,SMS,TOWER-004,FALSE
CDR2098,P405,P099,2026-06-12 23:34:00,469,Voice,TOWER-097,FALSE
CDR2099,P045,P299,2026-06-03 11:59:00,425,Voice,TOWER-017,FALSE
CDR2100,P013,P323,2026-03-13 15:08:00,74,SMS,TOWER-065,FALSE
CDR2101,P492,P343,2026-05-13 22:52:00,393,Voice,TOWER-088,FALSE
CDR2102,P050,P105,2026-01-02 14:10:00,245,Voice,TOWER-055,FALSE
CDR2103,P018,P415,2026-06-30 23:17:00,333,SMS,TOWER-007,FALSE
CDR2104,P072,P458,2026-05-07 06:55:00,595,Voice,TOWER-048,FALSE
CDR2105,P003,P185,2026-02-16 22:46:00,319,Voice,TOWER-027,FALSE
CDR2106,P397,P209,2026-03-31 07:25:00,324,SMS,TOWER-073,FALSE
CDR2107,P291,P280,2026-04-07 14:38:00,394,SMS,TOWER-094,FALSE
CDR2108,P443,P037,2026-05-14 00:37:00,706,SMS,TOWER-089,FALSE
CDR2109,P175,P095,2026-06-20 05:24:00,336,SMS,TOWER-016,FALSE
CDR2110,P350,P374,2026-07-28 12:03:00,91,SMS,TOWER-056,FALSE
CDR2111,P491,P467,2026-04-20 08:26:00,424,Voice,TOWER-055,FALSE
CDR2112,P373,P329,2026-05-01 04:26:00,136,Voice,TOWER-025,FALSE
CDR2113,P271,P255,2026-04-28 08:01:00,516,SMS,TOWER-081,FALSE
CDR2114,P098,P427,2026-07-23 17:33:00,570,Voice,TOWER-048,FALSE
CDR2115,P107,P293,2026-06-20 15:37:00,200,Voice,TOWER-096,FALSE
CDR2116,P424,P243,2026-06-24 03:10:00,830,Voice,TOWER-070,FALSE
CDR2117,P257,P181,2026-04-07 14:44:00,16,Voice,TOWER-073,FALSE
CDR2118,P183,P317,2026-03-09 13:52:00,627,SMS,TOWER-056,FALSE
CDR2119,P461,P287,2026-06-27 23:48:00,204,Voice,TOWER-089,FALSE
CDR2120,P437,P071,2026-08-08 19:14:00,227,Voice,TOWER-027,FALSE
CDR2121,P411,P035,2026-07-25 21:36:00,424,SMS,TOWER-034,FALSE
CDR2122,P225,P219,2026-01-15 12:48:00,584,Voice,TOWER-042,FALSE
CDR2123,P321,P193,2026-03-29 09:47:00,845,SMS,TOWER-059,FALSE
CDR2124,P448,P037,2026-05-17 22:04:00,617,Voice,TOWER-034,FALSE
CDR2125,P292,P041,2026-03-02 04:44:00,252,Voice,TOWER-029,FALSE
CDR2126,P066,P401,2026-07-14 18:10:00,677,Voice,TOWER-006,FALSE
CDR2127,P265,P153,2026-02-19 18:09:00,196,Voice,TOWER-074,FALSE
CDR2128,P052,P061,2026-02-04 04:41:00,10,Voice,TOWER-055,FALSE
CDR2129,P256,P119,2026-08-13 14:05:00,789,Voice,TOWER-067,FALSE
CDR2130,P027,P308,2026-04-12 13:04:00,227,SMS,TOWER-064,FALSE
CDR2131,P277,P170,2026-01-26 16:55:00,547,Voice,TOWER-078,FALSE
CDR2132,P012,P115,2026-01-04 07:27:00,504,SMS,TOWER-042,FALSE
CDR2133,P421,P482,2026-01-31 14:54:00,285,SMS,TOWER-017,FALSE
CDR2134,P149,P473,2026-05-22 15:10:00,463,SMS,TOWER-056,FALSE
CDR2135,P425,P129,2026-07-26 22:42:00,647,Voice,TOWER-026,FALSE
CDR2136,P200,P361,2026-07-20 15:42:00,137,Voice,TOWER-001,FALSE
CDR2137,P184,P035,2026-05-24 05:07:00,261,Voice,TOWER-087,FALSE
CDR2138,P447,P081,2026-02-26 08:00:00,786,SMS,TOWER-081,FALSE
CDR2139,P496,P148,2026-02-24 19:30:00,514,SMS,TOWER-060,FALSE
CDR2140,P039,P274,2026-06-19 23:30:00,87,SMS,TOWER-093,FALSE
CDR2141,P295,P124,2026-07-04 07:31:00,44,SMS,TOWER-052,FALSE
CDR2142,P437,P266,2026-04-19 18:24:00,38,SMS,TOWER-001,FALSE
CDR2143,P478,P313,2026-03-17 11:43:00,63,Voice,TOWER-049,FALSE
CDR2144,P257,P160,2026-01-13 13:55:00,330,Voice,TOWER-080,FALSE
CDR2145,P205,P317,2026-07-03 06:58:00,148,SMS,TOWER-011,FALSE
CDR2146,P030,P280,2026-01-14 16:29:00,820,SMS,TOWER-094,FALSE
CDR2147,P358,P457,2026-01-20 12:45:00,517,SMS,TOWER-003,FALSE
CDR2148,P057,P299,2026-06-08 03:13:00,786,SMS,TOWER-065,FALSE
CDR2149,P242,P480,2026-03-02 19:18:00,440,Voice,TOWER-048,FALSE
CDR2150,P470,P135,2026-07-27 05:31:00,872,SMS,TOWER-021,FALSE
CDR2151,P335,P016,2026-01-06 00:31:00,260,SMS,TOWER-025,FALSE
CDR2152,P017,P174,2026-07-05 02:05:00,375,SMS,TOWER-034,FALSE
CDR2153,P216,P134,2026-05-30 20:49:00,299,SMS,TOWER-035,FALSE
CDR2154,P103,P172,2026-04-25 17:02:00,671,Voice,TOWER-014,FALSE
CDR2155,P455,P392,2026-07-10 07:35:00,611,SMS,TOWER-096,FALSE
CDR2156,P031,P072,2026-07-29 02:26:00,735,SMS,TOWER-077,FALSE
CDR2157,P105,P281,2026-01-29 04:12:00,733,SMS,TOWER-005,FALSE
CDR2158,P419,P376,2026-08-03 13:11:00,332,SMS,TOWER-002,FALSE
CDR2159,P169,P474,2026-04-13 16:59:00,829,Voice,TOWER-019,FALSE
CDR2160,P388,P340,2026-06-01 19:19:00,456,SMS,TOWER-028,FALSE
CDR2161,P468,P450,2026-02-16 10:37:00,237,SMS,TOWER-049,FALSE
CDR2162,P032,P121,2026-02-06 22:18:00,170,Voice,TOWER-085,FALSE
CDR2163,P253,P038,2026-02-07 23:38:00,305,SMS,TOWER-030,FALSE
CDR2164,P413,P486,2026-04-02 13:26:00,726,Voice,TOWER-024,FALSE
CDR2165,P289,P464,2026-06-13 23:55:00,725,Voice,TOWER-018,FALSE
CDR2166,P313,P360,2026-03-12 07:24:00,553,SMS,TOWER-064,FALSE
CDR2167,P428,P392,2026-04-20 06:56:00,662,Voice,TOWER-044,FALSE
CDR2168,P414,P019,2026-05-25 19:04:00,774,SMS,TOWER-009,FALSE
CDR2169,P178,P037,2026-07-06 22:05:00,548,Voice,TOWER-017,FALSE
CDR2170,P487,P214,2026-03-16 15:34:00,668,SMS,TOWER-008,FALSE
CDR2171,P307,P379,2026-05-01 02:04:00,878,SMS,TOWER-009,FALSE
CDR2172,P314,P476,2026-05-22 05:48:00,403,Voice,TOWER-094,FALSE
CDR2173,P042,P455,2026-03-14 19:00:00,271,SMS,TOWER-052,FALSE
CDR2174,P283,P246,2026-04-22 09:24:00,598,SMS,TOWER-051,FALSE
CDR2175,P485,P067,2026-01-09 22:05:00,342,SMS,TOWER-088,FALSE
CDR2176,P139,P371,2026-06-11 14:10:00,590,SMS,TOWER-025,FALSE
CDR2177,P022,P054,2026-07-17 04:22:00,13,SMS,TOWER-020,FALSE
CDR2178,P019,P255,2026-03-15 07:15:00,132,Voice,TOWER-070,FALSE
CDR2179,P260,P116,2026-01-22 14:38:00,154,SMS,TOWER-011,FALSE
CDR2180,P333,P180,2026-05-20 21:06:00,17,Voice,TOWER-054,FALSE
CDR2181,P221,P245,2026-04-28 11:22:00,336,SMS,TOWER-088,FALSE
CDR2182,P156,P401,2026-07-04 10:27:00,294,SMS,TOWER-064,FALSE
CDR2183,P436,P449,2026-07-10 07:45:00,340,SMS,TOWER-097,FALSE
CDR2184,P498,P117,2026-05-11 12:23:00,370,Voice,TOWER-023,FALSE
CDR2185,P011,P477,2026-04-03 18:10:00,291,Voice,TOWER-001,FALSE
CDR2186,P029,P014,2026-01-20 01:01:00,467,SMS,TOWER-067,FALSE
CDR2187,P397,P401,2026-06-01 01:40:00,886,Voice,TOWER-038,FALSE
CDR2188,P416,P101,2026-01-21 22:21:00,434,SMS,TOWER-046,FALSE
CDR2189,P274,P312,2026-04-03 23:19:00,167,Voice,TOWER-033,FALSE
CDR2190,P441,P195,2026-04-21 03:36:00,798,SMS,TOWER-038,FALSE
CDR2191,P350,P351,2026-01-02 19:09:00,878,Voice,TOWER-026,FALSE
CDR2192,P378,P010,2026-07-12 16:57:00,557,SMS,TOWER-003,FALSE
CDR2193,P283,P247,2026-07-06 14:48:00,866,SMS,TOWER-061,FALSE
CDR2194,P027,P199,2026-01-16 06:05:00,473,Voice,TOWER-032,FALSE
CDR2195,P393,P194,2026-05-29 14:59:00,647,SMS,TOWER-035,FALSE
CDR2196,P357,P065,2026-02-26 00:38:00,534,SMS,TOWER-008,FALSE
CDR2197,P221,P360,2026-03-05 02:49:00,720,SMS,TOWER-094,FALSE
CDR2198,P219,P282,2026-01-18 15:53:00,763,Voice,TOWER-004,FALSE
CDR2199,P071,P060,2026-08-10 15:01:00,294,Voice,TOWER-028,FALSE
CDR2200,P225,P061,2026-04-08 23:33:00,22,SMS,TOWER-082,FALSE
CDR2201,P460,P316,2026-01-25 02:34:00,497,SMS,TOWER-074,FALSE
CDR2202,P463,P189,2026-06-27 07:17:00,289,SMS,TOWER-020,FALSE
CDR2203,P181,P100,2026-07-22 03:44:00,224,SMS,TOWER-050,FALSE
CDR2204,P176,P224,2026-08-10 20:57:00,23,SMS,TOWER-041,FALSE
CDR2205,P471,P030,2026-01-16 09:04:00,372,SMS,TOWER-097,FALSE
CDR2206,P122,P119,2026-06-29 04:24:00,531,Voice,TOWER-074,FALSE
CDR2207,P048,P302,2026-04-28 04:31:00,664,Voice,TOWER-074,FALSE
CDR2208,P006,P117,2026-04-02 11:08:00,354,Voice,TOWER-018,FALSE
CDR2209,P212,P383,2026-06-07 08:35:00,744,SMS,TOWER-035,TRUE
CDR2210,P386,P455,2026-02-23 13:43:00,838,Voice,TOWER-030,FALSE
CDR2211,P414,P407,2026-02-02 18:38:00,553,Voice,TOWER-043,FALSE
CDR2212,P275,P291,2026-07-09 12:56:00,871,Voice,TOWER-060,FALSE
CDR2213,P024,P411,2026-03-11 14:49:00,167,Voice,TOWER-030,FALSE
CDR2214,P008,P448,2026-02-05 02:05:00,460,SMS,TOWER-061,FALSE
CDR2215,P369,P128,2026-04-15 00:30:00,481,SMS,TOWER-079,FALSE
CDR2216,P417,P030,2026-05-14 00:02:00,126,SMS,TOWER-009,FALSE
CDR2217,P040,P030,2026-07-06 22:54:00,765,SMS,TOWER-088,FALSE
CDR2218,P065,P225,2026-07-10 07:15:00,216,Voice,TOWER-065,FALSE
CDR2219,P093,P145,2026-07-10 01:09:00,142,SMS,TOWER-083,FALSE
CDR2220,P023,P161,2026-07-09 07:49:00,723,SMS,TOWER-014,FALSE
CDR2221,P180,P309,2026-07-27 17:33:00,260,Voice,TOWER-022,FALSE
CDR2222,P336,P456,2026-06-06 07:49:00,668,SMS,TOWER-093,FALSE
CDR2223,P126,P150,2026-07-19 18:03:00,647,SMS,TOWER-022,FALSE
CDR2224,P067,P311,2026-06-17 04:57:00,502,SMS,TOWER-067,FALSE
CDR2225,P204,P246,2026-03-18 09:08:00,464,Voice,TOWER-090,FALSE
CDR2226,P337,P063,2026-01-01 21:44:00,196,Voice,TOWER-085,FALSE
CDR2227,P337,P040,2026-02-01 11:25:00,841,Voice,TOWER-060,FALSE
CDR2228,P040,P129,2026-07-16 22:18:00,311,Voice,TOWER-049,FALSE
CDR2229,P481,P279,2026-05-12 17:34:00,586,SMS,TOWER-054,FALSE
CDR2230,P106,P254,2026-08-15 18:36:00,866,Voice,TOWER-054,FALSE
CDR2231,P362,P377,2026-02-25 14:51:00,481,Voice,TOWER-029,FALSE
CDR2232,P417,P183,2026-06-22 11:45:00,649,Voice,TOWER-020,FALSE
CDR2233,P460,P469,2026-03-04 08:31:00,705,Voice,TOWER-005,FALSE
CDR2234,P440,P113,2026-06-05 23:31:00,289,SMS,TOWER-008,FALSE
CDR2235,P228,P366,2026-07-21 01:06:00,487,SMS,TOWER-075,FALSE
CDR2236,P155,P483,2026-04-28 14:04:00,82,SMS,TOWER-054,FALSE
CDR2237,P188,P400,2026-06-30 17:36:00,217,Voice,TOWER-070,FALSE
CDR2238,P283,P150,2026-07-16 21:28:00,50,SMS,TOWER-096,FALSE
CDR2239,P445,P335,2026-03-18 12:09:00,77,SMS,TOWER-075,FALSE
CDR2240,P126,P270,2026-01-24 14:14:00,626,Voice,TOWER-072,FALSE
CDR2241,P458,P137,2026-07-31 13:07:00,532,SMS,TOWER-022,FALSE
CDR2242,P164,P358,2026-05-28 10:49:00,225,SMS,TOWER-071,FALSE
CDR2243,P278,P258,2026-07-06 07:32:00,220,Voice,TOWER-020,FALSE
CDR2244,P054,P028,2026-01-07 03:37:00,418,Voice,TOWER-020,FALSE
CDR2245,P178,P462,2026-03-28 13:53:00,707,Voice,TOWER-024,FALSE
CDR2246,P211,P362,2026-02-11 16:39:00,815,Voice,TOWER-081,FALSE
CDR2247,P487,P319,2026-05-02 12:15:00,570,Voice,TOWER-020,FALSE
CDR2248,P249,P144,2026-07-26 11:09:00,562,SMS,TOWER-084,FALSE
CDR2249,P041,P105,2026-02-05 18:53:00,147,Voice,TOWER-084,FALSE
CDR2250,P467,P071,2026-06-27 20:10:00,421,SMS,TOWER-092,FALSE
CDR2251,P431,P500,2026-08-05 23:50:00,131,Voice,TOWER-059,FALSE
CDR2252,P267,P119,2026-08-02 09:44:00,502,Voice,TOWER-076,FALSE
CDR2253,P157,P380,2026-07-22 00:14:00,576,Voice,TOWER-029,FALSE
CDR2254,P284,P108,2026-04-11 02:07:00,533,SMS,TOWER-085,FALSE
CDR2255,P063,P191,2026-04-21 14:32:00,475,Voice,TOWER-032,FALSE
CDR2256,P372,P418,2026-04-26 02:50:00,512,SMS,TOWER-059,FALSE
CDR2257,P404,P073,2026-07-06 01:28:00,892,Voice,TOWER-025,FALSE
CDR2258,P019,P121,2026-05-04 04:16:00,466,Voice,TOWER-063,FALSE
CDR2259,P358,P226,2026-06-11 00:31:00,113,Voice,TOWER-085,FALSE
CDR2260,P333,P392,2026-03-21 09:05:00,347,SMS,TOWER-081,FALSE
CDR2261,P233,P488,2026-01-16 13:11:00,796,SMS,TOWER-057,FALSE
CDR2262,P059,P011,2026-01-12 22:02:00,669,Voice,TOWER-068,FALSE
CDR2263,P256,P429,2026-06-24 04:40:00,701,Voice,TOWER-067,FALSE
CDR2264,P018,P139,2026-04-10 16:55:00,296,SMS,TOWER-006,FALSE
CDR2265,P143,P302,2026-04-24 07:07:00,531,Voice,TOWER-014,FALSE
CDR2266,P197,P154,2026-01-28 19:09:00,325,SMS,TOWER-007,FALSE
CDR2267,P424,P495,2026-02-07 06:48:00,242,SMS,TOWER-007,FALSE
CDR2268,P044,P031,2026-03-14 06:06:00,464,Voice,TOWER-042,FALSE
CDR2269,P143,P438,2026-08-17 13:40:00,848,Voice,TOWER-096,FALSE
CDR2270,P313,P197,2026-01-14 15:27:00,458,SMS,TOWER-080,FALSE
CDR2271,P254,P010,2026-06-12 12:46:00,155,Voice,TOWER-082,FALSE
CDR2272,P442,P196,2026-04-21 03:44:00,652,SMS,TOWER-046,FALSE
CDR2273,P197,P228,2026-06-05 05:31:00,279,SMS,TOWER-061,FALSE
CDR2274,P023,P115,2026-07-29 04:06:00,35,Voice,TOWER-099,FALSE
CDR2275,P106,P195,2026-06-04 02:29:00,447,SMS,TOWER-003,FALSE
CDR2276,P095,P338,2026-01-25 04:09:00,147,SMS,TOWER-062,FALSE
CDR2277,P221,P273,2026-03-21 14:24:00,528,Voice,TOWER-016,FALSE
CDR2278,P027,P339,2026-05-10 06:37:00,520,SMS,TOWER-058,FALSE
CDR2279,P157,P017,2026-02-28 07:33:00,730,Voice,TOWER-085,FALSE
CDR2280,P278,P391,2026-06-09 21:37:00,531,SMS,TOWER-072,FALSE
CDR2281,P179,P480,2026-03-17 20:49:00,149,Voice,TOWER-043,FALSE
CDR2282,P014,P466,2026-07-23 14:27:00,732,SMS,TOWER-083,FALSE
CDR2283,P312,P387,2026-03-01 14:14:00,242,Voice,TOWER-023,FALSE
CDR2284,P458,P173,2026-04-20 06:11:00,885,SMS,TOWER-009,FALSE
CDR2285,P473,P425,2026-07-20 05:53:00,766,SMS,TOWER-069,FALSE
CDR2286,P465,P135,2026-04-01 02:09:00,826,SMS,TOWER-004,FALSE
CDR2287,P415,P386,2026-06-19 20:53:00,317,SMS,TOWER-050,FALSE
CDR2288,P303,P111,2026-06-21 11:09:00,408,Voice,TOWER-094,FALSE
CDR2289,P388,P015,2026-02-14 12:57:00,657,SMS,TOWER-070,FALSE
CDR2290,P175,P372,2026-04-14 04:41:00,652,SMS,TOWER-035,FALSE
CDR2291,P425,P319,2026-08-11 00:09:00,75,SMS,TOWER-001,FALSE
CDR2292,P223,P444,2026-05-03 13:52:00,175,Voice,TOWER-010,FALSE
CDR2293,P219,P401,2026-07-07 00:04:00,424,Voice,TOWER-083,FALSE
CDR2294,P374,P476,2026-04-15 09:02:00,111,Voice,TOWER-098,FALSE
CDR2295,P377,P386,2026-04-20 04:08:00,693,SMS,TOWER-050,FALSE
CDR2296,P030,P414,2026-01-22 07:49:00,271,Voice,TOWER-089,FALSE
CDR2297,P056,P284,2026-06-27 06:11:00,304,Voice,TOWER-095,FALSE
CDR2298,P199,P488,2026-02-16 18:30:00,746,Voice,TOWER-069,FALSE
CDR2299,P370,P478,2026-05-28 11:32:00,662,Voice,TOWER-026,FALSE
CDR2300,P348,P148,2026-01-11 10:32:00,444,SMS,TOWER-096,FALSE
CDR2301,P440,P481,2026-01-11 18:23:00,671,SMS,TOWER-091,FALSE
CDR2302,P274,P238,2026-03-10 03:28:00,203,SMS,TOWER-049,FALSE
CDR2303,P218,P294,2026-06-14 17:18:00,624,SMS,TOWER-054,FALSE
CDR2304,P369,P291,2026-05-31 16:23:00,89,Voice,TOWER-018,FALSE
CDR2305,P394,P266,2026-04-25 02:56:00,256,SMS,TOWER-023,FALSE
CDR2306,P134,P084,2026-01-12 16:14:00,879,Voice,TOWER-018,FALSE
CDR2307,P492,P196,2026-03-22 03:57:00,612,Voice,TOWER-010,FALSE
CDR2308,P240,P382,2026-03-18 00:08:00,443,Voice,TOWER-054,FALSE
CDR2309,P474,P122,2026-06-27 18:09:00,768,Voice,TOWER-013,FALSE
CDR2310,P068,P465,2026-06-22 16:57:00,639,Voice,TOWER-042,FALSE
CDR2311,P008,P144,2026-02-24 12:16:00,292,SMS,TOWER-016,FALSE
CDR2312,P410,P350,2026-04-10 21:17:00,641,Voice,TOWER-028,FALSE
CDR2313,P487,P141,2026-03-31 07:34:00,368,Voice,TOWER-059,FALSE
CDR2314,P044,P128,2026-04-21 16:47:00,379,SMS,TOWER-040,FALSE
CDR2315,P395,P278,2026-02-21 00:19:00,395,Voice,TOWER-015,FALSE
CDR2316,P152,P173,2026-07-20 02:21:00,511,Voice,TOWER-049,FALSE
CDR2317,P293,P203,2026-03-21 10:31:00,608,SMS,TOWER-095,FALSE
CDR2318,P020,P316,2026-05-19 20:39:00,658,SMS,TOWER-046,FALSE
CDR2319,P141,P186,2026-08-01 03:15:00,664,Voice,TOWER-063,FALSE
CDR2320,P138,P338,2026-06-09 17:10:00,279,Voice,TOWER-039,FALSE
CDR2321,P129,P401,2026-08-10 07:31:00,231,SMS,TOWER-001,FALSE
CDR2322,P335,P415,2026-03-07 03:15:00,352,SMS,TOWER-009,FALSE
CDR2323,P396,P312,2026-03-17 20:01:00,810,SMS,TOWER-100,FALSE
CDR2324,P007,P064,2026-04-16 01:22:00,271,SMS,TOWER-062,FALSE
CDR2325,P158,P292,2026-02-21 05:17:00,558,Voice,TOWER-074,FALSE
CDR2326,P339,P165,2026-01-01 06:56:00,783,Voice,TOWER-030,FALSE
CDR2327,P429,P136,2026-01-25 01:37:00,379,SMS,TOWER-049,FALSE
CDR2328,P434,P092,2026-01-31 11:18:00,503,SMS,TOWER-075,FALSE
CDR2329,P228,P237,2026-03-14 01:54:00,105,Voice,TOWER-034,FALSE
CDR2330,P009,P226,2026-08-03 05:10:00,539,SMS,TOWER-076,FALSE
CDR2331,P005,P239,2026-04-26 08:22:00,147,Voice,TOWER-038,FALSE
CDR2332,P019,P495,2026-01-06 02:01:00,302,Voice,TOWER-057,FALSE
CDR2333,P184,P246,2026-06-30 10:09:00,445,Voice,TOWER-066,FALSE
CDR2334,P327,P433,2026-03-12 17:59:00,551,SMS,TOWER-065,FALSE
CDR2335,P285,P112,2026-01-19 18:52:00,750,SMS,TOWER-032,FALSE
CDR2336,P210,P030,2026-02-01 05:30:00,606,Voice,TOWER-042,FALSE
CDR2337,P297,P481,2026-02-03 12:46:00,266,Voice,TOWER-056,FALSE
CDR2338,P041,P142,2026-06-25 06:22:00,184,Voice,TOWER-002,FALSE
CDR2339,P460,P313,2026-06-26 21:43:00,89,SMS,TOWER-013,FALSE
CDR2340,P283,P161,2026-01-17 12:09:00,425,SMS,TOWER-055,FALSE
CDR2341,P489,P033,2026-04-20 15:51:00,789,SMS,TOWER-007,FALSE
CDR2342,P226,P093,2026-05-29 00:27:00,677,Voice,TOWER-019,FALSE
CDR2343,P133,P393,2026-06-05 18:17:00,682,Voice,TOWER-032,FALSE
CDR2344,P403,P142,2026-01-27 06:02:00,279,Voice,TOWER-091,FALSE
CDR2345,P133,P445,2026-03-13 10:12:00,44,Voice,TOWER-024,FALSE
CDR2346,P254,P066,2026-03-13 02:00:00,524,SMS,TOWER-043,FALSE
CDR2347,P117,P323,2026-05-03 00:28:00,29,SMS,TOWER-018,FALSE
CDR2348,P090,P076,2026-03-03 05:45:00,107,Voice,TOWER-038,FALSE
CDR2349,P447,P317,2026-02-25 20:27:00,428,SMS,TOWER-005,FALSE
CDR2350,P336,P026,2026-02-07 12:52:00,272,SMS,TOWER-095,FALSE
CDR2351,P120,P059,2026-08-03 09:13:00,29,Voice,TOWER-052,FALSE
CDR2352,P336,P020,2026-06-04 12:35:00,220,Voice,TOWER-017,FALSE
CDR2353,P095,P351,2026-02-19 09:37:00,294,Voice,TOWER-005,FALSE
CDR2354,P260,P441,2026-04-27 07:58:00,611,Voice,TOWER-024,FALSE
CDR2355,P226,P297,2026-03-06 02:47:00,396,Voice,TOWER-084,FALSE
CDR2356,P163,P022,2026-01-11 00:34:00,689,Voice,TOWER-010,FALSE
CDR2357,P284,P368,2026-02-11 11:01:00,272,SMS,TOWER-027,FALSE
CDR2358,P117,P032,2026-03-23 10:05:00,207,Voice,TOWER-083,FALSE
CDR2359,P488,P366,2026-03-05 11:08:00,539,SMS,TOWER-015,FALSE
CDR2360,P133,P500,2026-03-20 03:52:00,760,SMS,TOWER-043,FALSE
CDR2361,P132,P009,2026-05-30 21:40:00,351,Voice,TOWER-028,FALSE
CDR2362,P348,P433,2026-04-21 18:49:00,419,SMS,TOWER-099,FALSE
CDR2363,P440,P435,2026-04-19 11:31:00,448,Voice,TOWER-023,FALSE
CDR2364,P181,P277,2026-04-07 00:19:00,450,SMS,TOWER-025,FALSE
CDR2365,P368,P023,2026-04-08 10:31:00,65,SMS,TOWER-032,FALSE
CDR2366,P308,P121,2026-06-09 04:53:00,661,SMS,TOWER-081,FALSE
CDR2367,P180,P056,2026-03-30 07:01:00,596,SMS,TOWER-023,FALSE
CDR2368,P040,P260,2026-08-15 09:38:00,247,SMS,TOWER-052,FALSE
CDR2369,P228,P058,2026-02-03 12:54:00,191,SMS,TOWER-052,FALSE
CDR2370,P262,P040,2026-05-16 01:12:00,586,Voice,TOWER-035,FALSE
CDR2371,P122,P105,2026-06-27 15:33:00,409,Voice,TOWER-048,FALSE
CDR2372,P167,P293,2026-03-31 16:05:00,533,Voice,TOWER-080,FALSE
CDR2373,P191,P425,2026-06-01 15:55:00,117,SMS,TOWER-061,FALSE
CDR2374,P422,P349,2026-05-15 12:30:00,424,SMS,TOWER-021,FALSE
CDR2375,P213,P037,2026-04-16 01:19:00,806,SMS,TOWER-098,FALSE
CDR2376,P329,P219,2026-05-24 09:08:00,335,Voice,TOWER-044,FALSE
CDR2377,P449,P145,2026-03-17 20:50:00,725,SMS,TOWER-017,FALSE
CDR2378,P074,P013,2026-07-29 22:17:00,357,Voice,TOWER-020,FALSE
CDR2379,P168,P311,2026-04-16 10:52:00,734,SMS,TOWER-064,FALSE
CDR2380,P404,P185,2026-08-04 16:23:00,115,SMS,TOWER-061,FALSE
CDR2381,P172,P500,2026-01-30 18:44:00,478,SMS,TOWER-026,FALSE
CDR2382,P209,P460,2026-08-16 15:55:00,239,SMS,TOWER-035,FALSE
CDR2383,P334,P192,2026-03-19 08:52:00,303,SMS,TOWER-071,FALSE
CDR2384,P241,P483,2026-04-30 14:40:00,449,Voice,TOWER-086,FALSE
CDR2385,P499,P151,2026-07-30 08:27:00,813,Voice,TOWER-051,FALSE
CDR2386,P319,P016,2026-07-16 00:36:00,589,SMS,TOWER-076,FALSE
CDR2387,P083,P189,2026-03-28 01:22:00,780,Voice,TOWER-054,FALSE
CDR2388,P023,P149,2026-02-05 00:26:00,239,Voice,TOWER-013,FALSE
CDR2389,P477,P077,2026-05-24 07:46:00,537,Voice,TOWER-089,FALSE
CDR2390,P467,P303,2026-06-18 04:11:00,260,Voice,TOWER-064,FALSE
CDR2391,P014,P055,2026-03-17 19:26:00,398,Voice,TOWER-061,FALSE
CDR2392,P312,P109,2026-03-02 10:56:00,801,Voice,TOWER-013,FALSE
CDR2393,P414,P161,2026-04-10 17:06:00,443,SMS,TOWER-071,FALSE
CDR2394,P262,P367,2026-01-07 22:53:00,153,SMS,TOWER-094,FALSE
CDR2395,P400,P380,2026-04-11 03:50:00,130,Voice,TOWER-016,FALSE
CDR2396,P261,P402,2026-04-14 22:31:00,211,SMS,TOWER-099,FALSE
CDR2397,P298,P365,2026-06-10 22:26:00,341,SMS,TOWER-019,FALSE
CDR2398,P177,P482,2026-07-30 11:58:00,658,Voice,TOWER-050,FALSE
CDR2399,P111,P194,2026-04-18 23:11:00,425,Voice,TOWER-025,FALSE
CDR2400,P426,P299,2026-08-06 16:04:00,152,SMS,TOWER-002,FALSE
CDR2401,P017,P337,2026-03-20 08:43:00,596,SMS,TOWER-065,FALSE
CDR2402,P372,P077,2026-01-30 02:23:00,122,Voice,TOWER-083,FALSE
CDR2403,P196,P391,2026-05-31 14:11:00,402,SMS,TOWER-073,FALSE
CDR2404,P333,P041,2026-06-17 12:58:00,429,SMS,TOWER-087,FALSE
CDR2405,P490,P040,2026-01-10 07:28:00,573,Voice,TOWER-028,FALSE
CDR2406,P491,P479,2026-04-30 15:40:00,123,Voice,TOWER-014,FALSE
CDR2407,P115,P290,2026-05-22 20:38:00,368,Voice,TOWER-015,FALSE
CDR2408,P258,P295,2026-05-27 03:04:00,262,SMS,TOWER-094,FALSE
CDR2409,P323,P281,2026-08-02 00:41:00,782,Voice,TOWER-025,FALSE
CDR2410,P376,P215,2026-03-24 10:30:00,288,Voice,TOWER-061,FALSE
CDR2411,P276,P376,2026-06-02 15:34:00,682,Voice,TOWER-088,FALSE
CDR2412,P063,P434,2026-04-10 15:01:00,112,SMS,TOWER-006,FALSE
CDR2413,P450,P271,2026-07-25 02:38:00,717,SMS,TOWER-012,FALSE
CDR2414,P409,P027,2026-01-23 14:25:00,895,SMS,TOWER-064,FALSE
CDR2415,P311,P242,2026-08-07 15:12:00,85,SMS,TOWER-070,FALSE
CDR2416,P338,P269,2026-02-03 04:24:00,20,SMS,TOWER-075,FALSE
CDR2417,P267,P226,2026-08-03 22:15:00,95,Voice,TOWER-007,FALSE
CDR2418,P163,P138,2026-04-24 10:22:00,175,Voice,TOWER-020,FALSE
CDR2419,P100,P429,2026-07-12 20:02:00,437,SMS,TOWER-016,FALSE
CDR2420,P295,P151,2026-05-28 03:56:00,43,Voice,TOWER-080,FALSE
CDR2421,P467,P125,2026-08-08 06:17:00,308,Voice,TOWER-016,FALSE
CDR2422,P169,P125,2026-03-15 00:37:00,770,SMS,TOWER-039,FALSE
CDR2423,P410,P394,2026-07-21 12:42:00,169,Voice,TOWER-027,FALSE
CDR2424,P186,P119,2026-04-27 05:39:00,445,Voice,TOWER-090,FALSE
CDR2425,P234,P162,2026-06-24 01:18:00,697,Voice,TOWER-063,FALSE
CDR2426,P384,P498,2026-08-04 10:09:00,566,SMS,TOWER-008,FALSE
CDR2427,P060,P355,2026-01-30 01:37:00,502,Voice,TOWER-090,FALSE
CDR2428,P124,P228,2026-02-01 11:03:00,128,Voice,TOWER-018,FALSE
CDR2429,P376,P491,2026-02-05 14:14:00,326,Voice,TOWER-018,FALSE
CDR2430,P451,P210,2026-04-21 11:37:00,695,Voice,TOWER-021,FALSE
CDR2431,P186,P041,2026-07-09 14:25:00,680,Voice,TOWER-038,FALSE
CDR2432,P181,P287,2026-02-03 12:02:00,870,SMS,TOWER-081,FALSE
CDR2433,P259,P040,2026-04-19 21:20:00,506,Voice,TOWER-099,FALSE
CDR2434,P469,P186,2026-08-10 05:02:00,456,SMS,TOWER-066,FALSE
CDR2435,P335,P248,2026-05-15 04:01:00,311,SMS,TOWER-025,FALSE
CDR2436,P310,P118,2026-08-09 08:17:00,577,Voice,TOWER-005,FALSE
CDR2437,P230,P403,2026-07-01 19:05:00,123,SMS,TOWER-016,FALSE
CDR2438,P215,P118,2026-07-30 07:06:00,183,Voice,TOWER-083,FALSE
CDR2439,P292,P424,2026-02-25 06:01:00,300,Voice,TOWER-010,FALSE
CDR2440,P424,P065,2026-03-28 11:01:00,353,Voice,TOWER-043,FALSE
CDR2441,P474,P276,2026-01-19 17:07:00,689,SMS,TOWER-085,FALSE
CDR2442,P126,P398,2026-03-09 13:19:00,426,SMS,TOWER-045,FALSE
CDR2443,P466,P209,2026-05-03 17:55:00,340,Voice,TOWER-097,FALSE
CDR2444,P346,P300,2026-06-30 21:31:00,86,Voice,TOWER-018,FALSE
CDR2445,P341,P071,2026-05-13 06:25:00,747,Voice,TOWER-091,FALSE
CDR2446,P311,P134,2026-06-19 20:43:00,621,SMS,TOWER-067,FALSE
CDR2447,P408,P147,2026-07-11 09:44:00,377,SMS,TOWER-050,FALSE
CDR2448,P175,P161,2026-08-09 02:16:00,593,Voice,TOWER-008,FALSE
CDR2449,P061,P042,2026-01-12 03:36:00,615,SMS,TOWER-056,FALSE
CDR2450,P210,P216,2026-06-14 08:32:00,689,SMS,TOWER-027,FALSE
CDR2451,P259,P076,2026-05-14 02:50:00,526,SMS,TOWER-019,FALSE
CDR2452,P295,P254,2026-03-09 01:50:00,751,Voice,TOWER-059,FALSE
CDR2453,P324,P452,2026-02-26 19:41:00,146,SMS,TOWER-052,FALSE
CDR2454,P396,P102,2026-05-14 14:31:00,401,Voice,TOWER-061,FALSE
CDR2455,P461,P093,2026-01-09 05:05:00,94,SMS,TOWER-084,FALSE
CDR2456,P449,P233,2026-04-10 22:13:00,237,Voice,TOWER-049,FALSE
CDR2457,P008,P086,2026-07-05 09:50:00,441,Voice,TOWER-034,FALSE
CDR2458,P062,P215,2026-01-15 18:06:00,534,SMS,TOWER-100,FALSE
CDR2459,P135,P392,2026-02-07 08:35:00,13,SMS,TOWER-053,FALSE
CDR2460,P284,P365,2026-07-17 03:39:00,698,SMS,TOWER-098,FALSE
CDR2461,P477,P241,2026-02-06 12:21:00,559,Voice,TOWER-001,FALSE
CDR2462,P381,P052,2026-06-21 17:53:00,206,Voice,TOWER-016,FALSE
CDR2463,P065,P446,2026-05-08 20:36:00,685,Voice,TOWER-018,FALSE
CDR2464,P018,P427,2026-03-25 12:15:00,161,Voice,TOWER-023,FALSE
CDR2465,P221,P013,2026-07-22 10:58:00,23,SMS,TOWER-061,FALSE
CDR2466,P354,P086,2026-04-29 23:06:00,548,Voice,TOWER-046,FALSE
CDR2467,P038,P068,2026-08-09 15:16:00,314,Voice,TOWER-001,FALSE
CDR2468,P264,P444,2026-04-10 08:48:00,753,SMS,TOWER-058,FALSE
CDR2469,P272,P471,2026-08-09 09:32:00,243,SMS,TOWER-014,FALSE
CDR2470,P199,P463,2026-02-12 00:54:00,365,Voice,TOWER-100,FALSE
CDR2471,P217,P182,2026-04-25 11:25:00,808,SMS,TOWER-019,FALSE
CDR2472,P066,P206,2026-03-01 23:27:00,553,Voice,TOWER-001,FALSE
CDR2473,P357,P286,2026-06-08 23:46:00,664,SMS,TOWER-063,FALSE
CDR2474,P124,P365,2026-07-22 14:59:00,623,SMS,TOWER-068,FALSE
CDR2475,P151,P061,2026-03-29 11:27:00,563,Voice,TOWER-010,FALSE
CDR2476,P173,P460,2026-01-09 15:21:00,114,SMS,TOWER-092,FALSE
CDR2477,P423,P460,2026-04-30 22:35:00,89,SMS,TOWER-098,FALSE
CDR2478,P173,P303,2026-02-15 23:10:00,532,Voice,TOWER-084,FALSE
CDR2479,P312,P316,2026-04-06 14:57:00,579,SMS,TOWER-059,FALSE
CDR2480,P056,P370,2026-04-15 19:09:00,653,Voice,TOWER-071,FALSE
CDR2481,P024,P038,2026-01-14 06:10:00,666,Voice,TOWER-003,FALSE
CDR2482,P379,P472,2026-05-21 08:46:00,362,SMS,TOWER-072,FALSE
CDR2483,P182,P487,2026-01-10 01:54:00,242,SMS,TOWER-072,FALSE
CDR2484,P230,P467,2026-08-02 01:24:00,693,Voice,TOWER-013,FALSE
CDR2485,P210,P323,2026-03-22 19:09:00,645,SMS,TOWER-033,FALSE
CDR2486,P231,P380,2026-03-29 05:13:00,422,Voice,TOWER-041,FALSE
CDR2487,P428,P224,2026-05-01 20:28:00,362,SMS,TOWER-048,FALSE
CDR2488,P149,P388,2026-08-04 16:05:00,724,Voice,TOWER-070,FALSE
CDR2489,P245,P359,2026-04-12 07:26:00,764,Voice,TOWER-054,FALSE
CDR2490,P069,P376,2026-08-08 10:50:00,590,Voice,TOWER-089,FALSE
CDR2491,P094,P371,2026-04-19 12:17:00,166,SMS,TOWER-002,FALSE
CDR2492,P393,P302,2026-05-18 08:34:00,59,SMS,TOWER-043,FALSE
CDR2493,P470,P420,2026-06-03 01:19:00,249,SMS,TOWER-097,FALSE
CDR2494,P480,P261,2026-04-10 12:43:00,54,Voice,TOWER-052,FALSE
CDR2495,P043,P078,2026-04-26 21:45:00,434,Voice,TOWER-029,FALSE
CDR2496,P459,P004,2026-06-02 06:45:00,80,SMS,TOWER-076,FALSE
CDR2497,P304,P190,2026-07-20 22:01:00,376,Voice,TOWER-082,FALSE
CDR2498,P346,P333,2026-01-08 11:05:00,209,SMS,TOWER-093,FALSE
CDR2499,P233,P195,2026-05-26 01:52:00,174,SMS,TOWER-038,FALSE
CDR2500,P165,P225,2026-04-09 01:38:00,802,SMS,TOWER-024,FALSE
CDR2501,P091,P261,2026-04-28 15:21:00,841,Voice,TOWER-069,FALSE
CDR2502,P370,P302,2026-04-13 16:00:00,256,Voice,TOWER-033,FALSE
CDR2503,P144,P484,2026-03-05 09:23:00,534,Voice,TOWER-099,FALSE
CDR2504,P396,P050,2026-01-12 14:49:00,475,Voice,TOWER-040,FALSE
CDR2505,P119,P153,2026-02-10 06:31:00,360,Voice,TOWER-051,FALSE
CDR2506,P253,P175,2026-08-07 13:57:00,557,SMS,TOWER-041,FALSE
CDR2507,P025,P289,2026-06-16 22:44:00,608,Voice,TOWER-050,FALSE
CDR2508,P266,P460,2026-03-05 09:27:00,586,SMS,TOWER-002,FALSE
CDR2509,P269,P297,2026-03-01 00:54:00,387,SMS,TOWER-008,FALSE
CDR2510,P261,P433,2026-03-29 01:49:00,228,Voice,TOWER-085,FALSE
CDR2511,P476,P219,2026-02-22 13:46:00,356,SMS,TOWER-046,FALSE
CDR2512,P147,P166,2026-03-08 00:04:00,878,Voice,TOWER-042,FALSE
CDR2513,P197,P164,2026-07-15 19:32:00,152,SMS,TOWER-029,FALSE
CDR2514,P388,P092,2026-01-17 18:44:00,858,Voice,TOWER-078,FALSE
CDR2515,P489,P074,2026-06-08 09:48:00,716,Voice,TOWER-057,FALSE
CDR2516,P022,P417,2026-02-27 12:01:00,312,Voice,TOWER-077,FALSE
CDR2517,P484,P377,2026-02-20 13:09:00,37,SMS,TOWER-012,FALSE
CDR2518,P452,P375,2026-05-29 06:47:00,797,Voice,TOWER-016,FALSE
CDR2519,P108,P221,2026-05-11 18:35:00,614,Voice,TOWER-052,FALSE
CDR2520,P266,P143,2026-05-20 05:53:00,496,Voice,TOWER-051,FALSE
CDR2521,P295,P451,2026-03-22 13:40:00,849,SMS,TOWER-097,FALSE
CDR2522,P316,P161,2026-01-13 00:30:00,134,Voice,TOWER-076,FALSE
CDR2523,P051,P178,2026-02-27 02:56:00,319,SMS,TOWER-001,FALSE
CDR2524,P146,P085,2026-03-09 08:05:00,438,Voice,TOWER-086,FALSE
CDR2525,P061,P148,2026-08-02 00:08:00,600,Voice,TOWER-083,FALSE
CDR2526,P141,P250,2026-03-30 15:53:00,643,Voice,TOWER-063,FALSE
CDR2527,P225,P115,2026-08-08 23:32:00,628,Voice,TOWER-001,FALSE
CDR2528,P454,P087,2026-01-22 03:59:00,198,SMS,TOWER-056,FALSE
CDR2529,P148,P481,2026-02-06 05:00:00,198,SMS,TOWER-049,FALSE
CDR2530,P470,P133,2026-04-13 05:25:00,75,SMS,TOWER-046,FALSE
CDR2531,P311,P386,2026-08-07 08:16:00,754,SMS,TOWER-075,FALSE
CDR2532,P055,P474,2026-08-15 08:03:00,156,Voice,TOWER-001,FALSE
CDR2533,P119,P342,2026-04-15 00:05:00,362,Voice,TOWER-018,FALSE
CDR2534,P143,P073,2026-03-27 07:37:00,404,SMS,TOWER-060,FALSE
CDR2535,P050,P106,2026-07-14 14:18:00,301,SMS,TOWER-049,FALSE
CDR2536,P283,P430,2026-04-16 10:47:00,304,Voice,TOWER-057,FALSE
CDR2537,P261,P387,2026-01-05 16:16:00,131,SMS,TOWER-097,FALSE
CDR2538,P087,P015,2026-05-09 10:19:00,639,Voice,TOWER-011,FALSE
CDR2539,P307,P463,2026-06-14 08:02:00,448,SMS,TOWER-092,FALSE
CDR2540,P021,P492,2026-06-05 20:01:00,362,Voice,TOWER-085,FALSE
CDR2541,P457,P277,2026-06-21 11:03:00,787,SMS,TOWER-009,FALSE
CDR2542,P276,P410,2026-02-15 12:27:00,599,Voice,TOWER-071,FALSE
CDR2543,P100,P004,2026-02-01 12:12:00,673,SMS,TOWER-062,FALSE
CDR2544,P251,P427,2026-07-19 07:36:00,688,Voice,TOWER-093,FALSE
CDR2545,P422,P014,2026-08-16 12:52:00,145,Voice,TOWER-009,FALSE
CDR2546,P190,P105,2026-02-11 11:04:00,651,SMS,TOWER-004,FALSE
CDR2547,P145,P483,2026-05-21 16:15:00,499,SMS,TOWER-027,FALSE
CDR2548,P486,P293,2026-05-03 01:53:00,164,Voice,TOWER-088,FALSE
CDR2549,P219,P375,2026-06-27 01:18:00,374,Voice,TOWER-010,FALSE
CDR2550,P228,P267,2026-02-20 06:22:00,661,SMS,TOWER-083,FALSE
CDR2551,P065,P426,2026-07-06 15:25:00,235,SMS,TOWER-011,FALSE
CDR2552,P233,P152,2026-01-31 06:22:00,165,SMS,TOWER-025,FALSE
CDR2553,P471,P057,2026-01-08 20:30:00,774,Voice,TOWER-059,FALSE
CDR2554,P367,P362,2026-05-03 13:42:00,261,Voice,TOWER-032,FALSE
CDR2555,P471,P433,2026-01-27 15:11:00,275,SMS,TOWER-045,FALSE
CDR2556,P062,P228,2026-08-07 05:58:00,524,SMS,TOWER-049,FALSE
CDR2557,P456,P222,2026-08-12 01:01:00,500,SMS,TOWER-014,FALSE
CDR2558,P253,P135,2026-06-28 17:27:00,216,SMS,TOWER-053,FALSE
CDR2559,P045,P443,2026-05-05 16:47:00,359,Voice,TOWER-068,FALSE
CDR2560,P071,P143,2026-02-20 18:37:00,110,SMS,TOWER-086,FALSE
CDR2561,P375,P343,2026-01-12 01:03:00,833,SMS,TOWER-021,FALSE
CDR2562,P060,P496,2026-06-05 19:39:00,198,SMS,TOWER-057,FALSE
CDR2563,P182,P412,2026-03-22 05:15:00,387,Voice,TOWER-019,FALSE
CDR2564,P041,P382,2026-06-27 14:54:00,296,SMS,TOWER-045,FALSE
CDR2565,P407,P114,2026-03-22 07:41:00,264,SMS,TOWER-047,FALSE
CDR2566,P373,P039,2026-05-23 19:32:00,779,SMS,TOWER-079,FALSE
CDR2567,P168,P081,2026-06-20 20:28:00,276,SMS,TOWER-066,FALSE
CDR2568,P260,P172,2026-04-17 20:41:00,173,Voice,TOWER-036,FALSE
CDR2569,P142,P233,2026-07-30 08:30:00,386,Voice,TOWER-003,FALSE
CDR2570,P323,P377,2026-04-22 17:05:00,151,SMS,TOWER-001,FALSE
CDR2571,P263,P345,2026-05-31 11:15:00,591,SMS,TOWER-042,FALSE
CDR2572,P398,P038,2026-05-20 11:22:00,351,Voice,TOWER-019,FALSE
CDR2573,P362,P353,2026-01-20 17:55:00,794,Voice,TOWER-097,FALSE
CDR2574,P162,P457,2026-06-12 20:39:00,738,SMS,TOWER-023,FALSE
CDR2575,P474,P020,2026-08-06 11:05:00,767,SMS,TOWER-090,FALSE
CDR2576,P222,P052,2026-01-08 22:21:00,608,Voice,TOWER-033,FALSE
CDR2577,P478,P362,2026-04-09 01:05:00,84,Voice,TOWER-074,FALSE
CDR2578,P407,P267,2026-02-10 03:21:00,899,SMS,TOWER-001,FALSE
CDR2579,P163,P098,2026-03-09 17:41:00,210,SMS,TOWER-064,FALSE
CDR2580,P431,P286,2026-06-18 00:22:00,887,Voice,TOWER-037,FALSE
CDR2581,P339,P429,2026-05-06 13:41:00,750,SMS,TOWER-018,FALSE
CDR2582,P450,P321,2026-05-17 00:23:00,542,SMS,TOWER-090,FALSE
CDR2583,P019,P486,2026-01-19 21:51:00,218,Voice,TOWER-084,FALSE
CDR2584,P325,P322,2026-08-11 10:41:00,105,SMS,TOWER-058,FALSE
CDR2585,P005,P126,2026-07-22 06:02:00,157,Voice,TOWER-025,FALSE
CDR2586,P071,P301,2026-06-11 21:54:00,169,Voice,TOWER-073,FALSE
CDR2587,P193,P447,2026-04-09 04:54:00,744,SMS,TOWER-063,FALSE
CDR2588,P483,P113,2026-05-26 17:00:00,465,Voice,TOWER-051,FALSE
CDR2589,P345,P101,2026-03-13 18:33:00,234,Voice,TOWER-067,FALSE
CDR2590,P136,P241,2026-06-05 05:24:00,125,Voice,TOWER-018,FALSE
CDR2591,P078,P249,2026-02-25 04:15:00,871,Voice,TOWER-093,FALSE
CDR2592,P417,P096,2026-07-08 14:17:00,284,Voice,TOWER-050,FALSE
CDR2593,P376,P255,2026-04-03 03:51:00,900,Voice,TOWER-027,FALSE
CDR2594,P145,P068,2026-03-19 08:59:00,472,SMS,TOWER-003,FALSE
CDR2595,P102,P326,2026-07-05 12:09:00,717,SMS,TOWER-064,FALSE
CDR2596,P449,P046,2026-02-01 05:40:00,400,Voice,TOWER-043,FALSE
CDR2597,P487,P265,2026-04-03 04:26:00,302,SMS,TOWER-077,FALSE
CDR2598,P439,P371,2026-02-18 10:52:00,389,SMS,TOWER-036,FALSE
CDR2599,P384,P110,2026-07-26 21:31:00,63,Voice,TOWER-025,FALSE
CDR2600,P002,P223,2026-02-23 00:01:00,388,Voice,TOWER-073,FALSE
CDR2601,P035,P252,2026-03-20 08:00:00,854,Voice,TOWER-010,FALSE
CDR2602,P286,P313,2026-02-09 10:10:00,308,SMS,TOWER-015,FALSE
CDR2603,P107,P364,2026-06-23 00:18:00,553,Voice,TOWER-070,FALSE
CDR2604,P092,P020,2026-01-18 18:18:00,546,Voice,TOWER-037,FALSE
CDR2605,P215,P353,2026-04-03 22:40:00,72,SMS,TOWER-008,FALSE
CDR2606,P135,P315,2026-04-10 00:14:00,366,SMS,TOWER-050,FALSE
CDR2607,P195,P324,2026-07-05 07:27:00,713,Voice,TOWER-043,FALSE
CDR2608,P299,P121,2026-03-11 12:23:00,680,Voice,TOWER-036,FALSE
CDR2609,P327,P179,2026-07-07 12:35:00,498,SMS,TOWER-059,FALSE
CDR2610,P248,P272,2026-04-27 09:44:00,61,Voice,TOWER-006,FALSE
CDR2611,P337,P489,2026-08-16 08:39:00,115,SMS,TOWER-067,FALSE
CDR2612,P093,P450,2026-04-26 16:38:00,468,Voice,TOWER-063,FALSE
CDR2613,P154,P431,2026-06-14 03:10:00,46,Voice,TOWER-078,FALSE
CDR2614,P119,P449,2026-01-14 13:04:00,483,Voice,TOWER-052,FALSE
CDR2615,P150,P343,2026-08-09 18:00:00,582,Voice,TOWER-062,FALSE
CDR2616,P249,P251,2026-02-07 10:32:00,119,SMS,TOWER-067,FALSE
CDR2617,P408,P323,2026-05-22 17:25:00,828,SMS,TOWER-015,FALSE
CDR2618,P201,P307,2026-02-01 00:22:00,491,SMS,TOWER-057,FALSE
CDR2619,P183,P279,2026-05-10 16:56:00,739,Voice,TOWER-085,FALSE
CDR2620,P247,P152,2026-03-14 12:41:00,77,SMS,TOWER-006,FALSE
CDR2621,P050,P113,2026-04-27 19:36:00,350,Voice,TOWER-048,FALSE
CDR2622,P058,P494,2026-03-11 00:40:00,669,Voice,TOWER-076,FALSE
CDR2623,P452,P460,2026-05-07 14:55:00,460,Voice,TOWER-070,FALSE
CDR2624,P387,P392,2026-05-15 13:46:00,255,Voice,TOWER-075,FALSE
CDR2625,P148,P215,2026-08-05 00:02:00,531,Voice,TOWER-037,FALSE
CDR2626,P497,P229,2026-02-27 23:18:00,685,Voice,TOWER-013,FALSE
CDR2627,P167,P127,2026-06-20 10:32:00,727,SMS,TOWER-043,FALSE
CDR2628,P340,P218,2026-07-23 17:29:00,707,SMS,TOWER-070,FALSE
CDR2629,P060,P091,2026-04-08 11:03:00,448,SMS,TOWER-078,FALSE
CDR2630,P238,P490,2026-03-17 17:41:00,805,Voice,TOWER-001,FALSE
CDR2631,P164,P339,2026-02-25 04:55:00,359,Voice,TOWER-021,FALSE
CDR2632,P059,P178,2026-06-18 05:14:00,782,SMS,TOWER-056,FALSE
CDR2633,P357,P204,2026-08-04 17:34:00,672,Voice,TOWER-033,FALSE
CDR2634,P361,P066,2026-04-26 06:58:00,389,Voice,TOWER-022,FALSE
CDR2635,P397,P452,2026-04-27 11:38:00,540,SMS,TOWER-039,FALSE
CDR2636,P248,P431,2026-06-05 06:32:00,254,Voice,TOWER-070,FALSE
CDR2637,P413,P443,2026-06-20 01:43:00,17,SMS,TOWER-017,FALSE
CDR2638,P251,P308,2026-01-03 21:40:00,793,Voice,TOWER-072,FALSE
CDR2639,P211,P352,2026-03-02 18:32:00,822,SMS,TOWER-061,FALSE
CDR2640,P121,P015,2026-06-15 23:32:00,783,Voice,TOWER-016,FALSE
CDR2641,P149,P138,2026-07-02 12:06:00,336,Voice,TOWER-089,FALSE
CDR2642,P260,P111,2026-06-25 00:41:00,409,Voice,TOWER-001,FALSE
CDR2643,P456,P436,2026-08-08 09:04:00,463,Voice,TOWER-019,FALSE
CDR2644,P401,P210,2026-01-27 15:29:00,154,SMS,TOWER-019,FALSE
CDR2645,P032,P288,2026-03-12 10:29:00,307,SMS,TOWER-028,FALSE
CDR2646,P396,P166,2026-01-19 20:53:00,684,SMS,TOWER-089,FALSE
CDR2647,P134,P346,2026-06-12 18:15:00,106,SMS,TOWER-016,FALSE
CDR2648,P163,P211,2026-07-31 00:49:00,496,Voice,TOWER-049,FALSE
CDR2649,P201,P415,2026-05-13 19:21:00,454,SMS,TOWER-099,FALSE
CDR2650,P227,P218,2026-05-26 04:25:00,476,SMS,TOWER-038,FALSE
CDR2651,P205,P134,2026-01-15 19:34:00,750,SMS,TOWER-068,FALSE
CDR2652,P468,P028,2026-03-27 09:20:00,807,SMS,TOWER-003,FALSE
CDR2653,P138,P249,2026-01-07 08:36:00,385,Voice,TOWER-021,FALSE
CDR2654,P373,P113,2026-04-13 12:12:00,700,SMS,TOWER-088,FALSE
CDR2655,P174,P326,2026-05-13 17:18:00,479,Voice,TOWER-089,FALSE
CDR2656,P420,P024,2026-03-08 08:57:00,100,Voice,TOWER-098,FALSE
CDR2657,P158,P230,2026-04-05 01:41:00,648,Voice,TOWER-059,FALSE
CDR2658,P210,P114,2026-01-08 17:41:00,301,SMS,TOWER-086,FALSE
CDR2659,P294,P449,2026-03-30 13:31:00,790,Voice,TOWER-043,FALSE
CDR2660,P086,P275,2026-06-29 10:31:00,610,Voice,TOWER-011,FALSE
CDR2661,P106,P400,2026-04-30 16:41:00,728,Voice,TOWER-006,FALSE
CDR2662,P321,P057,2026-01-26 05:03:00,858,Voice,TOWER-054,FALSE
CDR2663,P486,P496,2026-01-04 05:53:00,43,Voice,TOWER-052,FALSE
CDR2664,P315,P313,2026-05-07 22:32:00,744,Voice,TOWER-086,FALSE
CDR2665,P169,P067,2026-04-06 06:22:00,354,SMS,TOWER-072,FALSE
CDR2666,P310,P277,2026-03-16 00:31:00,305,Voice,TOWER-046,FALSE
CDR2667,P011,P487,2026-06-29 03:07:00,624,Voice,TOWER-014,FALSE
CDR2668,P370,P011,2026-04-14 06:54:00,493,Voice,TOWER-033,FALSE
CDR2669,P411,P195,2026-05-20 22:58:00,737,SMS,TOWER-082,FALSE
CDR2670,P047,P400,2026-05-22 00:36:00,705,Voice,TOWER-020,FALSE
CDR2671,P361,P171,2026-01-09 08:30:00,103,SMS,TOWER-089,FALSE
CDR2672,P468,P181,2026-02-20 12:03:00,427,SMS,TOWER-047,FALSE
CDR2673,P393,P284,2026-02-23 05:58:00,155,SMS,TOWER-051,FALSE
CDR2674,P033,P336,2026-07-16 03:27:00,888,Voice,TOWER-093,FALSE
CDR2675,P026,P266,2026-07-01 08:06:00,307,Voice,TOWER-006,FALSE
CDR2676,P108,P186,2026-01-13 12:26:00,762,Voice,TOWER-003,FALSE
CDR2677,P275,P102,2026-07-18 19:55:00,60,Voice,TOWER-039,FALSE
CDR2678,P081,P430,2026-05-18 06:11:00,337,Voice,TOWER-076,FALSE
CDR2679,P275,P203,2026-01-09 18:28:00,356,SMS,TOWER-027,FALSE
CDR2680,P441,P368,2026-02-22 03:39:00,127,SMS,TOWER-084,FALSE
CDR2681,P118,P149,2026-03-15 21:07:00,670,Voice,TOWER-031,FALSE
CDR2682,P411,P083,2026-04-27 14:32:00,875,Voice,TOWER-049,FALSE
CDR2683,P467,P192,2026-08-06 19:47:00,862,Voice,TOWER-002,FALSE
CDR2684,P170,P212,2026-02-02 13:16:00,68,Voice,TOWER-076,FALSE
CDR2685,P111,P284,2026-01-20 02:00:00,619,Voice,TOWER-009,FALSE
CDR2686,P376,P128,2026-07-21 08:34:00,126,Voice,TOWER-040,FALSE
CDR2687,P482,P007,2026-07-13 14:01:00,187,Voice,TOWER-043,FALSE
CDR2688,P019,P433,2026-04-12 11:08:00,566,Voice,TOWER-080,FALSE
CDR2689,P011,P387,2026-01-19 09:54:00,245,Voice,TOWER-034,FALSE
CDR2690,P482,P270,2026-03-22 07:51:00,437,SMS,TOWER-012,FALSE
CDR2691,P053,P257,2026-03-30 06:29:00,413,Voice,TOWER-069,FALSE
CDR2692,P204,P406,2026-01-10 00:06:00,840,Voice,TOWER-018,FALSE
CDR2693,P249,P022,2026-02-19 22:02:00,449,Voice,TOWER-045,FALSE
CDR2694,P081,P145,2026-07-28 06:53:00,479,SMS,TOWER-099,FALSE
CDR2695,P155,P013,2026-06-16 18:03:00,365,Voice,TOWER-010,FALSE
CDR2696,P118,P324,2026-02-02 03:22:00,367,Voice,TOWER-087,FALSE
CDR2697,P396,P353,2026-03-31 00:32:00,637,SMS,TOWER-064,FALSE
CDR2698,P127,P018,2026-03-15 20:07:00,643,SMS,TOWER-018,FALSE
CDR2699,P140,P384,2026-02-04 11:11:00,137,SMS,TOWER-018,FALSE
CDR2700,P064,P417,2026-06-03 17:09:00,495,SMS,TOWER-094,FALSE
CDR2701,P402,P194,2026-05-10 14:35:00,785,Voice,TOWER-052,FALSE
CDR2702,P336,P206,2026-06-26 21:10:00,716,Voice,TOWER-066,FALSE
CDR2703,P068,P419,2026-06-30 07:28:00,900,Voice,TOWER-085,FALSE
CDR2704,P380,P449,2026-07-13 05:56:00,231,SMS,TOWER-031,FALSE
CDR2705,P139,P442,2026-06-07 10:44:00,690,SMS,TOWER-004,FALSE
CDR2706,P044,P040,2026-02-01 23:02:00,416,Voice,TOWER-059,FALSE
CDR2707,P038,P259,2026-05-27 04:31:00,172,Voice,TOWER-055,FALSE
CDR2708,P370,P361,2026-06-07 09:06:00,537,Voice,TOWER-073,FALSE
CDR2709,P391,P376,2026-03-12 21:27:00,416,Voice,TOWER-051,FALSE
CDR2710,P213,P011,2026-04-29 06:42:00,573,Voice,TOWER-060,FALSE
CDR2711,P008,P381,2026-04-17 02:35:00,257,SMS,TOWER-073,FALSE
CDR2712,P426,P278,2026-07-14 22:55:00,341,SMS,TOWER-080,FALSE
CDR2713,P310,P471,2026-06-23 12:46:00,165,SMS,TOWER-042,FALSE
CDR2714,P078,P049,2026-08-08 15:22:00,399,SMS,TOWER-004,FALSE
CDR2715,P377,P302,2026-07-19 21:37:00,580,SMS,TOWER-095,FALSE
CDR2716,P406,P201,2026-07-13 18:26:00,40,Voice,TOWER-091,FALSE
CDR2717,P100,P426,2026-04-16 21:59:00,461,Voice,TOWER-100,FALSE
CDR2718,P311,P440,2026-05-22 02:18:00,574,Voice,TOWER-074,FALSE
CDR2719,P160,P402,2026-01-26 11:24:00,152,SMS,TOWER-051,FALSE
CDR2720,P166,P218,2026-05-08 18:22:00,557,SMS,TOWER-011,FALSE
CDR2721,P263,P381,2026-02-11 13:27:00,325,SMS,TOWER-006,FALSE
CDR2722,P012,P155,2026-01-21 10:03:00,379,Voice,TOWER-001,FALSE
CDR2723,P141,P235,2026-08-08 17:11:00,286,Voice,TOWER-067,FALSE
CDR2724,P104,P052,2026-06-12 19:44:00,513,SMS,TOWER-082,FALSE
CDR2725,P136,P497,2026-06-18 14:14:00,651,Voice,TOWER-083,FALSE
CDR2726,P336,P296,2026-01-07 01:34:00,613,Voice,TOWER-003,FALSE
CDR2727,P242,P193,2026-02-14 23:04:00,163,SMS,TOWER-082,FALSE
CDR2728,P150,P220,2026-01-05 19:16:00,529,SMS,TOWER-081,FALSE
CDR2729,P048,P114,2026-01-14 03:41:00,185,Voice,TOWER-052,FALSE
CDR2730,P496,P209,2026-08-07 17:13:00,195,Voice,TOWER-030,FALSE
CDR2731,P288,P143,2026-03-10 19:47:00,225,Voice,TOWER-082,FALSE
CDR2732,P248,P146,2026-07-24 04:17:00,182,Voice,TOWER-002,FALSE
CDR2733,P465,P360,2026-07-01 11:44:00,30,Voice,TOWER-034,FALSE
CDR2734,P274,P260,2026-03-04 21:36:00,676,SMS,TOWER-018,FALSE
CDR2735,P126,P196,2026-04-05 12:05:00,597,SMS,TOWER-047,FALSE
CDR2736,P009,P255,2026-03-29 02:19:00,821,SMS,TOWER-004,FALSE
CDR2737,P373,P202,2026-04-29 22:09:00,810,Voice,TOWER-083,FALSE
CDR2738,P488,P191,2026-04-11 21:14:00,689,SMS,TOWER-053,FALSE
CDR2739,P391,P280,2026-06-30 14:26:00,747,SMS,TOWER-070,FALSE
CDR2740,P366,P056,2026-06-29 11:26:00,380,SMS,TOWER-033,FALSE
CDR2741,P232,P115,2026-05-16 16:30:00,348,Voice,TOWER-036,FALSE
CDR2742,P296,P500,2026-05-19 15:37:00,572,SMS,TOWER-046,FALSE
CDR2743,P013,P204,2026-07-07 04:23:00,775,SMS,TOWER-065,FALSE
CDR2744,P395,P119,2026-03-14 04:45:00,585,Voice,TOWER-085,FALSE
CDR2745,P229,P190,2026-05-09 14:04:00,449,Voice,TOWER-054,FALSE
CDR2746,P245,P289,2026-06-30 01:12:00,411,SMS,TOWER-067,FALSE
CDR2747,P056,P330,2026-04-25 00:41:00,40,SMS,TOWER-061,FALSE
CDR2748,P160,P171,2026-05-13 20:42:00,14,SMS,TOWER-032,FALSE
CDR2749,P074,P415,2026-02-27 21:57:00,676,SMS,TOWER-099,FALSE
CDR2750,P323,P500,2026-08-11 02:59:00,682,SMS,TOWER-039,FALSE
CDR2751,P043,P049,2026-03-30 18:50:00,756,SMS,TOWER-077,FALSE
CDR2752,P288,P087,2026-05-03 18:38:00,42,SMS,TOWER-004,FALSE
CDR2753,P107,P443,2026-04-22 06:23:00,71,SMS,TOWER-093,FALSE
CDR2754,P483,P251,2026-01-12 14:34:00,554,SMS,TOWER-052,FALSE
CDR2755,P304,P128,2026-06-18 17:57:00,852,Voice,TOWER-007,FALSE
CDR2756,P043,P073,2026-06-16 17:03:00,186,Voice,TOWER-073,FALSE
CDR2757,P207,P316,2026-01-17 15:08:00,467,Voice,TOWER-095,FALSE
CDR2758,P430,P243,2026-06-28 09:52:00,874,SMS,TOWER-035,FALSE
CDR2759,P268,P371,2026-05-06 17:47:00,712,Voice,TOWER-031,FALSE
CDR2760,P430,P291,2026-07-24 16:49:00,74,SMS,TOWER-018,FALSE
CDR2761,P390,P120,2026-05-02 23:59:00,369,Voice,TOWER-046,FALSE
CDR2762,P031,P393,2026-01-14 23:59:00,715,Voice,TOWER-039,FALSE
CDR2763,P253,P130,2026-05-06 01:31:00,199,Voice,TOWER-040,FALSE
CDR2764,P211,P160,2026-03-18 08:32:00,76,Voice,TOWER-060,FALSE
CDR2765,P380,P173,2026-08-06 05:23:00,710,Voice,TOWER-029,FALSE
CDR2766,P428,P078,2026-06-28 22:32:00,862,SMS,TOWER-025,FALSE
CDR2767,P019,P165,2026-01-29 15:25:00,752,Voice,TOWER-015,FALSE
CDR2768,P353,P290,2026-02-21 18:52:00,371,Voice,TOWER-036,FALSE
CDR2769,P307,P209,2026-03-02 18:07:00,199,SMS,TOWER-034,FALSE
CDR2770,P447,P003,2026-02-24 05:52:00,870,SMS,TOWER-024,FALSE
CDR2771,P138,P354,2026-05-06 05:26:00,62,SMS,TOWER-064,FALSE
CDR2772,P108,P387,2026-03-23 08:29:00,577,SMS,TOWER-045,FALSE
CDR2773,P288,P407,2026-04-17 12:23:00,92,SMS,TOWER-081,FALSE
CDR2774,P251,P280,2026-06-07 01:32:00,827,Voice,TOWER-075,FALSE
CDR2775,P256,P161,2026-03-26 12:33:00,90,SMS,TOWER-086,FALSE
CDR2776,P492,P334,2026-04-21 20:12:00,376,SMS,TOWER-097,FALSE
CDR2777,P121,P165,2026-03-22 01:41:00,725,Voice,TOWER-098,FALSE
CDR2778,P237,P363,2026-06-02 03:28:00,200,Voice,TOWER-054,FALSE
CDR2779,P248,P264,2026-06-15 21:20:00,462,SMS,TOWER-050,FALSE
CDR2780,P285,P440,2026-02-04 18:12:00,153,Voice,TOWER-086,FALSE
CDR2781,P379,P376,2026-04-26 14:00:00,393,SMS,TOWER-093,FALSE
CDR2782,P042,P472,2026-03-02 17:23:00,273,Voice,TOWER-023,FALSE
CDR2783,P054,P218,2026-06-04 11:43:00,273,Voice,TOWER-066,FALSE
CDR2784,P359,P040,2026-06-10 22:54:00,24,Voice,TOWER-055,FALSE
CDR2785,P193,P066,2026-07-27 21:38:00,627,SMS,TOWER-031,FALSE
CDR2786,P388,P007,2026-01-08 08:18:00,250,SMS,TOWER-010,FALSE
CDR2787,P083,P267,2026-06-08 16:18:00,70,SMS,TOWER-043,FALSE
CDR2788,P384,P063,2026-01-12 19:52:00,748,Voice,TOWER-017,FALSE
CDR2789,P086,P102,2026-06-02 11:17:00,702,Voice,TOWER-023,FALSE
CDR2790,P225,P446,2026-03-20 09:26:00,244,Voice,TOWER-040,FALSE
CDR2791,P498,P059,2026-07-02 19:15:00,102,SMS,TOWER-084,FALSE
CDR2792,P020,P454,2026-02-25 10:24:00,388,Voice,TOWER-052,FALSE
CDR2793,P218,P254,2026-04-19 10:02:00,889,Voice,TOWER-071,FALSE
CDR2794,P088,P321,2026-03-05 23:19:00,253,Voice,TOWER-032,FALSE
CDR2795,P412,P269,2026-04-03 23:17:00,380,SMS,TOWER-057,FALSE
CDR2796,P250,P072,2026-05-18 20:13:00,630,Voice,TOWER-015,FALSE
CDR2797,P384,P448,2026-05-01 14:22:00,34,SMS,TOWER-081,FALSE
CDR2798,P281,P215,2026-04-05 05:05:00,97,Voice,TOWER-083,FALSE
CDR2799,P205,P005,2026-04-19 22:03:00,639,SMS,TOWER-029,FALSE
CDR2800,P152,P061,2026-01-31 18:51:00,712,Voice,TOWER-086,FALSE
CDR2801,P223,P151,2026-08-02 02:02:00,131,Voice,TOWER-042,FALSE
CDR2802,P369,P473,2026-01-06 18:03:00,709,Voice,TOWER-087,FALSE
CDR2803,P451,P347,2026-06-20 06:49:00,409,SMS,TOWER-009,FALSE
CDR2804,P139,P268,2026-06-14 12:53:00,175,Voice,TOWER-055,FALSE
CDR2805,P166,P315,2026-02-21 10:18:00,95,Voice,TOWER-094,FALSE
CDR2806,P456,P191,2026-07-03 06:56:00,849,Voice,TOWER-021,FALSE
CDR2807,P289,P333,2026-02-05 15:54:00,262,SMS,TOWER-073,FALSE
CDR2808,P085,P073,2026-01-28 11:52:00,463,Voice,TOWER-087,FALSE
CDR2809,P149,P268,2026-06-17 15:59:00,505,Voice,TOWER-099,FALSE
CDR2810,P351,P105,2026-01-10 19:05:00,588,SMS,TOWER-063,FALSE
CDR2811,P412,P315,2026-01-01 08:33:00,309,SMS,TOWER-077,FALSE
CDR2812,P488,P366,2026-08-14 06:43:00,92,SMS,TOWER-026,FALSE
CDR2813,P191,P266,2026-01-21 13:31:00,335,Voice,TOWER-002,FALSE
CDR2814,P310,P129,2026-03-06 15:43:00,804,SMS,TOWER-096,FALSE
CDR2815,P242,P237,2026-07-09 14:19:00,516,Voice,TOWER-028,FALSE
CDR2816,P108,P480,2026-04-23 18:00:00,66,Voice,TOWER-077,FALSE
CDR2817,P170,P475,2026-04-26 03:04:00,473,SMS,TOWER-007,FALSE
CDR2818,P383,P369,2026-03-28 13:24:00,58,SMS,TOWER-002,FALSE
CDR2819,P437,P476,2026-08-09 02:57:00,817,Voice,TOWER-035,FALSE
CDR2820,P070,P085,2026-05-29 13:55:00,480,SMS,TOWER-039,FALSE
CDR2821,P269,P367,2026-08-16 17:07:00,738,Voice,TOWER-031,FALSE
CDR2822,P425,P243,2026-06-04 08:39:00,108,Voice,TOWER-010,FALSE
CDR2823,P006,P163,2026-03-30 16:29:00,690,Voice,TOWER-058,FALSE
CDR2824,P214,P092,2026-03-04 19:31:00,778,SMS,TOWER-013,FALSE
CDR2825,P077,P241,2026-03-30 17:20:00,394,Voice,TOWER-013,FALSE
CDR2826,P035,P003,2026-07-18 14:34:00,162,Voice,TOWER-013,FALSE
CDR2827,P160,P360,2026-03-27 13:38:00,570,Voice,TOWER-047,FALSE
CDR2828,P097,P103,2026-03-27 22:36:00,799,Voice,TOWER-088,FALSE
CDR2829,P356,P049,2026-01-28 23:03:00,698,SMS,TOWER-067,FALSE
CDR2830,P276,P235,2026-02-14 06:11:00,662,SMS,TOWER-029,FALSE
CDR2831,P170,P049,2026-06-01 05:15:00,253,Voice,TOWER-084,FALSE
CDR2832,P032,P320,2026-06-24 08:33:00,765,SMS,TOWER-077,FALSE
CDR2833,P240,P305,2026-01-05 14:21:00,532,SMS,TOWER-083,FALSE
CDR2834,P081,P035,2026-06-26 23:32:00,198,Voice,TOWER-006,FALSE
CDR2835,P180,P326,2026-01-09 10:09:00,92,SMS,TOWER-090,FALSE
CDR2836,P287,P453,2026-02-06 07:23:00,495,Voice,TOWER-059,FALSE
CDR2837,P116,P177,2026-02-11 13:22:00,285,SMS,TOWER-004,FALSE
CDR2838,P322,P008,2026-07-14 02:35:00,338,Voice,TOWER-024,FALSE
CDR2839,P476,P099,2026-03-20 21:28:00,551,SMS,TOWER-011,FALSE
CDR2840,P141,P146,2026-02-10 02:19:00,608,Voice,TOWER-080,FALSE
CDR2841,P421,P467,2026-04-07 10:07:00,321,SMS,TOWER-034,FALSE
CDR2842,P445,P219,2026-05-13 07:09:00,493,Voice,TOWER-079,FALSE
CDR2843,P300,P374,2026-05-24 23:18:00,408,Voice,TOWER-077,FALSE
CDR2844,P157,P189,2026-03-09 17:51:00,520,Voice,TOWER-031,FALSE
CDR2845,P320,P393,2026-06-09 21:42:00,710,Voice,TOWER-089,FALSE
CDR2846,P207,P479,2026-07-02 10:01:00,778,Voice,TOWER-055,FALSE
CDR2847,P131,P288,2026-03-29 13:40:00,420,Voice,TOWER-018,FALSE
CDR2848,P278,P329,2026-05-27 06:19:00,400,SMS,TOWER-070,FALSE
CDR2849,P338,P104,2026-03-21 15:32:00,391,SMS,TOWER-064,FALSE
CDR2850,P040,P304,2026-03-17 12:55:00,210,SMS,TOWER-096,FALSE
CDR2851,P079,P053,2026-04-15 07:26:00,57,Voice,TOWER-094,FALSE
CDR2852,P375,P111,2026-02-20 21:30:00,681,SMS,TOWER-086,FALSE
CDR2853,P144,P092,2026-05-19 15:18:00,319,SMS,TOWER-051,FALSE
CDR2854,P135,P289,2026-05-19 19:31:00,444,Voice,TOWER-094,FALSE
CDR2855,P053,P065,2026-03-21 12:30:00,706,Voice,TOWER-010,TRUE
CDR2856,P409,P268,2026-06-16 10:00:00,109,SMS,TOWER-023,FALSE
CDR2857,P301,P331,2026-08-16 23:54:00,393,Voice,TOWER-038,FALSE
CDR2858,P393,P197,2026-07-06 04:19:00,625,SMS,TOWER-069,FALSE
CDR2859,P170,P295,2026-06-03 11:06:00,435,SMS,TOWER-062,FALSE
CDR2860,P396,P437,2026-01-10 21:47:00,407,SMS,TOWER-049,FALSE
CDR2861,P304,P310,2026-07-16 02:46:00,406,SMS,TOWER-003,FALSE
CDR2862,P142,P495,2026-03-20 19:22:00,582,Voice,TOWER-001,FALSE
CDR2863,P414,P378,2026-01-11 07:20:00,235,SMS,TOWER-088,FALSE
CDR2864,P447,P316,2026-08-08 16:09:00,243,SMS,TOWER-094,FALSE
CDR2865,P343,P466,2026-03-24 15:40:00,90,SMS,TOWER-074,FALSE
CDR2866,P243,P108,2026-03-07 22:41:00,158,Voice,TOWER-085,FALSE
CDR2867,P087,P002,2026-03-03 01:05:00,69,SMS,TOWER-043,FALSE
CDR2868,P402,P119,2026-08-06 20:06:00,75,Voice,TOWER-034,FALSE
CDR2869,P111,P047,2026-01-19 03:51:00,712,Voice,TOWER-075,FALSE
CDR2870,P476,P412,2026-02-04 07:01:00,472,Voice,TOWER-017,FALSE
CDR2871,P315,P076,2026-07-06 23:34:00,501,Voice,TOWER-067,FALSE
CDR2872,P074,P085,2026-03-12 02:47:00,559,Voice,TOWER-058,FALSE
CDR2873,P244,P448,2026-08-01 09:43:00,420,Voice,TOWER-062,FALSE
CDR2874,P001,P166,2026-05-02 20:21:00,548,SMS,TOWER-074,FALSE
CDR2875,P040,P459,2026-06-23 16:39:00,605,SMS,TOWER-080,FALSE
CDR2876,P497,P027,2026-08-07 13:13:00,175,Voice,TOWER-014,FALSE
CDR2877,P071,P262,2026-06-28 12:35:00,295,SMS,TOWER-043,FALSE
CDR2878,P414,P226,2026-06-02 00:14:00,765,Voice,TOWER-071,FALSE
CDR2879,P218,P341,2026-08-14 15:59:00,114,Voice,TOWER-056,FALSE
CDR2880,P242,P168,2026-01-29 00:34:00,657,SMS,TOWER-053,FALSE
CDR2881,P155,P257,2026-03-30 13:35:00,427,Voice,TOWER-013,FALSE
CDR2882,P390,P061,2026-03-03 05:25:00,385,SMS,TOWER-058,FALSE
CDR2883,P124,P287,2026-03-06 19:27:00,781,SMS,TOWER-014,FALSE
CDR2884,P202,P194,2026-06-02 09:22:00,633,SMS,TOWER-028,FALSE
CDR2885,P397,P198,2026-06-27 16:14:00,529,Voice,TOWER-012,FALSE
CDR2886,P362,P243,2026-07-28 23:19:00,226,Voice,TOWER-051,FALSE
CDR2887,P182,P160,2026-07-13 02:43:00,180,Voice,TOWER-015,FALSE
CDR2888,P430,P268,2026-03-17 10:22:00,23,SMS,TOWER-010,FALSE
CDR2889,P163,P272,2026-06-05 02:36:00,366,Voice,TOWER-088,FALSE
CDR2890,P041,P453,2026-03-04 12:41:00,237,Voice,TOWER-054,FALSE
CDR2891,P310,P432,2026-02-13 21:14:00,257,Voice,TOWER-061,FALSE
CDR2892,P110,P490,2026-08-12 12:31:00,347,SMS,TOWER-075,FALSE
CDR2893,P086,P485,2026-01-14 08:05:00,56,SMS,TOWER-089,FALSE
CDR2894,P325,P427,2026-08-08 04:48:00,258,SMS,TOWER-087,FALSE
CDR2895,P143,P365,2026-03-01 11:18:00,777,SMS,TOWER-048,FALSE
CDR2896,P074,P431,2026-07-07 19:54:00,525,Voice,TOWER-044,FALSE
CDR2897,P224,P287,2026-06-03 07:36:00,850,Voice,TOWER-088,FALSE
CDR2898,P227,P251,2026-08-06 14:47:00,571,Voice,TOWER-020,FALSE
CDR2899,P356,P404,2026-06-25 10:17:00,760,Voice,TOWER-078,FALSE
CDR2900,P129,P351,2026-02-26 02:47:00,339,SMS,TOWER-014,FALSE
CDR2901,P062,P286,2026-06-09 10:49:00,81,Voice,TOWER-042,FALSE
CDR2902,P461,P223,2026-07-23 00:49:00,78,SMS,TOWER-064,FALSE
CDR2903,P334,P179,2026-06-03 06:30:00,118,Voice,TOWER-091,FALSE
CDR2904,P092,P013,2026-03-10 09:37:00,48,Voice,TOWER-090,FALSE
CDR2905,P444,P188,2026-07-17 08:04:00,595,SMS,TOWER-046,FALSE
CDR2906,P438,P239,2026-04-05 00:15:00,222,SMS,TOWER-041,FALSE
CDR2907,P395,P344,2026-03-27 02:34:00,408,Voice,TOWER-100,FALSE
CDR2908,P178,P373,2026-01-20 04:41:00,18,SMS,TOWER-077,FALSE
CDR2909,P218,P110,2026-05-26 14:45:00,764,SMS,TOWER-100,FALSE
CDR2910,P316,P287,2026-08-15 09:02:00,611,SMS,TOWER-090,FALSE
CDR2911,P449,P472,2026-04-22 08:35:00,817,SMS,TOWER-018,FALSE
CDR2912,P481,P098,2026-04-12 01:24:00,42,Voice,TOWER-090,FALSE
CDR2913,P196,P192,2026-02-09 04:19:00,661,Voice,TOWER-043,FALSE
CDR2914,P092,P478,2026-02-03 20:11:00,530,Voice,TOWER-009,FALSE
CDR2915,P383,P006,2026-03-17 01:45:00,646,SMS,TOWER-025,FALSE
CDR2916,P101,P227,2026-06-06 02:50:00,499,Voice,TOWER-016,FALSE
CDR2917,P185,P270,2026-06-24 08:00:00,733,SMS,TOWER-002,FALSE
CDR2918,P100,P003,2026-03-07 15:07:00,676,Voice,TOWER-083,FALSE
CDR2919,P301,P159,2026-03-04 03:54:00,286,Voice,TOWER-089,FALSE
CDR2920,P169,P049,2026-08-13 13:03:00,820,Voice,TOWER-008,FALSE
CDR2921,P467,P189,2026-05-30 22:19:00,261,Voice,TOWER-094,FALSE
CDR2922,P469,P130,2026-03-27 10:44:00,325,Voice,TOWER-013,FALSE
CDR2923,P258,P472,2026-07-18 03:58:00,819,SMS,TOWER-038,FALSE
CDR2924,P007,P311,2026-04-08 17:47:00,789,SMS,TOWER-020,FALSE
CDR2925,P140,P018,2026-01-12 05:17:00,296,Voice,TOWER-097,FALSE
CDR2926,P332,P141,2026-05-14 22:22:00,625,SMS,TOWER-057,FALSE
CDR2927,P329,P246,2026-05-30 18:27:00,103,Voice,TOWER-086,FALSE
CDR2928,P204,P023,2026-07-07 09:59:00,76,SMS,TOWER-054,FALSE
CDR2929,P357,P361,2026-04-10 17:56:00,831,SMS,TOWER-014,FALSE
CDR2930,P130,P141,2026-04-23 11:27:00,207,Voice,TOWER-025,FALSE
CDR2931,P321,P030,2026-06-20 04:42:00,328,Voice,TOWER-039,FALSE
CDR2932,P498,P293,2026-04-29 06:02:00,710,Voice,TOWER-066,FALSE
CDR2933,P422,P016,2026-03-07 04:51:00,87,Voice,TOWER-004,FALSE
CDR2934,P442,P368,2026-03-14 16:25:00,337,SMS,TOWER-024,FALSE
CDR2935,P475,P242,2026-07-30 09:49:00,189,Voice,TOWER-082,FALSE
CDR2936,P312,P324,2026-03-05 12:48:00,401,SMS,TOWER-056,FALSE
CDR2937,P233,P252,2026-08-01 07:05:00,443,Voice,TOWER-100,FALSE
CDR2938,P089,P243,2026-03-03 02:57:00,249,Voice,TOWER-069,FALSE
CDR2939,P384,P448,2026-05-20 17:01:00,266,Voice,TOWER-009,FALSE
CDR2940,P332,P385,2026-08-16 14:18:00,811,Voice,TOWER-078,FALSE
CDR2941,P280,P414,2026-01-06 21:55:00,822,Voice,TOWER-040,FALSE
CDR2942,P054,P020,2026-02-16 04:08:00,656,Voice,TOWER-038,FALSE
CDR2943,P190,P015,2026-01-01 19:13:00,699,Voice,TOWER-066,FALSE
CDR2944,P314,P458,2026-03-10 09:12:00,205,Voice,TOWER-039,FALSE
CDR2945,P366,P079,2026-07-08 09:02:00,245,Voice,TOWER-033,FALSE
CDR2946,P362,P377,2026-03-17 23:32:00,114,SMS,TOWER-056,FALSE
CDR2947,P091,P446,2026-08-11 22:18:00,48,SMS,TOWER-100,FALSE
CDR2948,P436,P068,2026-05-12 18:57:00,189,SMS,TOWER-032,FALSE
CDR2949,P043,P215,2026-07-24 15:00:00,645,Voice,TOWER-071,FALSE
CDR2950,P428,P434,2026-05-01 01:34:00,470,SMS,TOWER-027,FALSE
CDR2951,P062,P029,2026-05-04 19:11:00,32,SMS,TOWER-021,FALSE
CDR2952,P228,P327,2026-07-23 16:28:00,545,SMS,TOWER-078,FALSE
CDR2953,P364,P032,2026-04-10 00:35:00,501,Voice,TOWER-032,FALSE
CDR2954,P161,P050,2026-07-27 06:46:00,629,SMS,TOWER-037,FALSE
CDR2955,P440,P279,2026-04-29 23:15:00,625,Voice,TOWER-061,FALSE
CDR2956,P143,P437,2026-05-28 09:41:00,274,SMS,TOWER-016,FALSE
CDR2957,P100,P336,2026-07-20 01:08:00,14,Voice,TOWER-098,FALSE
CDR2958,P315,P378,2026-08-04 12:15:00,358,SMS,TOWER-018,FALSE
CDR2959,P009,P171,2026-07-20 10:09:00,476,Voice,TOWER-036,FALSE
CDR2960,P429,P345,2026-04-14 16:38:00,635,SMS,TOWER-086,FALSE
CDR2961,P435,P461,2026-05-18 08:49:00,454,SMS,TOWER-058,FALSE
CDR2962,P163,P460,2026-08-03 11:08:00,603,SMS,TOWER-059,FALSE
CDR2963,P364,P087,2026-01-06 23:18:00,119,SMS,TOWER-090,FALSE
CDR2964,P464,P301,2026-01-09 02:24:00,897,SMS,TOWER-075,FALSE
CDR2965,P370,P484,2026-01-19 17:55:00,277,SMS,TOWER-011,FALSE
CDR2966,P188,P265,2026-01-30 09:59:00,786,Voice,TOWER-068,FALSE
CDR2967,P008,P482,2026-04-05 22:07:00,743,SMS,TOWER-014,FALSE
CDR2968,P341,P207,2026-05-03 14:19:00,859,SMS,TOWER-054,FALSE
CDR2969,P214,P429,2026-06-07 08:03:00,10,SMS,TOWER-010,FALSE
CDR2970,P342,P343,2026-07-17 15:13:00,442,Voice,TOWER-088,FALSE
CDR2971,P032,P034,2026-02-04 22:10:00,688,SMS,TOWER-034,FALSE
CDR2972,P099,P423,2026-07-24 23:21:00,709,Voice,TOWER-027,FALSE
CDR2973,P390,P257,2026-04-14 10:23:00,386,SMS,TOWER-074,FALSE
CDR2974,P076,P374,2026-07-08 06:41:00,294,SMS,TOWER-098,FALSE
CDR2975,P137,P043,2026-01-07 01:23:00,810,SMS,TOWER-053,FALSE
CDR2976,P089,P228,2026-07-29 22:31:00,244,SMS,TOWER-044,FALSE
CDR2977,P023,P142,2026-04-24 04:23:00,854,SMS,TOWER-023,FALSE
CDR2978,P312,P102,2026-07-24 06:00:00,492,Voice,TOWER-043,FALSE
CDR2979,P353,P259,2026-06-12 06:36:00,44,Voice,TOWER-043,FALSE
CDR2980,P210,P089,2026-01-21 06:41:00,708,Voice,TOWER-069,FALSE
CDR2981,P326,P383,2026-04-28 20:45:00,512,SMS,TOWER-096,FALSE
CDR2982,P432,P429,2026-03-04 18:42:00,860,SMS,TOWER-066,FALSE
CDR2983,P482,P002,2026-01-26 23:25:00,788,Voice,TOWER-067,FALSE
CDR2984,P160,P141,2026-04-15 16:24:00,786,SMS,TOWER-072,FALSE
CDR2985,P288,P180,2026-01-19 20:22:00,210,SMS,TOWER-066,FALSE
CDR2986,P061,P175,2026-05-08 17:17:00,747,Voice,TOWER-003,FALSE
CDR2987,P239,P291,2026-01-29 22:23:00,154,SMS,TOWER-071,FALSE
CDR2988,P429,P357,2026-07-30 11:33:00,351,Voice,TOWER-079,FALSE
CDR2989,P045,P290,2026-03-17 20:59:00,311,SMS,TOWER-019,TRUE
CDR2990,P477,P238,2026-06-28 07:17:00,546,SMS,TOWER-098,FALSE
CDR2991,P046,P060,2026-06-22 21:17:00,231,SMS,TOWER-042,FALSE
CDR2992,P471,P047,2026-06-01 01:55:00,208,SMS,TOWER-028,FALSE
CDR2993,P094,P374,2026-04-03 09:07:00,298,Voice,TOWER-081,FALSE
CDR2994,P045,P096,2026-08-05 16:21:00,530,SMS,TOWER-096,FALSE
CDR2995,P163,P303,2026-03-31 01:23:00,560,Voice,TOWER-087,FALSE
CDR2996,P321,P495,2026-02-24 19:25:00,389,SMS,TOWER-087,FALSE
CDR2997,P011,P393,2026-06-03 12:41:00,741,Voice,TOWER-058,FALSE
CDR2998,P087,P404,2026-03-22 00:59:00,467,SMS,TOWER-036,FALSE
CDR2999,P006,P112,2026-05-11 02:22:00,448,Voice,TOWER-087,FALSE
CDR3000,P327,P192,2026-05-31 13:00:00,407,Voice,TOWER-051,FALSE
CDR3001,P236,P042,2026-06-11 20:04:00,723,Voice,TOWER-066,FALSE
CDR3002,P450,P371,2026-08-12 15:25:00,577,SMS,TOWER-064,FALSE
CDR3003,P483,P127,2026-04-07 11:18:00,801,SMS,TOWER-079,FALSE
CDR3004,P158,P429,2026-04-10 06:08:00,675,Voice,TOWER-037,FALSE
CDR3005,P349,P329,2026-07-02 22:20:00,151,SMS,TOWER-025,FALSE
CDR3006,P483,P462,2026-06-12 10:18:00,816,SMS,TOWER-004,FALSE
CDR3007,P443,P098,2026-03-29 09:22:00,486,SMS,TOWER-072,FALSE
CDR3008,P383,P387,2026-06-23 01:24:00,281,Voice,TOWER-003,FALSE
CDR3009,P378,P068,2026-06-24 18:27:00,373,Voice,TOWER-040,FALSE
CDR3010,P159,P028,2026-08-06 06:40:00,214,SMS,TOWER-012,FALSE
CDR3011,P195,P362,2026-01-28 16:22:00,492,Voice,TOWER-084,FALSE
CDR3012,P147,P092,2026-03-17 17:11:00,612,Voice,TOWER-005,FALSE
CDR3013,P143,P072,2026-01-17 22:25:00,294,Voice,TOWER-053,FALSE
CDR3014,P290,P162,2026-05-16 15:50:00,753,Voice,TOWER-031,FALSE
CDR3015,P212,P116,2026-04-16 18:28:00,361,Voice,TOWER-068,FALSE
CDR3016,P428,P097,2026-05-02 10:26:00,442,SMS,TOWER-032,FALSE
CDR3017,P140,P453,2026-05-05 12:03:00,215,Voice,TOWER-053,FALSE
CDR3018,P103,P091,2026-06-06 11:58:00,656,Voice,TOWER-005,FALSE
CDR3019,P152,P133,2026-04-05 17:54:00,885,Voice,TOWER-009,FALSE
CDR3020,P358,P226,2026-01-22 19:40:00,844,SMS,TOWER-075,FALSE
CDR3021,P136,P048,2026-05-12 16:20:00,89,Voice,TOWER-077,FALSE
CDR3022,P251,P182,2026-08-06 16:07:00,615,SMS,TOWER-041,FALSE
CDR3023,P297,P187,2026-01-30 06:06:00,114,SMS,TOWER-065,FALSE
CDR3024,P179,P396,2026-03-20 07:01:00,468,SMS,TOWER-052,FALSE
CDR3025,P329,P268,2026-06-05 05:48:00,757,SMS,TOWER-061,FALSE
CDR3026,P231,P425,2026-06-13 08:36:00,105,SMS,TOWER-066,FALSE
CDR3027,P324,P352,2026-06-27 06:15:00,297,SMS,TOWER-094,FALSE
CDR3028,P426,P088,2026-08-01 11:08:00,697,SMS,TOWER-071,FALSE
CDR3029,P019,P487,2026-02-23 14:47:00,26,SMS,TOWER-092,FALSE
CDR3030,P428,P300,2026-02-18 11:37:00,361,SMS,TOWER-003,FALSE
CDR3031,P198,P080,2026-07-11 18:50:00,79,SMS,TOWER-092,FALSE
CDR3032,P276,P292,2026-03-01 17:40:00,718,Voice,TOWER-001,FALSE
CDR3033,P108,P360,2026-03-07 17:03:00,200,SMS,TOWER-055,FALSE
CDR3034,P223,P178,2026-04-15 01:07:00,333,SMS,TOWER-062,FALSE
CDR3035,P331,P416,2026-03-30 02:21:00,442,Voice,TOWER-020,FALSE
CDR3036,P350,P408,2026-01-25 10:12:00,373,Voice,TOWER-028,FALSE
CDR3037,P148,P107,2026-02-02 03:02:00,395,Voice,TOWER-040,FALSE
CDR3038,P176,P359,2026-06-26 10:05:00,898,Voice,TOWER-028,FALSE
CDR3039,P496,P258,2026-07-20 21:22:00,102,SMS,TOWER-059,FALSE
CDR3040,P283,P425,2026-07-02 04:03:00,277,SMS,TOWER-039,FALSE
CDR3041,P381,P407,2026-04-21 02:48:00,12,Voice,TOWER-042,FALSE
CDR3042,P138,P047,2026-08-09 12:45:00,115,Voice,TOWER-096,FALSE
CDR3043,P263,P396,2026-03-02 14:45:00,241,SMS,TOWER-083,FALSE
CDR3044,P108,P133,2026-03-24 03:50:00,94,SMS,TOWER-053,FALSE
CDR3045,P112,P240,2026-04-23 21:38:00,895,SMS,TOWER-062,FALSE
CDR3046,P134,P017,2026-04-21 02:48:00,102,Voice,TOWER-047,FALSE
CDR3047,P473,P060,2026-01-28 19:11:00,202,Voice,TOWER-019,FALSE
CDR3048,P265,P338,2026-05-10 09:01:00,210,SMS,TOWER-054,FALSE
CDR3049,P324,P096,2026-04-26 21:10:00,90,SMS,TOWER-027,FALSE
CDR3050,P244,P072,2026-08-15 11:07:00,804,SMS,TOWER-082,FALSE
CDR3051,P240,P301,2026-03-03 02:08:00,510,SMS,TOWER-044,FALSE
CDR3052,P166,P191,2026-08-15 16:31:00,69,SMS,TOWER-091,FALSE
CDR3053,P289,P194,2026-01-28 15:53:00,577,SMS,TOWER-043,FALSE
CDR3054,P338,P302,2026-05-12 10:31:00,869,Voice,TOWER-049,FALSE
CDR3055,P462,P018,2026-06-17 17:47:00,645,Voice,TOWER-028,FALSE
CDR3056,P166,P360,2026-07-15 21:26:00,884,Voice,TOWER-076,FALSE
CDR3057,P054,P323,2026-03-22 05:21:00,790,Voice,TOWER-071,FALSE
CDR3058,P184,P446,2026-01-15 22:43:00,210,Voice,TOWER-034,FALSE
CDR3059,P462,P005,2026-05-21 05:44:00,140,Voice,TOWER-040,FALSE
CDR3060,P082,P216,2026-02-27 03:45:00,632,SMS,TOWER-074,FALSE
CDR3061,P244,P172,2026-06-18 16:28:00,257,Voice,TOWER-076,FALSE
CDR3062,P173,P332,2026-02-06 23:50:00,537,SMS,TOWER-020,FALSE
CDR3063,P463,P052,2026-06-21 21:59:00,312,Voice,TOWER-012,FALSE
CDR3064,P096,P468,2026-04-18 16:03:00,100,Voice,TOWER-032,FALSE
CDR3065,P184,P157,2026-01-31 12:40:00,666,SMS,TOWER-047,FALSE
CDR3066,P084,P240,2026-03-13 06:43:00,74,SMS,TOWER-029,FALSE
CDR3067,P280,P096,2026-01-15 04:42:00,837,SMS,TOWER-038,FALSE
CDR3068,P386,P012,2026-01-04 17:40:00,555,Voice,TOWER-086,FALSE
CDR3069,P225,P415,2026-02-06 08:08:00,641,SMS,TOWER-047,FALSE
CDR3070,P316,P234,2026-08-12 12:26:00,689,SMS,TOWER-041,FALSE
CDR3071,P304,P295,2026-06-16 05:59:00,869,SMS,TOWER-031,FALSE
CDR3072,P356,P223,2026-04-22 04:51:00,320,Voice,TOWER-072,FALSE
CDR3073,P375,P205,2026-03-08 21:44:00,110,Voice,TOWER-053,FALSE
CDR3074,P243,P428,2026-08-12 12:07:00,622,SMS,TOWER-044,FALSE
CDR3075,P125,P130,2026-02-25 14:19:00,324,Voice,TOWER-080,FALSE
CDR3076,P371,P192,2026-02-07 11:50:00,117,SMS,TOWER-083,FALSE
CDR3077,P308,P173,2026-05-19 13:10:00,105,Voice,TOWER-008,FALSE
CDR3078,P248,P348,2026-07-11 16:04:00,173,SMS,TOWER-018,FALSE
CDR3079,P206,P154,2026-02-14 23:08:00,154,SMS,TOWER-065,FALSE
CDR3080,P021,P498,2026-02-15 20:31:00,95,SMS,TOWER-046,FALSE
CDR3081,P476,P450,2026-05-27 09:40:00,810,SMS,TOWER-080,FALSE
CDR3082,P120,P391,2026-07-26 23:27:00,159,Voice,TOWER-068,FALSE
CDR3083,P479,P462,2026-03-12 11:17:00,518,Voice,TOWER-096,FALSE
CDR3084,P475,P260,2026-01-02 09:55:00,592,Voice,TOWER-018,FALSE
CDR3085,P056,P216,2026-05-09 01:09:00,788,Voice,TOWER-071,FALSE
CDR3086,P219,P397,2026-08-17 09:24:00,730,Voice,TOWER-021,FALSE
CDR3087,P138,P489,2026-02-23 01:44:00,670,SMS,TOWER-035,FALSE
CDR3088,P296,P206,2026-07-23 11:21:00,515,Voice,TOWER-033,FALSE
CDR3089,P304,P015,2026-03-11 16:15:00,135,Voice,TOWER-079,FALSE
CDR3090,P084,P263,2026-05-08 07:16:00,352,Voice,TOWER-092,FALSE
CDR3091,P086,P473,2026-01-17 06:33:00,534,Voice,TOWER-091,FALSE
CDR3092,P154,P454,2026-02-23 16:10:00,538,SMS,TOWER-003,FALSE
CDR3093,P306,P495,2026-05-19 09:23:00,575,Voice,TOWER-023,FALSE
CDR3094,P358,P483,2026-03-08 05:43:00,438,SMS,TOWER-039,FALSE
CDR3095,P269,P102,2026-06-23 17:00:00,833,SMS,TOWER-089,FALSE
CDR3096,P488,P498,2026-08-09 23:56:00,52,Voice,TOWER-033,FALSE
CDR3097,P291,P385,2026-01-31 09:02:00,756,SMS,TOWER-056,FALSE
CDR3098,P072,P067,2026-05-23 18:35:00,275,Voice,TOWER-005,FALSE
CDR3099,P340,P171,2026-02-04 03:21:00,347,SMS,TOWER-056,FALSE
CDR3100,P404,P492,2026-02-18 23:36:00,582,SMS,TOWER-068,FALSE
CDR3101,P028,P497,2026-07-05 04:43:00,463,SMS,TOWER-045,FALSE
CDR3102,P047,P159,2026-06-04 22:40:00,638,Voice,TOWER-010,FALSE
CDR3103,P406,P393,2026-03-17 00:05:00,63,SMS,TOWER-083,FALSE
CDR3104,P073,P411,2026-02-16 14:16:00,151,Voice,TOWER-012,FALSE
CDR3105,P178,P235,2026-02-05 13:36:00,898,Voice,TOWER-072,FALSE
CDR3106,P203,P085,2026-05-20 03:37:00,296,SMS,TOWER-076,FALSE
CDR3107,P236,P001,2026-04-11 21:17:00,467,Voice,TOWER-097,FALSE
CDR3108,P338,P076,2026-07-30 05:33:00,229,Voice,TOWER-027,FALSE
CDR3109,P103,P453,2026-04-30 21:12:00,748,SMS,TOWER-067,FALSE
CDR3110,P089,P155,2026-08-02 16:05:00,793,SMS,TOWER-094,FALSE
CDR3111,P158,P042,2026-03-31 12:38:00,745,SMS,TOWER-040,FALSE
CDR3112,P095,P121,2026-01-27 17:32:00,781,Voice,TOWER-034,FALSE
CDR3113,P440,P105,2026-06-17 08:03:00,758,Voice,TOWER-047,FALSE
CDR3114,P224,P047,2026-03-26 23:07:00,141,Voice,TOWER-076,FALSE
CDR3115,P371,P126,2026-05-11 11:48:00,763,SMS,TOWER-061,FALSE
CDR3116,P079,P351,2026-03-20 07:09:00,849,SMS,TOWER-094,FALSE
CDR3117,P285,P433,2026-03-22 11:40:00,757,SMS,TOWER-064,FALSE
CDR3118,P398,P192,2026-01-03 20:23:00,271,SMS,TOWER-081,FALSE
CDR3119,P003,P245,2026-07-12 12:01:00,433,SMS,TOWER-049,FALSE
CDR3120,P082,P177,2026-02-24 08:09:00,180,SMS,TOWER-100,FALSE
CDR3121,P052,P242,2026-07-14 17:07:00,172,Voice,TOWER-092,FALSE
CDR3122,P282,P352,2026-07-15 08:11:00,788,Voice,TOWER-068,FALSE
CDR3123,P202,P358,2026-03-21 11:49:00,392,Voice,TOWER-006,FALSE
CDR3124,P109,P468,2026-06-09 00:43:00,536,SMS,TOWER-055,FALSE
CDR3125,P242,P343,2026-07-14 20:27:00,707,SMS,TOWER-063,FALSE
CDR3126,P193,P426,2026-05-30 02:18:00,524,Voice,TOWER-079,FALSE
CDR3127,P238,P362,2026-05-26 08:28:00,830,Voice,TOWER-062,FALSE
CDR3128,P125,P391,2026-04-08 20:49:00,598,SMS,TOWER-074,FALSE
CDR3129,P470,P050,2026-06-22 22:07:00,91,Voice,TOWER-046,FALSE
CDR3130,P199,P066,2026-03-15 01:26:00,499,SMS,TOWER-045,FALSE
CDR3131,P163,P391,2026-05-01 01:25:00,172,SMS,TOWER-036,FALSE
CDR3132,P479,P069,2026-07-15 16:18:00,293,Voice,TOWER-088,FALSE
CDR3133,P205,P396,2026-01-24 10:28:00,308,SMS,TOWER-088,FALSE
CDR3134,P168,P460,2026-02-26 23:25:00,340,Voice,TOWER-096,FALSE
CDR3135,P145,P420,2026-02-12 21:29:00,643,SMS,TOWER-055,FALSE
CDR3136,P346,P374,2026-04-04 15:12:00,284,SMS,TOWER-046,FALSE
CDR3137,P447,P218,2026-04-26 21:17:00,376,SMS,TOWER-040,FALSE
CDR3138,P306,P202,2026-02-10 15:06:00,461,SMS,TOWER-031,FALSE
CDR3139,P274,P037,2026-01-03 21:20:00,61,Voice,TOWER-045,FALSE
CDR3140,P178,P251,2026-07-03 14:47:00,72,Voice,TOWER-051,FALSE
CDR3141,P343,P380,2026-03-11 18:50:00,97,SMS,TOWER-074,FALSE
CDR3142,P497,P301,2026-06-23 02:06:00,168,Voice,TOWER-036,FALSE
CDR3143,P014,P114,2026-02-22 15:23:00,297,Voice,TOWER-040,FALSE
CDR3144,P454,P312,2026-08-07 12:38:00,400,SMS,TOWER-071,FALSE
CDR3145,P092,P394,2026-01-18 18:35:00,542,SMS,TOWER-056,FALSE
CDR3146,P121,P189,2026-01-18 22:55:00,833,Voice,TOWER-036,FALSE
CDR3147,P186,P175,2026-01-03 22:50:00,211,SMS,TOWER-071,FALSE
CDR3148,P257,P422,2026-01-02 19:45:00,884,SMS,TOWER-029,FALSE
CDR3149,P001,P313,2026-06-09 16:50:00,393,SMS,TOWER-052,FALSE
CDR3150,P307,P385,2026-06-26 22:28:00,364,SMS,TOWER-034,FALSE
CDR3151,P204,P469,2026-04-10 05:42:00,26,SMS,TOWER-032,FALSE
CDR3152,P040,P331,2026-08-02 06:32:00,412,Voice,TOWER-079,FALSE
CDR3153,P118,P071,2026-06-09 06:13:00,283,SMS,TOWER-082,FALSE
CDR3154,P256,P097,2026-02-20 03:59:00,59,SMS,TOWER-096,FALSE
CDR3155,P023,P109,2026-03-17 01:53:00,723,SMS,TOWER-080,FALSE
CDR3156,P155,P223,2026-07-28 18:19:00,623,Voice,TOWER-091,FALSE
CDR3157,P048,P174,2026-07-13 05:27:00,367,SMS,TOWER-057,FALSE
CDR3158,P197,P335,2026-08-17 02:46:00,167,SMS,TOWER-095,FALSE
CDR3159,P093,P218,2026-01-16 12:00:00,97,SMS,TOWER-042,FALSE
CDR3160,P078,P146,2026-03-21 04:36:00,891,Voice,TOWER-087,FALSE
CDR3161,P160,P199,2026-06-30 23:57:00,337,Voice,TOWER-012,FALSE
CDR3162,P346,P421,2026-02-27 18:52:00,436,SMS,TOWER-028,FALSE
CDR3163,P247,P018,2026-08-10 03:01:00,499,SMS,TOWER-037,FALSE
CDR3164,P134,P491,2026-05-24 23:16:00,584,Voice,TOWER-062,TRUE
CDR3165,P489,P216,2026-05-06 00:37:00,810,Voice,TOWER-078,FALSE
CDR3166,P092,P084,2026-07-03 19:38:00,504,SMS,TOWER-048,FALSE
CDR3167,P204,P350,2026-01-25 22:45:00,703,SMS,TOWER-039,FALSE
CDR3168,P265,P428,2026-02-04 22:39:00,628,Voice,TOWER-044,FALSE
CDR3169,P055,P239,2026-03-17 00:07:00,449,SMS,TOWER-080,FALSE
CDR3170,P413,P043,2026-07-17 03:40:00,787,Voice,TOWER-067,FALSE
CDR3171,P178,P352,2026-05-03 11:01:00,497,SMS,TOWER-057,FALSE
CDR3172,P376,P052,2026-06-11 23:57:00,398,SMS,TOWER-075,FALSE
CDR3173,P336,P442,2026-01-14 08:41:00,380,SMS,TOWER-039,FALSE
CDR3174,P208,P412,2026-08-12 02:21:00,822,Voice,TOWER-082,FALSE
CDR3175,P414,P007,2026-04-22 09:08:00,794,SMS,TOWER-069,FALSE
CDR3176,P083,P164,2026-06-21 09:28:00,114,SMS,TOWER-053,FALSE
CDR3177,P066,P295,2026-07-25 05:29:00,154,Voice,TOWER-075,FALSE
CDR3178,P260,P197,2026-04-07 17:07:00,889,Voice,TOWER-063,FALSE
CDR3179,P352,P233,2026-05-28 10:12:00,720,Voice,TOWER-039,FALSE
CDR3180,P006,P249,2026-02-10 23:30:00,378,SMS,TOWER-060,FALSE
CDR3181,P335,P492,2026-02-15 12:10:00,689,Voice,TOWER-015,FALSE
CDR3182,P344,P206,2026-02-14 19:23:00,668,SMS,TOWER-060,FALSE
CDR3183,P217,P395,2026-06-15 14:34:00,794,SMS,TOWER-079,FALSE
CDR3184,P028,P156,2026-04-06 16:38:00,83,SMS,TOWER-089,FALSE
CDR3185,P218,P133,2026-07-15 08:31:00,187,SMS,TOWER-047,FALSE
CDR3186,P380,P325,2026-06-20 12:03:00,354,SMS,TOWER-033,FALSE
CDR3187,P060,P310,2026-02-07 19:33:00,286,SMS,TOWER-040,FALSE
CDR3188,P414,P411,2026-02-04 16:08:00,346,SMS,TOWER-060,FALSE
CDR3189,P466,P231,2026-03-19 21:55:00,331,Voice,TOWER-031,FALSE
CDR3190,P258,P191,2026-02-22 15:14:00,391,SMS,TOWER-071,FALSE
CDR3191,P400,P243,2026-01-07 10:15:00,700,SMS,TOWER-063,FALSE
CDR3192,P365,P172,2026-08-06 15:41:00,509,SMS,TOWER-065,FALSE
CDR3193,P433,P274,2026-02-05 13:53:00,422,Voice,TOWER-020,FALSE
CDR3194,P498,P187,2026-07-13 07:06:00,278,Voice,TOWER-100,FALSE
CDR3195,P058,P403,2026-03-12 10:06:00,254,Voice,TOWER-095,FALSE
CDR3196,P092,P218,2026-04-20 22:29:00,317,Voice,TOWER-060,FALSE
CDR3197,P273,P389,2026-02-07 01:12:00,836,SMS,TOWER-082,FALSE
CDR3198,P197,P446,2026-02-04 23:00:00,514,SMS,TOWER-093,FALSE
CDR3199,P346,P041,2026-03-31 09:42:00,137,SMS,TOWER-092,FALSE
CDR3200,P077,P004,2026-04-27 06:27:00,52,Voice,TOWER-064,FALSE
CDR3201,P173,P486,2026-04-14 04:23:00,794,SMS,TOWER-005,FALSE
CDR3202,P479,P363,2026-02-14 15:49:00,205,SMS,TOWER-013,FALSE
CDR3203,P303,P133,2026-01-08 00:36:00,366,Voice,TOWER-085,FALSE
CDR3204,P102,P264,2026-01-15 07:31:00,458,Voice,TOWER-050,FALSE
CDR3205,P417,P315,2026-06-17 11:38:00,671,SMS,TOWER-074,FALSE
CDR3206,P373,P447,2026-01-13 04:14:00,452,Voice,TOWER-068,FALSE
CDR3207,P233,P223,2026-04-24 19:32:00,110,SMS,TOWER-091,FALSE
CDR3208,P025,P238,2026-02-26 19:59:00,827,SMS,TOWER-075,FALSE
CDR3209,P145,P021,2026-03-28 01:15:00,799,SMS,TOWER-057,FALSE
CDR3210,P063,P445,2026-05-27 07:01:00,371,Voice,TOWER-055,FALSE
CDR3211,P251,P236,2026-06-27 05:47:00,386,SMS,TOWER-091,FALSE
CDR3212,P188,P026,2026-07-11 22:38:00,56,SMS,TOWER-008,FALSE
CDR3213,P456,P307,2026-06-15 11:05:00,556,Voice,TOWER-035,FALSE
CDR3214,P352,P190,2026-02-01 02:00:00,246,SMS,TOWER-014,FALSE
CDR3215,P130,P218,2026-03-12 13:53:00,86,SMS,TOWER-025,FALSE
CDR3216,P173,P346,2026-01-18 03:48:00,887,SMS,TOWER-022,FALSE
CDR3217,P152,P393,2026-06-29 07:31:00,639,Voice,TOWER-056,FALSE
CDR3218,P420,P013,2026-05-28 12:35:00,240,SMS,TOWER-062,FALSE
CDR3219,P278,P137,2026-07-26 17:18:00,797,Voice,TOWER-089,FALSE
CDR3220,P092,P151,2026-04-08 14:04:00,32,Voice,TOWER-091,FALSE
CDR3221,P183,P214,2026-01-05 00:09:00,477,Voice,TOWER-047,FALSE
CDR3222,P009,P229,2026-08-17 23:19:00,383,Voice,TOWER-050,FALSE
CDR3223,P167,P153,2026-01-10 04:06:00,880,SMS,TOWER-024,FALSE
CDR3224,P326,P019,2026-06-01 03:01:00,756,SMS,TOWER-076,FALSE
CDR3225,P306,P058,2026-04-07 06:30:00,829,Voice,TOWER-019,FALSE
CDR3226,P183,P375,2026-07-04 10:33:00,545,SMS,TOWER-055,FALSE
CDR3227,P019,P273,2026-08-01 08:43:00,839,Voice,TOWER-087,FALSE
CDR3228,P379,P203,2026-02-16 18:10:00,825,Voice,TOWER-010,FALSE
CDR3229,P128,P090,2026-04-07 01:35:00,180,SMS,TOWER-021,FALSE
CDR3230,P044,P274,2026-05-18 11:36:00,120,SMS,TOWER-083,FALSE
CDR3231,P049,P065,2026-07-18 23:51:00,160,SMS,TOWER-080,FALSE
CDR3232,P373,P075,2026-04-22 11:02:00,786,SMS,TOWER-058,FALSE
CDR3233,P325,P253,2026-04-07 03:47:00,289,SMS,TOWER-048,FALSE
CDR3234,P221,P458,2026-03-20 04:41:00,712,SMS,TOWER-036,FALSE
CDR3235,P141,P177,2026-04-15 06:41:00,122,Voice,TOWER-099,FALSE
CDR3236,P498,P235,2026-07-13 19:30:00,792,SMS,TOWER-011,FALSE
CDR3237,P353,P317,2026-03-19 20:28:00,470,Voice,TOWER-066,FALSE
CDR3238,P125,P471,2026-01-07 15:49:00,157,Voice,TOWER-027,FALSE
CDR3239,P423,P463,2026-07-21 04:50:00,668,Voice,TOWER-089,FALSE
CDR3240,P428,P478,2026-08-04 22:41:00,867,SMS,TOWER-066,FALSE
CDR3241,P376,P421,2026-04-20 13:22:00,559,SMS,TOWER-064,FALSE
CDR3242,P269,P292,2026-01-30 05:25:00,696,Voice,TOWER-022,FALSE
CDR3243,P235,P021,2026-01-11 03:48:00,277,Voice,TOWER-026,FALSE
CDR3244,P040,P168,2026-03-30 10:47:00,71,Voice,TOWER-015,FALSE
CDR3245,P191,P020,2026-03-09 04:55:00,564,Voice,TOWER-050,FALSE
CDR3246,P076,P312,2026-01-05 03:46:00,530,SMS,TOWER-100,FALSE
CDR3247,P371,P327,2026-05-24 18:37:00,489,SMS,TOWER-006,FALSE
CDR3248,P416,P452,2026-07-28 15:02:00,441,SMS,TOWER-056,FALSE
CDR3249,P052,P196,2026-02-09 11:16:00,252,SMS,TOWER-049,FALSE
CDR3250,P263,P372,2026-02-22 13:37:00,392,Voice,TOWER-062,FALSE
CDR3251,P041,P173,2026-06-03 07:20:00,715,Voice,TOWER-082,FALSE
CDR3252,P475,P327,2026-06-01 11:22:00,106,SMS,TOWER-019,FALSE
CDR3253,P384,P155,2026-01-16 05:13:00,546,SMS,TOWER-072,FALSE
CDR3254,P217,P206,2026-01-18 23:00:00,115,SMS,TOWER-074,FALSE
CDR3255,P012,P095,2026-03-22 23:06:00,856,Voice,TOWER-050,FALSE
CDR3256,P487,P383,2026-04-19 06:29:00,824,SMS,TOWER-033,FALSE
CDR3257,P132,P370,2026-08-12 19:50:00,315,Voice,TOWER-076,FALSE
CDR3258,P335,P381,2026-08-12 03:22:00,47,SMS,TOWER-092,FALSE
CDR3259,P453,P041,2026-03-25 23:48:00,30,SMS,TOWER-033,FALSE
CDR3260,P429,P468,2026-07-27 05:06:00,588,SMS,TOWER-083,FALSE
CDR3261,P222,P495,2026-01-06 15:08:00,143,SMS,TOWER-085,FALSE
CDR3262,P060,P407,2026-02-11 16:27:00,620,SMS,TOWER-088,FALSE
CDR3263,P099,P293,2026-01-20 07:49:00,80,SMS,TOWER-072,FALSE
CDR3264,P134,P156,2026-07-28 22:32:00,416,Voice,TOWER-075,FALSE
CDR3265,P316,P264,2026-05-23 10:52:00,21,SMS,TOWER-036,FALSE
CDR3266,P277,P438,2026-03-05 18:29:00,350,Voice,TOWER-009,FALSE
CDR3267,P407,P125,2026-08-06 20:33:00,417,Voice,TOWER-100,FALSE
CDR3268,P356,P410,2026-05-05 03:04:00,421,Voice,TOWER-018,FALSE
CDR3269,P026,P192,2026-03-05 10:27:00,595,Voice,TOWER-071,FALSE
CDR3270,P294,P243,2026-07-05 16:49:00,821,SMS,TOWER-066,FALSE
CDR3271,P111,P390,2026-01-04 19:26:00,873,Voice,TOWER-026,FALSE
CDR3272,P479,P224,2026-05-15 00:07:00,784,SMS,TOWER-025,FALSE
CDR3273,P141,P383,2026-08-15 07:15:00,14,SMS,TOWER-047,FALSE
CDR3274,P353,P399,2026-06-13 08:13:00,832,SMS,TOWER-011,FALSE
CDR3275,P096,P142,2026-06-24 18:27:00,269,SMS,TOWER-074,FALSE
CDR3276,P257,P344,2026-03-21 06:02:00,732,SMS,TOWER-016,FALSE
CDR3277,P024,P310,2026-01-10 11:10:00,762,Voice,TOWER-039,FALSE
CDR3278,P205,P466,2026-01-18 03:26:00,793,Voice,TOWER-020,FALSE
CDR3279,P093,P348,2026-07-17 17:30:00,98,SMS,TOWER-048,FALSE
CDR3280,P146,P140,2026-07-06 20:38:00,606,SMS,TOWER-073,FALSE
CDR3281,P003,P209,2026-07-30 12:17:00,235,SMS,TOWER-098,FALSE
CDR3282,P107,P010,2026-08-08 12:12:00,514,SMS,TOWER-011,FALSE
CDR3283,P401,P213,2026-06-26 22:08:00,206,Voice,TOWER-045,FALSE
CDR3284,P337,P067,2026-05-30 13:40:00,68,SMS,TOWER-010,FALSE
CDR3285,P141,P137,2026-02-17 04:11:00,725,SMS,TOWER-001,FALSE
CDR3286,P237,P307,2026-05-01 03:13:00,411,SMS,TOWER-070,FALSE
CDR3287,P405,P500,2026-03-26 10:00:00,656,SMS,TOWER-027,FALSE
CDR3288,P326,P163,2026-03-29 01:00:00,582,SMS,TOWER-015,FALSE
CDR3289,P050,P114,2026-07-22 22:13:00,862,SMS,TOWER-059,FALSE
CDR3290,P116,P010,2026-06-19 05:22:00,456,Voice,TOWER-002,FALSE
CDR3291,P364,P167,2026-05-22 04:25:00,327,SMS,TOWER-084,FALSE
CDR3292,P114,P033,2026-08-02 18:21:00,475,Voice,TOWER-011,FALSE
CDR3293,P314,P148,2026-06-22 00:03:00,55,Voice,TOWER-029,FALSE
CDR3294,P373,P365,2026-03-06 11:03:00,820,SMS,TOWER-096,FALSE
CDR3295,P312,P424,2026-06-14 06:32:00,783,SMS,TOWER-034,FALSE
CDR3296,P236,P302,2026-05-04 21:27:00,10,SMS,TOWER-070,FALSE
CDR3297,P216,P326,2026-04-13 06:35:00,889,Voice,TOWER-076,FALSE
CDR3298,P305,P169,2026-04-21 11:45:00,459,Voice,TOWER-015,FALSE
CDR3299,P278,P200,2026-07-17 02:50:00,362,SMS,TOWER-003,FALSE
CDR3300,P244,P477,2026-05-05 02:52:00,176,SMS,TOWER-007,FALSE
CDR3301,P286,P007,2026-06-15 15:58:00,879,SMS,TOWER-075,FALSE
CDR3302,P176,P175,2026-04-19 19:47:00,433,Voice,TOWER-014,FALSE
CDR3303,P164,P178,2026-02-09 03:22:00,599,SMS,TOWER-051,FALSE
CDR3304,P422,P228,2026-04-22 15:45:00,380,SMS,TOWER-087,FALSE
CDR3305,P078,P237,2026-05-08 19:54:00,482,Voice,TOWER-066,FALSE
CDR3306,P438,P381,2026-07-25 19:26:00,165,Voice,TOWER-050,FALSE
CDR3307,P256,P108,2026-07-29 22:32:00,529,SMS,TOWER-035,FALSE
CDR3308,P273,P358,2026-01-10 00:05:00,603,Voice,TOWER-078,FALSE
CDR3309,P088,P345,2026-07-04 18:20:00,711,SMS,TOWER-068,FALSE
CDR3310,P200,P131,2026-05-08 00:30:00,21,SMS,TOWER-049,FALSE
CDR3311,P207,P017,2026-08-03 20:39:00,196,SMS,TOWER-009,FALSE
CDR3312,P339,P437,2026-03-21 13:08:00,429,SMS,TOWER-005,FALSE
CDR3313,P293,P496,2026-08-16 11:32:00,463,SMS,TOWER-059,FALSE
CDR3314,P041,P324,2026-06-09 20:19:00,489,Voice,TOWER-097,FALSE
CDR3315,P250,P288,2026-03-16 16:22:00,855,SMS,TOWER-019,FALSE
CDR3316,P177,P043,2026-05-17 23:42:00,489,Voice,TOWER-096,FALSE
CDR3317,P107,P383,2026-06-11 16:04:00,814,Voice,TOWER-008,FALSE
CDR3318,P272,P190,2026-06-09 09:35:00,376,Voice,TOWER-017,FALSE
CDR3319,P156,P150,2026-07-21 16:02:00,186,Voice,TOWER-085,FALSE
CDR3320,P385,P162,2026-01-12 19:49:00,678,Voice,TOWER-037,FALSE
CDR3321,P232,P346,2026-03-15 10:37:00,207,Voice,TOWER-007,FALSE
CDR3322,P240,P016,2026-02-22 02:24:00,613,Voice,TOWER-033,FALSE
CDR3323,P080,P320,2026-04-12 22:00:00,816,SMS,TOWER-091,FALSE
CDR3324,P300,P086,2026-01-11 00:33:00,396,SMS,TOWER-091,FALSE
CDR3325,P320,P181,2026-03-24 11:45:00,12,SMS,TOWER-079,FALSE
CDR3326,P290,P221,2026-05-06 04:04:00,205,SMS,TOWER-057,FALSE
CDR3327,P213,P392,2026-07-15 18:22:00,340,Voice,TOWER-077,FALSE
CDR3328,P012,P385,2026-04-22 05:40:00,527,SMS,TOWER-032,FALSE
CDR3329,P499,P146,2026-06-25 15:13:00,59,Voice,TOWER-049,FALSE
CDR3330,P285,P381,2026-04-07 10:44:00,857,SMS,TOWER-037,FALSE
CDR3331,P252,P121,2026-07-13 14:08:00,358,Voice,TOWER-014,FALSE
CDR3332,P193,P472,2026-02-12 09:32:00,656,Voice,TOWER-033,FALSE
CDR3333,P276,P068,2026-03-02 16:48:00,328,Voice,TOWER-068,FALSE
CDR3334,P194,P311,2026-01-03 08:27:00,464,SMS,TOWER-098,FALSE
CDR3335,P486,P436,2026-04-21 04:53:00,383,SMS,TOWER-004,FALSE
CDR3336,P064,P050,2026-06-24 15:25:00,444,SMS,TOWER-070,FALSE
CDR3337,P203,P112,2026-05-25 12:03:00,194,Voice,TOWER-030,FALSE
CDR3338,P109,P057,2026-08-03 20:18:00,182,Voice,TOWER-032,FALSE
CDR3339,P293,P149,2026-01-28 08:45:00,45,Voice,TOWER-080,FALSE
CDR3340,P092,P443,2026-04-29 16:52:00,434,Voice,TOWER-076,FALSE
CDR3341,P082,P393,2026-07-29 23:11:00,562,SMS,TOWER-073,FALSE
CDR3342,P399,P377,2026-07-10 23:00:00,173,SMS,TOWER-026,FALSE
CDR3343,P206,P282,2026-01-28 18:37:00,171,SMS,TOWER-073,FALSE
CDR3344,P210,P181,2026-05-12 21:45:00,187,Voice,TOWER-061,FALSE
CDR3345,P385,P112,2026-07-30 05:43:00,317,Voice,TOWER-055,FALSE
CDR3346,P215,P462,2026-01-04 00:53:00,788,Voice,TOWER-070,FALSE
CDR3347,P307,P143,2026-07-22 16:35:00,492,Voice,TOWER-003,FALSE
CDR3348,P164,P395,2026-04-29 00:44:00,52,Voice,TOWER-068,FALSE
CDR3349,P186,P323,2026-06-27 13:18:00,711,Voice,TOWER-020,FALSE
CDR3350,P055,P341,2026-01-08 17:16:00,173,Voice,TOWER-011,FALSE
CDR3351,P453,P352,2026-06-28 01:48:00,385,SMS,TOWER-009,FALSE
CDR3352,P492,P325,2026-05-26 00:49:00,520,Voice,TOWER-085,FALSE
CDR3353,P391,P326,2026-01-25 19:30:00,285,SMS,TOWER-054,FALSE
CDR3354,P163,P258,2026-02-17 22:00:00,337,Voice,TOWER-100,FALSE
CDR3355,P275,P273,2026-02-05 13:29:00,425,SMS,TOWER-033,FALSE
CDR3356,P201,P116,2026-04-11 09:45:00,62,Voice,TOWER-093,FALSE
CDR3357,P440,P207,2026-05-25 23:54:00,557,SMS,TOWER-038,FALSE
CDR3358,P254,P388,2026-07-17 15:31:00,834,Voice,TOWER-026,FALSE
CDR3359,P238,P147,2026-01-05 21:03:00,391,SMS,TOWER-019,FALSE
CDR3360,P423,P474,2026-03-28 14:52:00,231,SMS,TOWER-069,FALSE
CDR3361,P231,P081,2026-01-04 19:27:00,824,Voice,TOWER-034,FALSE
CDR3362,P474,P448,2026-05-03 04:16:00,618,Voice,TOWER-030,FALSE
CDR3363,P091,P205,2026-02-18 23:59:00,87,SMS,TOWER-095,FALSE
CDR3364,P148,P002,2026-07-13 12:32:00,730,Voice,TOWER-080,FALSE
CDR3365,P273,P425,2026-06-17 14:11:00,383,Voice,TOWER-093,FALSE
CDR3366,P172,P391,2026-02-08 21:44:00,518,SMS,TOWER-086,FALSE
CDR3367,P238,P336,2026-02-18 03:28:00,142,SMS,TOWER-010,FALSE
CDR3368,P089,P350,2026-07-28 01:28:00,132,Voice,TOWER-071,FALSE
CDR3369,P465,P051,2026-05-09 11:05:00,242,Voice,TOWER-073,FALSE
CDR3370,P197,P298,2026-06-13 19:50:00,861,SMS,TOWER-074,FALSE
CDR3371,P335,P215,2026-03-13 23:33:00,609,SMS,TOWER-065,FALSE
CDR3372,P499,P215,2026-02-28 19:25:00,115,SMS,TOWER-069,FALSE
CDR3373,P211,P097,2026-05-16 10:11:00,840,Voice,TOWER-010,FALSE
CDR3374,P326,P015,2026-06-06 07:46:00,831,SMS,TOWER-011,FALSE
CDR3375,P317,P115,2026-04-13 19:50:00,29,SMS,TOWER-043,FALSE
CDR3376,P071,P313,2026-06-17 07:05:00,889,Voice,TOWER-040,FALSE
CDR3377,P318,P258,2026-03-08 19:36:00,840,SMS,TOWER-031,FALSE
CDR3378,P042,P307,2026-08-01 04:47:00,404,Voice,TOWER-045,FALSE
CDR3379,P293,P375,2026-08-07 22:09:00,568,Voice,TOWER-089,FALSE
CDR3380,P210,P485,2026-01-26 12:27:00,678,SMS,TOWER-094,FALSE
CDR3381,P012,P167,2026-06-13 16:04:00,671,SMS,TOWER-091,FALSE
CDR3382,P313,P128,2026-06-17 21:02:00,779,SMS,TOWER-039,FALSE
CDR3383,P086,P292,2026-03-11 15:20:00,212,SMS,TOWER-039,FALSE
CDR3384,P321,P242,2026-08-15 16:40:00,541,SMS,TOWER-022,FALSE
CDR3385,P351,P047,2026-08-08 18:20:00,395,SMS,TOWER-061,FALSE
CDR3386,P488,P190,2026-02-10 03:58:00,425,SMS,TOWER-029,FALSE
CDR3387,P012,P381,2026-07-08 18:57:00,673,Voice,TOWER-021,FALSE
CDR3388,P308,P453,2026-08-12 07:49:00,58,Voice,TOWER-035,FALSE
CDR3389,P405,P335,2026-07-14 09:38:00,666,SMS,TOWER-017,FALSE
CDR3390,P200,P283,2026-04-17 16:22:00,894,SMS,TOWER-007,FALSE
CDR3391,P262,P443,2026-08-17 02:18:00,61,SMS,TOWER-002,FALSE
CDR3392,P099,P436,2026-08-07 23:10:00,725,SMS,TOWER-062,FALSE
CDR3393,P468,P083,2026-03-25 00:46:00,140,SMS,TOWER-022,FALSE
CDR3394,P235,P189,2026-05-28 15:27:00,807,Voice,TOWER-017,FALSE
CDR3395,P371,P448,2026-05-14 05:52:00,167,Voice,TOWER-029,FALSE
CDR3396,P123,P090,2026-05-31 05:16:00,246,Voice,TOWER-077,FALSE
CDR3397,P242,P480,2026-01-31 18:37:00,284,Voice,TOWER-013,FALSE
CDR3398,P365,P472,2026-05-01 21:49:00,257,Voice,TOWER-091,FALSE
CDR3399,P103,P166,2026-02-11 09:04:00,198,Voice,TOWER-051,FALSE
CDR3400,P068,P151,2026-04-24 03:16:00,274,SMS,TOWER-043,FALSE
CDR3401,P034,P458,2026-06-03 07:39:00,816,Voice,TOWER-002,FALSE
CDR3402,P016,P106,2026-01-24 22:45:00,138,Voice,TOWER-028,FALSE
CDR3403,P296,P237,2026-05-01 03:13:00,764,SMS,TOWER-058,FALSE
CDR3404,P236,P126,2026-04-22 11:23:00,599,Voice,TOWER-098,FALSE
CDR3405,P351,P309,2026-04-28 14:47:00,710,SMS,TOWER-089,FALSE
CDR3406,P228,P124,2026-06-25 05:39:00,826,Voice,TOWER-046,FALSE
CDR3407,P408,P091,2026-04-01 17:30:00,30,Voice,TOWER-022,FALSE
CDR3408,P499,P237,2026-06-07 00:32:00,177,SMS,TOWER-060,FALSE
CDR3409,P257,P329,2026-03-28 00:37:00,20,Voice,TOWER-093,FALSE
CDR3410,P057,P412,2026-03-15 20:01:00,586,Voice,TOWER-074,FALSE
CDR3411,P310,P429,2026-01-14 19:29:00,661,Voice,TOWER-056,FALSE
CDR3412,P170,P447,2026-04-20 10:48:00,426,Voice,TOWER-083,FALSE
CDR3413,P472,P466,2026-04-24 12:14:00,472,SMS,TOWER-032,FALSE
CDR3414,P082,P126,2026-04-29 06:53:00,684,Voice,TOWER-092,FALSE
CDR3415,P237,P370,2026-04-14 10:51:00,264,Voice,TOWER-052,FALSE
CDR3416,P493,P036,2026-08-14 11:01:00,157,Voice,TOWER-095,FALSE
CDR3417,P004,P384,2026-06-07 14:27:00,382,SMS,TOWER-074,FALSE
CDR3418,P017,P350,2026-03-23 18:52:00,323,Voice,TOWER-088,FALSE
CDR3419,P347,P209,2026-07-29 04:39:00,29,SMS,TOWER-041,FALSE
CDR3420,P444,P267,2026-03-19 04:35:00,697,Voice,TOWER-089,FALSE
CDR3421,P241,P442,2026-05-07 06:01:00,490,Voice,TOWER-043,FALSE
CDR3422,P198,P037,2026-06-16 06:28:00,857,Voice,TOWER-029,FALSE
CDR3423,P401,P214,2026-03-31 15:58:00,502,Voice,TOWER-036,FALSE
CDR3424,P491,P134,2026-05-04 22:20:00,868,Voice,TOWER-007,FALSE
CDR3425,P453,P367,2026-03-07 19:45:00,443,SMS,TOWER-013,FALSE
CDR3426,P276,P062,2026-03-07 01:37:00,786,SMS,TOWER-033,FALSE
CDR3427,P367,P398,2026-01-08 21:04:00,561,SMS,TOWER-025,FALSE
CDR3428,P311,P332,2026-06-16 23:37:00,257,Voice,TOWER-045,FALSE
CDR3429,P274,P366,2026-01-17 07:39:00,84,SMS,TOWER-007,FALSE
CDR3430,P013,P225,2026-02-15 16:45:00,145,SMS,TOWER-013,FALSE
CDR3431,P247,P424,2026-01-11 07:36:00,101,SMS,TOWER-046,FALSE
CDR3432,P372,P031,2026-04-29 01:28:00,520,Voice,TOWER-076,FALSE
CDR3433,P150,P416,2026-04-08 03:05:00,725,Voice,TOWER-035,FALSE
CDR3434,P204,P425,2026-02-25 07:11:00,673,SMS,TOWER-044,FALSE
CDR3435,P422,P372,2026-05-24 04:26:00,90,Voice,TOWER-048,FALSE
CDR3436,P394,P021,2026-05-16 12:52:00,144,SMS,TOWER-030,FALSE
CDR3437,P187,P205,2026-07-05 22:29:00,46,SMS,TOWER-099,FALSE
CDR3438,P367,P475,2026-07-08 04:30:00,103,Voice,TOWER-094,FALSE
CDR3439,P262,P323,2026-05-06 16:55:00,367,Voice,TOWER-094,FALSE
CDR3440,P333,P226,2026-04-23 21:20:00,270,Voice,TOWER-079,FALSE
CDR3441,P220,P404,2026-06-21 06:49:00,718,SMS,TOWER-097,FALSE
CDR3442,P064,P054,2026-04-25 08:17:00,134,SMS,TOWER-056,FALSE
CDR3443,P075,P434,2026-03-25 23:08:00,537,Voice,TOWER-036,FALSE
CDR3444,P135,P389,2026-05-30 02:57:00,870,SMS,TOWER-016,FALSE
CDR3445,P423,P297,2026-05-30 11:09:00,882,Voice,TOWER-086,FALSE
CDR3446,P386,P406,2026-07-15 07:32:00,743,SMS,TOWER-031,FALSE
CDR3447,P058,P370,2026-04-26 00:44:00,807,Voice,TOWER-059,FALSE
CDR3448,P087,P188,2026-06-08 16:14:00,330,Voice,TOWER-038,FALSE
CDR3449,P212,P337,2026-02-26 00:17:00,631,SMS,TOWER-065,FALSE
CDR3450,P174,P073,2026-05-11 12:36:00,440,SMS,TOWER-059,FALSE
CDR3451,P468,P125,2026-01-29 03:51:00,712,Voice,TOWER-089,FALSE
CDR3452,P408,P248,2026-06-03 19:29:00,527,Voice,TOWER-096,FALSE
CDR3453,P108,P136,2026-08-04 20:29:00,55,Voice,TOWER-037,FALSE
CDR3454,P050,P169,2026-06-02 01:01:00,879,Voice,TOWER-094,FALSE
CDR3455,P329,P356,2026-03-20 20:14:00,507,Voice,TOWER-069,FALSE
CDR3456,P038,P235,2026-08-05 05:32:00,297,SMS,TOWER-085,FALSE
CDR3457,P461,P364,2026-02-11 17:13:00,258,Voice,TOWER-053,FALSE
CDR3458,P252,P386,2026-07-05 01:12:00,558,SMS,TOWER-012,FALSE
CDR3459,P126,P388,2026-07-12 00:51:00,371,SMS,TOWER-077,FALSE
CDR3460,P134,P176,2026-01-17 15:44:00,652,Voice,TOWER-085,FALSE
CDR3461,P152,P353,2026-08-04 06:05:00,419,Voice,TOWER-049,FALSE
CDR3462,P228,P170,2026-06-24 06:21:00,45,Voice,TOWER-062,FALSE
CDR3463,P404,P231,2026-02-26 19:52:00,170,Voice,TOWER-093,FALSE
CDR3464,P359,P133,2026-07-21 16:42:00,694,SMS,TOWER-058,FALSE
CDR3465,P291,P141,2026-02-26 04:37:00,479,Voice,TOWER-046,FALSE
CDR3466,P305,P019,2026-06-02 21:47:00,487,Voice,TOWER-094,FALSE
CDR3467,P390,P072,2026-01-11 11:28:00,237,Voice,TOWER-099,FALSE
CDR3468,P076,P268,2026-05-26 18:14:00,542,SMS,TOWER-014,FALSE
CDR3469,P148,P014,2026-04-03 22:52:00,300,Voice,TOWER-053,FALSE
CDR3470,P114,P451,2026-06-18 00:13:00,276,SMS,TOWER-062,FALSE
CDR3471,P190,P289,2026-04-06 21:56:00,455,SMS,TOWER-068,FALSE
CDR3472,P186,P366,2026-07-07 13:01:00,470,SMS,TOWER-009,FALSE
CDR3473,P150,P158,2026-07-24 07:43:00,513,Voice,TOWER-011,FALSE
CDR3474,P484,P367,2026-06-04 17:35:00,451,Voice,TOWER-045,FALSE
CDR3475,P082,P291,2026-08-10 05:27:00,850,SMS,TOWER-027,FALSE
CDR3476,P325,P157,2026-04-21 13:30:00,778,Voice,TOWER-065,FALSE
CDR3477,P244,P366,2026-01-18 18:32:00,681,SMS,TOWER-027,FALSE
CDR3478,P226,P345,2026-08-03 07:00:00,26,Voice,TOWER-018,FALSE
CDR3479,P151,P080,2026-05-08 05:53:00,364,SMS,TOWER-043,FALSE
CDR3480,P381,P413,2026-03-19 21:19:00,490,SMS,TOWER-062,FALSE
CDR3481,P356,P066,2026-03-30 02:13:00,214,Voice,TOWER-049,FALSE
CDR3482,P076,P312,2026-06-30 06:30:00,502,Voice,TOWER-076,FALSE
CDR3483,P150,P440,2026-02-28 13:51:00,120,SMS,TOWER-037,FALSE
CDR3484,P197,P132,2026-07-19 08:10:00,167,Voice,TOWER-014,FALSE
CDR3485,P327,P117,2026-02-22 06:35:00,68,Voice,TOWER-048,FALSE
CDR3486,P015,P436,2026-04-16 14:41:00,34,Voice,TOWER-044,FALSE
CDR3487,P109,P299,2026-04-18 16:37:00,42,Voice,TOWER-086,FALSE
CDR3488,P156,P076,2026-07-25 04:40:00,573,Voice,TOWER-073,FALSE
CDR3489,P300,P007,2026-06-30 13:53:00,479,Voice,TOWER-067,FALSE
CDR3490,P133,P187,2026-07-05 16:27:00,327,SMS,TOWER-013,FALSE
CDR3491,P370,P261,2026-05-23 14:58:00,217,SMS,TOWER-032,FALSE
CDR3492,P382,P446,2026-07-11 13:35:00,697,Voice,TOWER-004,FALSE
CDR3493,P265,P208,2026-01-11 21:20:00,308,Voice,TOWER-041,FALSE
CDR3494,P245,P317,2026-02-27 07:16:00,643,Voice,TOWER-003,FALSE
CDR3495,P461,P088,2026-06-29 00:42:00,741,SMS,TOWER-014,FALSE
CDR3496,P498,P177,2026-06-09 08:31:00,589,SMS,TOWER-041,FALSE
CDR3497,P330,P080,2026-04-09 20:08:00,406,Voice,TOWER-066,FALSE
CDR3498,P301,P437,2026-08-14 10:37:00,209,SMS,TOWER-013,FALSE
CDR3499,P257,P161,2026-07-10 00:09:00,396,Voice,TOWER-019,FALSE
CDR3500,P268,P192,2026-05-03 15:12:00,806,SMS,TOWER-081,FALSE
CDR3501,P194,P444,2026-05-28 04:07:00,179,Voice,TOWER-032,FALSE
CDR3502,P475,P249,2026-01-14 14:24:00,303,Voice,TOWER-048,FALSE
CDR3503,P332,P087,2026-05-20 04:04:00,472,Voice,TOWER-024,FALSE
CDR3504,P446,P269,2026-05-11 20:42:00,387,Voice,TOWER-034,FALSE
CDR3505,P247,P090,2026-02-07 05:48:00,881,Voice,TOWER-099,FALSE
CDR3506,P248,P460,2026-07-04 12:50:00,22,SMS,TOWER-009,FALSE
CDR3507,P195,P008,2026-05-31 07:15:00,54,Voice,TOWER-024,FALSE
CDR3508,P343,P485,2026-03-21 04:37:00,509,SMS,TOWER-099,FALSE
CDR3509,P034,P176,2026-04-11 06:34:00,638,Voice,TOWER-075,FALSE
CDR3510,P116,P159,2026-07-22 18:02:00,208,SMS,TOWER-011,FALSE
CDR3511,P106,P115,2026-04-29 19:59:00,410,SMS,TOWER-071,FALSE
CDR3512,P077,P143,2026-04-13 14:49:00,169,Voice,TOWER-019,FALSE
CDR3513,P312,P399,2026-02-28 06:43:00,275,Voice,TOWER-033,FALSE
CDR3514,P374,P405,2026-07-15 09:40:00,412,Voice,TOWER-093,FALSE
CDR3515,P062,P333,2026-01-26 16:00:00,482,Voice,TOWER-060,FALSE
CDR3516,P101,P183,2026-01-28 23:10:00,52,Voice,TOWER-010,FALSE
CDR3517,P256,P236,2026-02-10 00:07:00,42,Voice,TOWER-049,FALSE
CDR3518,P292,P468,2026-05-19 14:09:00,841,Voice,TOWER-034,FALSE
CDR3519,P327,P465,2026-02-14 05:52:00,264,SMS,TOWER-001,FALSE
CDR3520,P007,P431,2026-05-20 12:45:00,280,SMS,TOWER-012,FALSE
CDR3521,P383,P434,2026-07-02 12:57:00,772,Voice,TOWER-014,FALSE
CDR3522,P420,P401,2026-07-31 05:31:00,640,Voice,TOWER-094,FALSE
CDR3523,P404,P269,2026-04-25 19:22:00,397,Voice,TOWER-039,FALSE
CDR3524,P460,P117,2026-06-27 00:29:00,575,Voice,TOWER-038,FALSE
CDR3525,P380,P104,2026-01-24 01:54:00,235,SMS,TOWER-011,FALSE
CDR3526,P187,P341,2026-04-13 06:34:00,783,Voice,TOWER-067,FALSE
CDR3527,P017,P205,2026-02-07 17:39:00,888,Voice,TOWER-040,FALSE
CDR3528,P321,P051,2026-01-04 12:49:00,360,Voice,TOWER-090,FALSE
CDR3529,P488,P169,2026-03-26 06:29:00,661,Voice,TOWER-057,FALSE
CDR3530,P260,P035,2026-08-02 19:26:00,327,SMS,TOWER-058,FALSE
CDR3531,P139,P284,2026-01-15 00:52:00,434,Voice,TOWER-074,FALSE
CDR3532,P493,P274,2026-04-11 02:01:00,836,SMS,TOWER-059,FALSE
CDR3533,P434,P380,2026-02-06 10:34:00,847,SMS,TOWER-068,FALSE
CDR3534,P276,P447,2026-03-19 10:25:00,212,Voice,TOWER-034,FALSE
CDR3535,P041,P497,2026-05-09 18:34:00,409,SMS,TOWER-041,FALSE
CDR3536,P409,P029,2026-06-22 12:08:00,792,Voice,TOWER-059,FALSE
CDR3537,P229,P291,2026-04-30 11:10:00,493,SMS,TOWER-007,FALSE
CDR3538,P268,P127,2026-06-15 15:47:00,37,Voice,TOWER-028,FALSE
CDR3539,P126,P132,2026-06-13 17:49:00,643,SMS,TOWER-001,FALSE
CDR3540,P409,P379,2026-08-09 00:10:00,262,Voice,TOWER-091,FALSE
CDR3541,P094,P354,2026-03-25 06:55:00,639,SMS,TOWER-012,FALSE
CDR3542,P480,P334,2026-03-09 15:44:00,424,SMS,TOWER-010,FALSE
CDR3543,P440,P126,2026-01-02 13:38:00,27,Voice,TOWER-022,FALSE
CDR3544,P117,P354,2026-06-05 07:55:00,471,SMS,TOWER-030,FALSE
CDR3545,P368,P234,2026-01-24 19:11:00,579,Voice,TOWER-045,FALSE
CDR3546,P091,P021,2026-06-28 00:09:00,416,Voice,TOWER-012,FALSE
CDR3547,P312,P137,2026-01-14 04:22:00,556,SMS,TOWER-083,FALSE
CDR3548,P283,P143,2026-05-01 23:34:00,815,Voice,TOWER-022,FALSE
CDR3549,P047,P381,2026-04-28 06:43:00,48,SMS,TOWER-037,FALSE
CDR3550,P098,P376,2026-01-08 18:16:00,461,SMS,TOWER-067,FALSE
CDR3551,P426,P470,2026-05-26 15:18:00,317,SMS,TOWER-100,FALSE
CDR3552,P033,P464,2026-08-01 14:00:00,615,SMS,TOWER-066,FALSE
CDR3553,P463,P068,2026-04-02 20:51:00,488,Voice,TOWER-084,FALSE
CDR3554,P268,P156,2026-03-31 17:34:00,119,Voice,TOWER-007,FALSE
CDR3555,P032,P107,2026-06-16 00:32:00,14,Voice,TOWER-057,FALSE
CDR3556,P117,P125,2026-06-27 01:14:00,793,Voice,TOWER-084,FALSE
CDR3557,P300,P390,2026-06-24 22:25:00,327,Voice,TOWER-026,FALSE
CDR3558,P298,P245,2026-01-14 11:04:00,115,Voice,TOWER-010,FALSE
CDR3559,P238,P051,2026-06-11 01:18:00,730,SMS,TOWER-007,FALSE
CDR3560,P275,P452,2026-01-14 07:03:00,34,Voice,TOWER-012,FALSE
CDR3561,P401,P027,2026-04-08 14:15:00,98,SMS,TOWER-043,FALSE
CDR3562,P164,P405,2026-08-04 12:15:00,296,Voice,TOWER-030,FALSE
CDR3563,P325,P038,2026-03-26 22:32:00,541,SMS,TOWER-085,FALSE
CDR3564,P101,P245,2026-07-25 13:56:00,728,SMS,TOWER-048,FALSE
CDR3565,P060,P227,2026-02-28 21:28:00,121,SMS,TOWER-100,FALSE
CDR3566,P043,P244,2026-01-10 15:40:00,754,Voice,TOWER-047,FALSE
CDR3567,P102,P052,2026-03-30 18:23:00,785,Voice,TOWER-040,FALSE
CDR3568,P278,P302,2026-08-13 17:04:00,609,Voice,TOWER-050,FALSE
CDR3569,P111,P307,2026-08-17 02:30:00,366,Voice,TOWER-093,FALSE
CDR3570,P250,P154,2026-05-21 12:11:00,767,SMS,TOWER-083,FALSE
CDR3571,P292,P005,2026-06-16 03:45:00,475,Voice,TOWER-073,FALSE
CDR3572,P298,P221,2026-04-21 11:29:00,721,Voice,TOWER-035,FALSE
CDR3573,P441,P464,2026-07-04 10:26:00,750,Voice,TOWER-026,FALSE
CDR3574,P058,P369,2026-07-23 22:43:00,876,SMS,TOWER-043,FALSE
CDR3575,P454,P227,2026-03-30 16:37:00,167,SMS,TOWER-085,FALSE
CDR3576,P399,P330,2026-05-22 06:34:00,689,Voice,TOWER-034,FALSE
CDR3577,P100,P302,2026-01-29 11:40:00,257,SMS,TOWER-074,FALSE
CDR3578,P413,P326,2026-03-15 02:15:00,793,SMS,TOWER-078,FALSE
CDR3579,P315,P387,2026-05-23 04:23:00,44,SMS,TOWER-001,FALSE
CDR3580,P234,P001,2026-05-13 23:57:00,666,Voice,TOWER-062,FALSE
CDR3581,P129,P387,2026-03-25 08:59:00,483,Voice,TOWER-016,FALSE
CDR3582,P209,P308,2026-02-14 05:06:00,357,Voice,TOWER-051,FALSE
CDR3583,P139,P253,2026-08-02 21:11:00,202,SMS,TOWER-097,FALSE
CDR3584,P324,P091,2026-04-06 17:53:00,420,Voice,TOWER-076,FALSE
CDR3585,P169,P260,2026-07-14 19:54:00,468,Voice,TOWER-014,FALSE
CDR3586,P248,P264,2026-04-18 18:13:00,653,SMS,TOWER-047,FALSE
CDR3587,P146,P488,2026-06-26 22:42:00,246,Voice,TOWER-033,FALSE
CDR3588,P331,P154,2026-02-18 04:13:00,870,Voice,TOWER-093,FALSE
CDR3589,P136,P445,2026-07-16 23:23:00,417,Voice,TOWER-047,FALSE
CDR3590,P273,P128,2026-04-28 07:01:00,863,Voice,TOWER-043,FALSE
CDR3591,P175,P141,2026-01-09 16:26:00,187,SMS,TOWER-007,FALSE
CDR3592,P348,P288,2026-01-03 13:56:00,92,Voice,TOWER-086,FALSE
CDR3593,P258,P159,2026-01-21 03:56:00,344,SMS,TOWER-010,FALSE
CDR3594,P321,P226,2026-06-01 04:45:00,609,SMS,TOWER-025,FALSE
CDR3595,P058,P388,2026-07-24 13:30:00,268,Voice,TOWER-018,FALSE
CDR3596,P485,P094,2026-02-01 22:30:00,11,Voice,TOWER-087,FALSE
CDR3597,P250,P004,2026-07-22 10:45:00,680,Voice,TOWER-068,FALSE
CDR3598,P164,P458,2026-04-21 07:15:00,394,Voice,TOWER-098,FALSE
CDR3599,P499,P261,2026-07-24 03:18:00,499,Voice,TOWER-026,FALSE
CDR3600,P241,P254,2026-03-21 09:21:00,280,SMS,TOWER-068,FALSE
CDR3601,P084,P092,2026-02-15 11:07:00,487,Voice,TOWER-081,FALSE
CDR3602,P034,P390,2026-05-31 06:09:00,381,SMS,TOWER-093,FALSE
CDR3603,P222,P345,2026-06-02 13:11:00,151,Voice,TOWER-010,FALSE
CDR3604,P156,P049,2026-07-13 01:53:00,153,Voice,TOWER-053,FALSE
CDR3605,P474,P442,2026-03-19 16:02:00,548,SMS,TOWER-037,FALSE
CDR3606,P227,P176,2026-02-14 06:14:00,74,Voice,TOWER-004,FALSE
CDR3607,P327,P352,2026-02-26 15:08:00,278,Voice,TOWER-089,FALSE
CDR3608,P276,P422,2026-08-17 13:43:00,254,SMS,TOWER-065,FALSE
CDR3609,P094,P100,2026-03-10 21:54:00,650,Voice,TOWER-053,FALSE
CDR3610,P399,P056,2026-06-18 08:52:00,25,Voice,TOWER-019,FALSE
CDR3611,P391,P119,2026-03-24 00:56:00,692,Voice,TOWER-092,FALSE
CDR3612,P110,P158,2026-07-28 02:24:00,684,Voice,TOWER-044,FALSE
CDR3613,P257,P157,2026-02-20 22:34:00,556,Voice,TOWER-082,FALSE
CDR3614,P164,P393,2026-05-27 11:30:00,114,Voice,TOWER-049,FALSE
CDR3615,P272,P242,2026-08-08 08:45:00,607,SMS,TOWER-078,FALSE
CDR3616,P053,P351,2026-08-16 09:59:00,875,Voice,TOWER-024,FALSE
CDR3617,P154,P475,2026-04-24 23:13:00,639,SMS,TOWER-098,FALSE
CDR3618,P313,P108,2026-04-04 15:59:00,710,SMS,TOWER-098,FALSE
CDR3619,P293,P345,2026-04-01 09:47:00,774,SMS,TOWER-099,FALSE
CDR3620,P080,P166,2026-07-17 09:11:00,125,Voice,TOWER-010,FALSE
CDR3621,P081,P099,2026-04-23 13:02:00,237,Voice,TOWER-006,FALSE
CDR3622,P393,P203,2026-06-05 03:11:00,629,Voice,TOWER-042,FALSE
CDR3623,P403,P088,2026-07-24 14:12:00,97,SMS,TOWER-041,FALSE
CDR3624,P437,P081,2026-05-07 14:25:00,685,Voice,TOWER-099,FALSE
CDR3625,P313,P340,2026-05-22 12:07:00,180,SMS,TOWER-068,FALSE
CDR3626,P081,P167,2026-06-24 08:46:00,63,Voice,TOWER-046,FALSE
CDR3627,P490,P265,2026-07-30 03:00:00,165,Voice,TOWER-092,FALSE
CDR3628,P243,P335,2026-04-08 00:14:00,251,SMS,TOWER-022,FALSE
CDR3629,P305,P404,2026-02-12 07:37:00,751,SMS,TOWER-051,FALSE
CDR3630,P214,P400,2026-01-09 04:29:00,204,SMS,TOWER-066,FALSE
CDR3631,P372,P138,2026-04-19 02:50:00,825,Voice,TOWER-023,FALSE
CDR3632,P118,P478,2026-08-15 15:23:00,683,SMS,TOWER-060,FALSE
CDR3633,P135,P242,2026-03-24 18:51:00,825,Voice,TOWER-078,FALSE
CDR3634,P479,P439,2026-05-11 17:00:00,883,SMS,TOWER-098,FALSE
CDR3635,P428,P156,2026-05-07 01:38:00,668,Voice,TOWER-033,FALSE
CDR3636,P190,P075,2026-06-14 08:44:00,97,Voice,TOWER-009,FALSE
CDR3637,P157,P171,2026-06-24 13:47:00,410,SMS,TOWER-002,FALSE
CDR3638,P373,P182,2026-03-21 12:33:00,445,Voice,TOWER-046,FALSE
CDR3639,P425,P382,2026-05-24 01:36:00,484,SMS,TOWER-014,FALSE
CDR3640,P162,P231,2026-02-07 15:36:00,578,SMS,TOWER-094,FALSE
CDR3641,P158,P218,2026-02-28 09:18:00,41,Voice,TOWER-070,FALSE
CDR3642,P289,P202,2026-01-16 15:24:00,265,Voice,TOWER-096,FALSE
CDR3643,P391,P214,2026-07-05 00:24:00,601,Voice,TOWER-081,FALSE
CDR3644,P003,P391,2026-04-03 00:31:00,582,Voice,TOWER-066,FALSE
CDR3645,P482,P207,2026-06-19 18:55:00,868,Voice,TOWER-015,FALSE
CDR3646,P029,P496,2026-01-15 07:32:00,709,Voice,TOWER-011,FALSE
CDR3647,P210,P182,2026-03-04 12:54:00,245,SMS,TOWER-046,FALSE
CDR3648,P331,P413,2026-04-16 19:22:00,162,Voice,TOWER-001,FALSE
CDR3649,P072,P500,2026-06-21 19:50:00,75,SMS,TOWER-003,FALSE
CDR3650,P234,P393,2026-07-20 09:35:00,567,SMS,TOWER-033,FALSE
CDR3651,P141,P010,2026-01-26 06:01:00,743,Voice,TOWER-063,FALSE
CDR3652,P420,P361,2026-08-12 05:06:00,790,Voice,TOWER-081,FALSE
CDR3653,P104,P107,2026-05-25 00:27:00,170,SMS,TOWER-046,FALSE
CDR3654,P339,P367,2026-05-01 21:12:00,736,Voice,TOWER-003,FALSE
CDR3655,P132,P151,2026-05-13 07:43:00,43,Voice,TOWER-080,FALSE
CDR3656,P427,P192,2026-04-21 12:40:00,797,SMS,TOWER-091,FALSE
CDR3657,P013,P165,2026-02-16 22:19:00,187,Voice,TOWER-089,FALSE
CDR3658,P219,P405,2026-01-18 08:25:00,438,Voice,TOWER-058,FALSE
CDR3659,P196,P167,2026-02-19 00:30:00,339,Voice,TOWER-020,FALSE
CDR3660,P286,P287,2026-07-12 14:00:00,732,Voice,TOWER-086,FALSE
CDR3661,P379,P103,2026-04-09 22:17:00,848,SMS,TOWER-026,FALSE
CDR3662,P409,P111,2026-06-16 08:25:00,219,Voice,TOWER-056,FALSE
CDR3663,P317,P258,2026-07-28 16:03:00,583,Voice,TOWER-078,FALSE
CDR3664,P226,P439,2026-02-10 17:25:00,736,SMS,TOWER-029,FALSE
CDR3665,P141,P055,2026-02-15 03:14:00,813,SMS,TOWER-079,FALSE
CDR3666,P039,P125,2026-05-21 08:36:00,492,SMS,TOWER-002,FALSE
CDR3667,P083,P167,2026-04-01 13:25:00,11,SMS,TOWER-048,FALSE
CDR3668,P371,P246,2026-04-12 09:07:00,75,Voice,TOWER-050,FALSE
CDR3669,P483,P370,2026-02-06 06:13:00,280,SMS,TOWER-001,FALSE
CDR3670,P304,P241,2026-01-12 03:37:00,304,SMS,TOWER-095,FALSE
CDR3671,P488,P498,2026-05-01 14:50:00,112,SMS,TOWER-094,FALSE
CDR3672,P485,P024,2026-02-04 13:58:00,316,Voice,TOWER-075,FALSE
CDR3673,P400,P338,2026-05-31 07:44:00,184,Voice,TOWER-076,FALSE
CDR3674,P200,P353,2026-02-17 04:24:00,131,SMS,TOWER-001,FALSE
CDR3675,P492,P466,2026-04-26 17:25:00,679,SMS,TOWER-079,FALSE
CDR3676,P362,P250,2026-07-28 16:13:00,435,Voice,TOWER-094,FALSE
CDR3677,P128,P144,2026-03-13 01:10:00,866,Voice,TOWER-091,FALSE
CDR3678,P311,P301,2026-05-01 15:57:00,724,Voice,TOWER-090,FALSE
CDR3679,P193,P031,2026-03-01 05:12:00,822,Voice,TOWER-042,FALSE
CDR3680,P052,P029,2026-07-03 05:09:00,207,SMS,TOWER-083,FALSE
CDR3681,P328,P176,2026-06-12 00:56:00,250,SMS,TOWER-035,FALSE
CDR3682,P142,P276,2026-01-21 20:23:00,881,SMS,TOWER-064,FALSE
CDR3683,P190,P225,2026-05-28 07:22:00,358,Voice,TOWER-077,FALSE
CDR3684,P473,P146,2026-05-13 13:50:00,119,Voice,TOWER-015,FALSE
CDR3685,P057,P242,2026-05-01 00:11:00,846,SMS,TOWER-041,FALSE
CDR3686,P069,P451,2026-07-04 10:14:00,864,Voice,TOWER-060,FALSE
CDR3687,P384,P038,2026-06-12 03:16:00,575,Voice,TOWER-052,FALSE
CDR3688,P167,P397,2026-01-15 16:49:00,465,SMS,TOWER-069,FALSE
CDR3689,P376,P212,2026-08-02 22:11:00,253,Voice,TOWER-033,FALSE
CDR3690,P423,P078,2026-05-11 14:45:00,556,Voice,TOWER-091,FALSE
CDR3691,P448,P078,2026-08-04 21:47:00,866,SMS,TOWER-009,FALSE
CDR3692,P302,P154,2026-04-23 16:26:00,144,Voice,TOWER-078,FALSE
CDR3693,P294,P103,2026-03-22 04:00:00,729,SMS,TOWER-089,FALSE
CDR3694,P288,P046,2026-04-18 09:53:00,383,Voice,TOWER-006,FALSE
CDR3695,P225,P126,2026-04-29 16:30:00,371,SMS,TOWER-057,FALSE
CDR3696,P168,P294,2026-04-27 22:28:00,623,Voice,TOWER-014,FALSE
CDR3697,P280,P391,2026-03-10 13:58:00,616,Voice,TOWER-003,FALSE
CDR3698,P339,P134,2026-04-22 05:03:00,488,SMS,TOWER-019,FALSE
CDR3699,P286,P272,2026-06-10 23:34:00,342,Voice,TOWER-012,FALSE
CDR3700,P419,P150,2026-05-22 15:36:00,593,SMS,TOWER-068,TRUE
CDR3701,P354,P012,2026-07-27 16:34:00,49,Voice,TOWER-045,FALSE
CDR3702,P072,P396,2026-03-03 03:01:00,805,Voice,TOWER-026,FALSE
CDR3703,P395,P035,2026-05-18 23:00:00,619,SMS,TOWER-008,FALSE
CDR3704,P446,P403,2026-01-03 19:49:00,210,SMS,TOWER-059,FALSE
CDR3705,P359,P365,2026-06-07 12:19:00,82,Voice,TOWER-086,FALSE
CDR3706,P379,P161,2026-07-04 19:21:00,538,Voice,TOWER-001,FALSE
CDR3707,P491,P437,2026-06-30 12:44:00,118,Voice,TOWER-096,FALSE
CDR3708,P185,P464,2026-03-31 17:13:00,595,SMS,TOWER-074,FALSE
CDR3709,P396,P229,2026-08-05 09:53:00,117,SMS,TOWER-090,FALSE
CDR3710,P383,P453,2026-05-24 10:21:00,811,Voice,TOWER-028,FALSE
CDR3711,P110,P095,2026-07-09 15:26:00,776,SMS,TOWER-019,FALSE
CDR3712,P165,P240,2026-07-06 21:50:00,668,SMS,TOWER-066,FALSE
CDR3713,P117,P236,2026-02-08 04:44:00,795,SMS,TOWER-100,FALSE
CDR3714,P186,P171,2026-03-27 12:10:00,488,SMS,TOWER-090,FALSE
CDR3715,P102,P347,2026-03-30 08:51:00,592,Voice,TOWER-083,FALSE
CDR3716,P498,P361,2026-01-02 11:35:00,518,SMS,TOWER-079,FALSE
CDR3717,P133,P131,2026-08-01 01:01:00,880,SMS,TOWER-036,FALSE
CDR3718,P310,P383,2026-04-24 19:49:00,667,SMS,TOWER-040,FALSE
CDR3719,P478,P012,2026-04-11 21:22:00,54,SMS,TOWER-052,FALSE
CDR3720,P072,P062,2026-07-31 17:29:00,184,SMS,TOWER-018,FALSE
CDR3721,P329,P211,2026-05-21 09:26:00,361,SMS,TOWER-084,FALSE
CDR3722,P219,P203,2026-03-26 13:30:00,472,SMS,TOWER-073,FALSE
CDR3723,P413,P250,2026-02-09 17:33:00,41,SMS,TOWER-032,FALSE
CDR3724,P409,P025,2026-05-05 02:40:00,537,Voice,TOWER-079,FALSE
CDR3725,P426,P271,2026-07-07 18:28:00,651,Voice,TOWER-060,FALSE
CDR3726,P031,P468,2026-08-09 15:02:00,596,SMS,TOWER-047,FALSE
CDR3727,P263,P192,2026-07-04 07:57:00,471,Voice,TOWER-087,FALSE
CDR3728,P009,P290,2026-06-30 21:47:00,691,Voice,TOWER-049,FALSE
CDR3729,P224,P017,2026-06-23 15:39:00,853,Voice,TOWER-040,FALSE
CDR3730,P492,P259,2026-01-15 04:17:00,720,Voice,TOWER-008,FALSE
CDR3731,P448,P409,2026-06-11 05:44:00,110,SMS,TOWER-060,FALSE
CDR3732,P168,P405,2026-05-22 05:46:00,712,Voice,TOWER-041,FALSE
CDR3733,P276,P252,2026-01-10 07:10:00,12,SMS,TOWER-066,FALSE
CDR3734,P145,P295,2026-07-14 15:25:00,607,Voice,TOWER-020,FALSE
CDR3735,P171,P325,2026-03-11 10:46:00,738,SMS,TOWER-037,FALSE
CDR3736,P035,P377,2026-01-05 23:18:00,203,SMS,TOWER-075,FALSE
CDR3737,P039,P290,2026-08-03 00:52:00,143,SMS,TOWER-088,FALSE
CDR3738,P048,P499,2026-01-16 17:38:00,239,Voice,TOWER-098,FALSE
CDR3739,P286,P400,2026-02-20 07:59:00,709,SMS,TOWER-041,FALSE
CDR3740,P058,P273,2026-03-13 04:53:00,253,SMS,TOWER-089,FALSE
CDR3741,P082,P409,2026-05-01 12:26:00,301,SMS,TOWER-020,FALSE
CDR3742,P263,P434,2026-04-06 13:36:00,64,Voice,TOWER-018,FALSE
CDR3743,P436,P045,2026-02-16 14:07:00,503,SMS,TOWER-010,FALSE
CDR3744,P294,P473,2026-04-17 07:42:00,637,SMS,TOWER-005,FALSE
CDR3745,P240,P313,2026-08-02 01:12:00,375,SMS,TOWER-048,FALSE
CDR3746,P333,P098,2026-05-06 11:49:00,52,Voice,TOWER-005,FALSE
CDR3747,P385,P038,2026-01-15 21:51:00,491,SMS,TOWER-010,FALSE
CDR3748,P393,P351,2026-03-12 20:06:00,326,SMS,TOWER-047,FALSE
CDR3749,P221,P419,2026-07-25 04:49:00,491,SMS,TOWER-015,FALSE
CDR3750,P142,P239,2026-02-28 07:07:00,587,Voice,TOWER-085,FALSE
CDR3751,P232,P456,2026-08-06 09:14:00,660,Voice,TOWER-062,FALSE
CDR3752,P451,P379,2026-01-06 04:41:00,342,Voice,TOWER-057,FALSE
CDR3753,P078,P334,2026-05-28 12:52:00,167,Voice,TOWER-020,FALSE
CDR3754,P170,P038,2026-07-16 23:30:00,681,Voice,TOWER-047,FALSE
CDR3755,P094,P332,2026-05-21 14:41:00,439,SMS,TOWER-032,FALSE
CDR3756,P295,P174,2026-01-02 14:11:00,389,SMS,TOWER-042,FALSE
CDR3757,P233,P271,2026-05-04 19:55:00,62,Voice,TOWER-053,FALSE
CDR3758,P400,P355,2026-03-19 06:38:00,448,Voice,TOWER-064,FALSE
CDR3759,P379,P420,2026-07-01 11:15:00,561,SMS,TOWER-028,FALSE
CDR3760,P486,P222,2026-03-26 12:00:00,509,SMS,TOWER-025,FALSE
CDR3761,P456,P011,2026-07-29 22:02:00,73,SMS,TOWER-087,FALSE
CDR3762,P206,P295,2026-05-30 15:53:00,542,Voice,TOWER-089,FALSE
CDR3763,P151,P004,2026-03-30 21:49:00,396,Voice,TOWER-055,FALSE
CDR3764,P320,P425,2026-07-24 21:52:00,712,Voice,TOWER-020,FALSE
CDR3765,P200,P010,2026-01-23 14:21:00,393,SMS,TOWER-087,FALSE
CDR3766,P005,P116,2026-01-09 12:09:00,478,Voice,TOWER-056,FALSE
CDR3767,P166,P219,2026-06-18 07:00:00,748,Voice,TOWER-044,FALSE
CDR3768,P078,P133,2026-02-09 06:05:00,67,Voice,TOWER-075,FALSE
CDR3769,P439,P115,2026-03-18 00:23:00,636,Voice,TOWER-059,FALSE
CDR3770,P300,P346,2026-06-08 21:31:00,177,Voice,TOWER-049,FALSE
CDR3771,P394,P168,2026-03-08 09:08:00,574,Voice,TOWER-088,FALSE
CDR3772,P273,P235,2026-03-28 12:47:00,847,Voice,TOWER-076,FALSE
CDR3773,P335,P341,2026-01-27 10:06:00,171,SMS,TOWER-084,FALSE
CDR3774,P103,P395,2026-08-10 21:01:00,12,SMS,TOWER-029,FALSE
CDR3775,P421,P295,2026-01-10 01:29:00,173,Voice,TOWER-054,FALSE
CDR3776,P474,P182,2026-01-16 08:04:00,582,Voice,TOWER-019,FALSE
CDR3777,P458,P451,2026-07-06 00:22:00,484,SMS,TOWER-096,FALSE
CDR3778,P367,P445,2026-04-12 20:18:00,808,Voice,TOWER-041,FALSE
CDR3779,P296,P079,2026-04-15 03:44:00,341,SMS,TOWER-095,FALSE
CDR3780,P097,P396,2026-07-17 03:28:00,465,Voice,TOWER-071,FALSE
CDR3781,P076,P106,2026-02-22 21:35:00,208,Voice,TOWER-021,FALSE
CDR3782,P158,P093,2026-07-08 19:11:00,775,Voice,TOWER-011,FALSE
CDR3783,P052,P014,2026-03-02 22:51:00,600,Voice,TOWER-038,FALSE
CDR3784,P274,P309,2026-04-05 04:26:00,439,SMS,TOWER-065,FALSE
CDR3785,P484,P433,2026-07-31 00:32:00,768,SMS,TOWER-063,FALSE
CDR3786,P021,P400,2026-05-29 16:13:00,591,SMS,TOWER-089,FALSE
CDR3787,P066,P277,2026-01-08 01:58:00,860,SMS,TOWER-057,FALSE
CDR3788,P179,P489,2026-02-26 15:55:00,273,SMS,TOWER-023,FALSE
CDR3789,P036,P168,2026-05-12 17:20:00,473,SMS,TOWER-089,FALSE
CDR3790,P446,P162,2026-04-02 05:50:00,570,SMS,TOWER-002,FALSE
CDR3791,P476,P118,2026-06-10 18:03:00,723,SMS,TOWER-054,FALSE
CDR3792,P337,P107,2026-04-26 19:25:00,479,Voice,TOWER-056,FALSE
CDR3793,P104,P156,2026-02-01 11:04:00,639,SMS,TOWER-020,FALSE
CDR3794,P084,P218,2026-07-18 16:53:00,418,Voice,TOWER-077,FALSE
CDR3795,P139,P120,2026-02-19 15:16:00,160,SMS,TOWER-088,FALSE
CDR3796,P480,P471,2026-01-26 22:09:00,784,SMS,TOWER-033,FALSE
CDR3797,P112,P396,2026-02-13 12:26:00,11,SMS,TOWER-026,FALSE
CDR3798,P182,P014,2026-06-29 09:12:00,538,SMS,TOWER-005,FALSE
CDR3799,P071,P450,2026-05-02 20:33:00,744,SMS,TOWER-070,FALSE
CDR3800,P461,P484,2026-07-07 14:51:00,216,Voice,TOWER-089,FALSE
CDR3801,P226,P064,2026-05-27 03:39:00,493,SMS,TOWER-082,FALSE
CDR3802,P428,P486,2026-01-24 08:08:00,606,Voice,TOWER-016,FALSE
CDR3803,P193,P014,2026-03-05 10:11:00,278,Voice,TOWER-072,FALSE
CDR3804,P228,P445,2026-05-12 10:08:00,392,SMS,TOWER-011,FALSE
CDR3805,P381,P438,2026-05-26 05:43:00,96,Voice,TOWER-079,FALSE
CDR3806,P379,P107,2026-07-22 13:36:00,579,Voice,TOWER-067,FALSE
CDR3807,P195,P026,2026-06-10 04:42:00,729,Voice,TOWER-061,TRUE
CDR3808,P229,P225,2026-01-01 10:15:00,808,SMS,TOWER-063,FALSE
CDR3809,P205,P102,2026-02-07 10:01:00,50,SMS,TOWER-060,FALSE
CDR3810,P106,P395,2026-02-07 16:03:00,66,SMS,TOWER-037,FALSE
CDR3811,P195,P303,2026-01-22 04:41:00,240,SMS,TOWER-071,FALSE
CDR3812,P418,P064,2026-07-30 19:12:00,463,SMS,TOWER-058,FALSE
CDR3813,P048,P497,2026-02-25 05:16:00,310,SMS,TOWER-011,FALSE
CDR3814,P090,P260,2026-01-20 13:18:00,78,Voice,TOWER-005,FALSE
CDR3815,P468,P297,2026-07-27 18:24:00,62,SMS,TOWER-007,FALSE
CDR3816,P371,P265,2026-02-08 15:25:00,764,SMS,TOWER-004,FALSE
CDR3817,P063,P084,2026-03-06 07:14:00,59,Voice,TOWER-045,FALSE
CDR3818,P388,P108,2026-04-16 05:50:00,177,Voice,TOWER-091,FALSE
CDR3819,P062,P482,2026-08-13 22:11:00,93,Voice,TOWER-087,FALSE
CDR3820,P251,P380,2026-03-04 16:15:00,491,SMS,TOWER-080,FALSE
CDR3821,P310,P184,2026-08-08 13:29:00,673,SMS,TOWER-087,FALSE
CDR3822,P384,P163,2026-05-02 12:27:00,898,SMS,TOWER-042,FALSE
CDR3823,P213,P098,2026-08-05 15:12:00,472,SMS,TOWER-033,FALSE
CDR3824,P108,P047,2026-03-02 19:15:00,402,SMS,TOWER-086,FALSE
CDR3825,P410,P260,2026-03-02 08:27:00,95,SMS,TOWER-037,FALSE
CDR3826,P185,P245,2026-02-11 03:27:00,746,Voice,TOWER-057,FALSE
CDR3827,P131,P261,2026-04-17 05:05:00,822,SMS,TOWER-012,FALSE
CDR3828,P058,P484,2026-03-10 07:44:00,809,Voice,TOWER-057,FALSE
CDR3829,P234,P009,2026-06-04 06:46:00,414,SMS,TOWER-049,FALSE
CDR3830,P004,P195,2026-07-14 06:26:00,702,SMS,TOWER-099,FALSE
CDR3831,P412,P216,2026-01-02 17:55:00,337,SMS,TOWER-064,FALSE
CDR3832,P205,P493,2026-02-02 04:28:00,478,SMS,TOWER-077,FALSE
CDR3833,P440,P052,2026-01-17 21:40:00,543,SMS,TOWER-079,FALSE
CDR3834,P182,P185,2026-05-23 08:28:00,90,SMS,TOWER-035,FALSE
CDR3835,P485,P159,2026-08-03 04:02:00,537,Voice,TOWER-028,FALSE
CDR3836,P429,P034,2026-05-03 20:19:00,185,SMS,TOWER-095,FALSE
CDR3837,P223,P485,2026-01-17 10:22:00,464,SMS,TOWER-034,FALSE
CDR3838,P435,P334,2026-05-01 09:42:00,642,SMS,TOWER-027,FALSE
CDR3839,P154,P118,2026-03-08 12:05:00,793,Voice,TOWER-041,FALSE
CDR3840,P360,P044,2026-02-22 22:08:00,764,Voice,TOWER-013,FALSE
CDR3841,P334,P330,2026-02-12 10:31:00,68,SMS,TOWER-089,FALSE
CDR3842,P415,P200,2026-01-26 18:50:00,266,SMS,TOWER-087,FALSE
CDR3843,P449,P242,2026-06-04 11:30:00,634,SMS,TOWER-077,FALSE
CDR3844,P009,P488,2026-03-22 23:07:00,88,Voice,TOWER-046,FALSE
CDR3845,P494,P141,2026-07-30 00:48:00,522,Voice,TOWER-007,FALSE
CDR3846,P374,P332,2026-06-15 06:45:00,213,SMS,TOWER-089,FALSE
CDR3847,P460,P166,2026-07-13 15:34:00,787,Voice,TOWER-020,FALSE
CDR3848,P024,P073,2026-02-23 19:28:00,438,SMS,TOWER-020,FALSE
CDR3849,P434,P128,2026-05-07 00:50:00,517,Voice,TOWER-002,FALSE
CDR3850,P091,P290,2026-05-02 22:48:00,313,Voice,TOWER-074,FALSE
CDR3851,P005,P066,2026-07-08 05:58:00,505,Voice,TOWER-092,FALSE
CDR3852,P266,P080,2026-08-11 00:08:00,75,SMS,TOWER-061,FALSE
CDR3853,P072,P356,2026-04-03 23:35:00,562,SMS,TOWER-058,FALSE
CDR3854,P241,P391,2026-04-22 01:32:00,311,Voice,TOWER-075,FALSE
CDR3855,P020,P032,2026-04-01 06:14:00,116,SMS,TOWER-093,FALSE
CDR3856,P306,P411,2026-07-19 09:22:00,708,SMS,TOWER-024,FALSE
CDR3857,P108,P444,2026-01-30 08:19:00,90,SMS,TOWER-024,FALSE
CDR3858,P379,P339,2026-07-01 16:38:00,58,SMS,TOWER-045,FALSE
CDR3859,P151,P191,2026-02-22 10:47:00,195,SMS,TOWER-058,FALSE
CDR3860,P317,P213,2026-06-05 18:40:00,525,SMS,TOWER-076,FALSE
CDR3861,P422,P081,2026-07-17 05:57:00,491,SMS,TOWER-038,FALSE
CDR3862,P215,P089,2026-04-12 12:01:00,274,SMS,TOWER-098,FALSE
CDR3863,P090,P480,2026-04-18 08:58:00,251,SMS,TOWER-001,FALSE
CDR3864,P266,P495,2026-02-12 01:39:00,149,Voice,TOWER-054,FALSE
CDR3865,P078,P380,2026-01-02 04:29:00,626,SMS,TOWER-024,FALSE
CDR3866,P415,P343,2026-06-15 04:18:00,75,Voice,TOWER-033,FALSE
CDR3867,P093,P187,2026-05-18 05:12:00,538,Voice,TOWER-015,FALSE
CDR3868,P451,P474,2026-02-25 18:36:00,871,SMS,TOWER-038,FALSE
CDR3869,P057,P403,2026-06-24 05:20:00,442,SMS,TOWER-053,FALSE
CDR3870,P084,P016,2026-02-13 06:20:00,81,SMS,TOWER-053,FALSE
CDR3871,P255,P105,2026-07-21 20:17:00,149,Voice,TOWER-090,FALSE
CDR3872,P157,P207,2026-03-29 09:05:00,73,SMS,TOWER-004,FALSE
CDR3873,P321,P192,2026-06-02 12:16:00,268,Voice,TOWER-041,FALSE
CDR3874,P466,P431,2026-03-26 11:49:00,45,Voice,TOWER-091,FALSE
CDR3875,P136,P319,2026-02-17 12:38:00,316,Voice,TOWER-032,FALSE
CDR3876,P165,P015,2026-01-20 05:52:00,460,Voice,TOWER-084,FALSE
CDR3877,P402,P014,2026-06-29 03:40:00,433,Voice,TOWER-037,FALSE
CDR3878,P170,P015,2026-04-19 14:09:00,370,SMS,TOWER-025,FALSE
CDR3879,P456,P241,2026-01-23 19:14:00,117,Voice,TOWER-081,FALSE
CDR3880,P018,P377,2026-01-28 20:26:00,725,Voice,TOWER-063,FALSE
CDR3881,P447,P074,2026-07-18 06:10:00,580,SMS,TOWER-070,FALSE
CDR3882,P468,P209,2026-01-18 06:56:00,436,Voice,TOWER-041,FALSE
CDR3883,P024,P277,2026-04-19 19:01:00,892,SMS,TOWER-066,FALSE
CDR3884,P194,P391,2026-05-27 02:57:00,372,SMS,TOWER-042,FALSE
CDR3885,P307,P370,2026-04-18 22:26:00,39,Voice,TOWER-081,FALSE
CDR3886,P269,P087,2026-07-20 14:29:00,190,SMS,TOWER-018,FALSE
CDR3887,P081,P052,2026-01-28 16:19:00,688,SMS,TOWER-056,FALSE
CDR3888,P008,P179,2026-08-01 15:04:00,333,SMS,TOWER-050,FALSE
CDR3889,P460,P115,2026-08-03 13:39:00,630,SMS,TOWER-023,FALSE
CDR3890,P048,P215,2026-07-15 11:07:00,170,SMS,TOWER-058,FALSE
CDR3891,P034,P058,2026-01-14 02:36:00,55,Voice,TOWER-011,FALSE
CDR3892,P496,P244,2026-03-22 04:18:00,181,SMS,TOWER-012,FALSE
CDR3893,P238,P213,2026-03-03 00:23:00,173,Voice,TOWER-027,FALSE
CDR3894,P439,P460,2026-06-07 12:02:00,545,SMS,TOWER-038,FALSE
CDR3895,P275,P226,2026-02-16 03:47:00,776,SMS,TOWER-070,FALSE
CDR3896,P069,P439,2026-05-22 16:52:00,564,SMS,TOWER-024,FALSE
CDR3897,P309,P415,2026-06-21 13:23:00,483,SMS,TOWER-004,FALSE
CDR3898,P327,P001,2026-03-30 13:07:00,527,SMS,TOWER-058,FALSE
CDR3899,P160,P244,2026-07-24 06:25:00,285,SMS,TOWER-011,FALSE
CDR3900,P241,P461,2026-01-03 15:22:00,691,Voice,TOWER-029,FALSE
CDR3901,P463,P132,2026-04-07 19:59:00,365,SMS,TOWER-062,FALSE
CDR3902,P066,P166,2026-03-30 08:54:00,445,Voice,TOWER-025,FALSE
CDR3903,P337,P277,2026-02-16 23:47:00,881,SMS,TOWER-064,FALSE
CDR3904,P188,P490,2026-01-14 07:23:00,348,Voice,TOWER-044,FALSE
CDR3905,P315,P343,2026-07-13 05:40:00,608,SMS,TOWER-028,FALSE
CDR3906,P367,P050,2026-01-23 04:06:00,804,SMS,TOWER-029,FALSE
CDR3907,P245,P253,2026-02-16 01:55:00,362,SMS,TOWER-003,FALSE
CDR3908,P384,P426,2026-04-24 15:48:00,817,SMS,TOWER-006,FALSE
CDR3909,P437,P293,2026-02-25 11:37:00,355,SMS,TOWER-053,FALSE
CDR3910,P101,P065,2026-07-09 18:22:00,818,Voice,TOWER-075,FALSE
CDR3911,P113,P264,2026-06-13 19:00:00,479,Voice,TOWER-038,FALSE
CDR3912,P067,P413,2026-02-07 23:02:00,498,Voice,TOWER-047,FALSE
CDR3913,P483,P074,2026-08-01 13:09:00,813,SMS,TOWER-052,FALSE
CDR3914,P116,P338,2026-06-17 13:35:00,410,SMS,TOWER-049,FALSE
CDR3915,P043,P381,2026-08-10 15:05:00,295,SMS,TOWER-096,FALSE
CDR3916,P049,P368,2026-06-07 00:10:00,243,Voice,TOWER-024,FALSE
CDR3917,P207,P145,2026-03-06 22:08:00,82,Voice,TOWER-037,FALSE
CDR3918,P455,P315,2026-07-18 04:43:00,370,SMS,TOWER-089,FALSE
CDR3919,P054,P128,2026-06-09 08:42:00,685,SMS,TOWER-021,FALSE
CDR3920,P116,P129,2026-03-29 01:44:00,278,SMS,TOWER-075,FALSE
CDR3921,P095,P374,2026-08-04 20:10:00,295,Voice,TOWER-054,FALSE
CDR3922,P338,P155,2026-04-10 23:22:00,432,Voice,TOWER-082,FALSE
CDR3923,P169,P364,2026-07-22 03:02:00,221,Voice,TOWER-011,FALSE
CDR3924,P499,P237,2026-02-16 21:14:00,58,Voice,TOWER-032,FALSE
CDR3925,P343,P303,2026-07-29 16:28:00,720,Voice,TOWER-031,FALSE
CDR3926,P267,P265,2026-07-03 16:51:00,897,SMS,TOWER-019,FALSE
CDR3927,P296,P453,2026-07-18 04:10:00,374,SMS,TOWER-071,FALSE
CDR3928,P137,P390,2026-08-16 09:26:00,571,Voice,TOWER-005,FALSE
CDR3929,P461,P068,2026-07-16 21:54:00,129,SMS,TOWER-028,FALSE
CDR3930,P168,P217,2026-03-17 06:13:00,867,Voice,TOWER-042,FALSE
CDR3931,P192,P339,2026-05-27 23:35:00,142,SMS,TOWER-063,FALSE
CDR3932,P075,P297,2026-03-02 07:54:00,481,Voice,TOWER-041,FALSE
CDR3933,P378,P479,2026-05-19 16:58:00,451,SMS,TOWER-060,FALSE
CDR3934,P436,P018,2026-07-31 16:03:00,312,SMS,TOWER-064,FALSE
CDR3935,P383,P464,2026-05-05 00:26:00,636,SMS,TOWER-048,FALSE
CDR3936,P410,P198,2026-01-10 06:06:00,341,Voice,TOWER-089,FALSE
CDR3937,P324,P025,2026-08-18 01:58:00,586,Voice,TOWER-057,FALSE
CDR3938,P407,P102,2026-02-11 18:33:00,383,SMS,TOWER-010,FALSE
CDR3939,P094,P008,2026-07-23 13:56:00,363,Voice,TOWER-089,FALSE
CDR3940,P074,P325,2026-04-24 22:32:00,883,SMS,TOWER-019,FALSE
CDR3941,P018,P428,2026-01-23 11:10:00,694,Voice,TOWER-100,FALSE
CDR3942,P407,P122,2026-01-28 01:17:00,330,Voice,TOWER-009,FALSE
CDR3943,P083,P204,2026-08-11 04:31:00,199,Voice,TOWER-039,FALSE
CDR3944,P166,P006,2026-05-17 06:20:00,737,SMS,TOWER-041,FALSE
CDR3945,P293,P247,2026-02-24 05:26:00,219,Voice,TOWER-086,FALSE
CDR3946,P248,P440,2026-02-19 08:04:00,404,SMS,TOWER-060,FALSE
CDR3947,P177,P097,2026-03-15 17:18:00,758,Voice,TOWER-039,FALSE
CDR3948,P322,P446,2026-01-21 15:18:00,756,SMS,TOWER-088,FALSE
CDR3949,P419,P498,2026-03-30 02:23:00,103,Voice,TOWER-095,FALSE
CDR3950,P296,P208,2026-04-14 14:06:00,302,Voice,TOWER-095,FALSE
CDR3951,P232,P110,2026-03-04 22:34:00,801,SMS,TOWER-030,FALSE
CDR3952,P233,P319,2026-04-16 10:13:00,823,Voice,TOWER-074,FALSE
CDR3953,P135,P280,2026-04-02 05:01:00,826,Voice,TOWER-071,FALSE
CDR3954,P226,P061,2026-01-15 02:54:00,860,Voice,TOWER-046,FALSE
CDR3955,P382,P144,2026-06-24 02:32:00,606,Voice,TOWER-091,FALSE
CDR3956,P336,P394,2026-01-10 19:08:00,846,SMS,TOWER-078,FALSE
CDR3957,P264,P474,2026-04-03 01:42:00,829,Voice,TOWER-020,FALSE
CDR3958,P173,P457,2026-04-29 07:10:00,18,Voice,TOWER-071,FALSE
CDR3959,P096,P131,2026-08-05 09:27:00,810,Voice,TOWER-027,FALSE
CDR3960,P175,P414,2026-04-21 04:11:00,757,Voice,TOWER-034,FALSE
CDR3961,P447,P250,2026-07-02 21:30:00,494,Voice,TOWER-026,FALSE
CDR3962,P396,P282,2026-03-20 00:55:00,712,SMS,TOWER-089,FALSE
CDR3963,P234,P340,2026-03-06 01:02:00,447,SMS,TOWER-012,FALSE
CDR3964,P050,P343,2026-03-09 14:08:00,307,Voice,TOWER-015,FALSE
CDR3965,P439,P176,2026-02-12 09:58:00,801,Voice,TOWER-080,FALSE
CDR3966,P391,P266,2026-02-01 10:12:00,734,Voice,TOWER-065,FALSE
CDR3967,P135,P033,2026-01-31 10:21:00,50,Voice,TOWER-038,FALSE
CDR3968,P401,P188,2026-08-04 13:31:00,583,Voice,TOWER-021,FALSE
CDR3969,P219,P329,2026-08-14 00:46:00,626,Voice,TOWER-072,FALSE
CDR3970,P014,P494,2026-07-18 10:35:00,738,Voice,TOWER-075,FALSE
CDR3971,P279,P065,2026-05-19 07:08:00,319,SMS,TOWER-021,FALSE
CDR3972,P049,P117,2026-03-10 13:00:00,596,Voice,TOWER-087,FALSE
CDR3973,P500,P235,2026-07-29 14:40:00,46,Voice,TOWER-009,FALSE
CDR3974,P425,P057,2026-03-20 23:48:00,411,Voice,TOWER-013,FALSE
CDR3975,P062,P282,2026-06-11 00:36:00,249,SMS,TOWER-081,FALSE
CDR3976,P365,P152,2026-05-26 03:49:00,317,Voice,TOWER-062,FALSE
CDR3977,P065,P448,2026-01-31 23:24:00,680,Voice,TOWER-089,FALSE
CDR3978,P178,P158,2026-07-19 11:14:00,104,Voice,TOWER-065,FALSE
CDR3979,P232,P224,2026-06-24 10:44:00,338,Voice,TOWER-015,FALSE
CDR3980,P284,P482,2026-03-29 01:58:00,810,Voice,TOWER-003,FALSE
CDR3981,P043,P495,2026-04-01 15:55:00,828,SMS,TOWER-076,FALSE
CDR3982,P444,P498,2026-05-14 22:34:00,514,Voice,TOWER-033,FALSE
CDR3983,P259,P094,2026-07-09 01:10:00,410,SMS,TOWER-008,FALSE
CDR3984,P204,P420,2026-06-30 13:30:00,779,Voice,TOWER-046,FALSE
CDR3985,P482,P454,2026-06-17 04:48:00,87,SMS,TOWER-097,FALSE
CDR3986,P262,P100,2026-03-18 01:59:00,36,Voice,TOWER-085,FALSE
CDR3987,P073,P431,2026-07-01 02:53:00,525,Voice,TOWER-012,FALSE
CDR3988,P349,P114,2026-01-20 23:27:00,716,SMS,TOWER-004,FALSE
CDR3989,P398,P009,2026-03-10 10:26:00,597,SMS,TOWER-099,FALSE
CDR3990,P102,P376,2026-03-16 22:04:00,418,SMS,TOWER-003,FALSE
CDR3991,P382,P182,2026-01-05 23:24:00,632,SMS,TOWER-052,FALSE
CDR3992,P270,P308,2026-08-06 10:22:00,416,SMS,TOWER-088,FALSE
CDR3993,P400,P078,2026-08-09 03:02:00,742,Voice,TOWER-099,FALSE
CDR3994,P289,P441,2026-04-01 05:28:00,482,Voice,TOWER-004,FALSE
CDR3995,P272,P269,2026-06-29 13:13:00,707,SMS,TOWER-067,FALSE
CDR3996,P025,P410,2026-01-04 05:47:00,603,SMS,TOWER-009,FALSE
CDR3997,P273,P186,2026-04-10 21:17:00,582,SMS,TOWER-026,FALSE
CDR3998,P277,P118,2026-04-01 21:27:00,315,Voice,TOWER-004,FALSE
CDR3999,P356,P485,2026-05-28 21:36:00,557,SMS,TOWER-038,FALSE
CDR4000,P272,P086,2026-04-14 21:06:00,564,Voice,TOWER-080,FALSE
CDR4001,P192,P082,2026-03-04 07:05:00,353,Voice,TOWER-074,FALSE
CDR4002,P052,P349,2026-06-29 10:55:00,547,SMS,TOWER-070,FALSE
CDR4003,P085,P326,2026-02-21 11:20:00,573,SMS,TOWER-096,FALSE
CDR4004,P325,P440,2026-04-10 21:17:00,125,Voice,TOWER-080,FALSE
CDR4005,P317,P116,2026-02-11 15:00:00,440,Voice,TOWER-028,FALSE
CDR4006,P432,P477,2026-04-24 03:56:00,179,Voice,TOWER-055,FALSE
CDR4007,P385,P367,2026-06-30 10:41:00,221,SMS,TOWER-026,FALSE
CDR4008,P078,P277,2026-05-25 07:36:00,871,Voice,TOWER-019,FALSE
CDR4009,P483,P490,2026-03-29 13:42:00,43,SMS,TOWER-089,FALSE
CDR4010,P313,P218,2026-03-27 16:49:00,459,SMS,TOWER-067,FALSE
CDR4011,P440,P104,2026-04-24 07:18:00,828,SMS,TOWER-067,FALSE
CDR4012,P143,P026,2026-06-06 19:45:00,738,SMS,TOWER-013,FALSE
CDR4013,P492,P497,2026-05-24 01:10:00,795,Voice,TOWER-017,FALSE
CDR4014,P486,P206,2026-01-15 01:12:00,118,SMS,TOWER-043,FALSE
CDR4015,P152,P200,2026-05-06 16:27:00,598,SMS,TOWER-062,FALSE
CDR4016,P462,P268,2026-05-26 12:04:00,276,SMS,TOWER-066,FALSE
CDR4017,P498,P216,2026-04-20 22:07:00,115,Voice,TOWER-096,FALSE
CDR4018,P458,P244,2026-04-09 01:39:00,91,SMS,TOWER-057,FALSE
CDR4019,P240,P165,2026-03-06 21:40:00,733,SMS,TOWER-092,FALSE
CDR4020,P070,P370,2026-03-19 23:29:00,80,Voice,TOWER-054,FALSE
CDR4021,P481,P154,2026-07-16 05:59:00,114,SMS,TOWER-050,FALSE
CDR4022,P001,P039,2026-01-12 07:17:00,394,Voice,TOWER-012,FALSE
CDR4023,P129,P363,2026-07-08 00:20:00,419,Voice,TOWER-043,FALSE
CDR4024,P285,P343,2026-05-05 09:46:00,655,SMS,TOWER-049,FALSE
CDR4025,P160,P107,2026-05-08 15:53:00,189,SMS,TOWER-065,FALSE
CDR4026,P473,P376,2026-03-31 20:33:00,781,SMS,TOWER-100,FALSE
CDR4027,P314,P305,2026-03-26 06:39:00,101,SMS,TOWER-004,FALSE
CDR4028,P492,P035,2026-03-14 05:41:00,828,SMS,TOWER-081,FALSE
CDR4029,P031,P387,2026-04-25 14:25:00,356,SMS,TOWER-087,FALSE
CDR4030,P211,P072,2026-05-30 09:00:00,39,Voice,TOWER-030,FALSE
CDR4031,P074,P247,2026-01-03 12:41:00,104,SMS,TOWER-083,FALSE
CDR4032,P422,P083,2026-02-20 02:57:00,804,Voice,TOWER-029,FALSE
CDR4033,P392,P498,2026-07-10 07:04:00,611,SMS,TOWER-035,FALSE
CDR4034,P414,P500,2026-02-15 18:27:00,677,SMS,TOWER-096,FALSE
CDR4035,P487,P125,2026-03-17 14:33:00,553,Voice,TOWER-069,FALSE
CDR4036,P201,P403,2026-05-14 20:34:00,66,SMS,TOWER-087,FALSE
CDR4037,P082,P331,2026-06-14 04:44:00,818,Voice,TOWER-034,FALSE
CDR4038,P215,P201,2026-01-11 16:41:00,629,Voice,TOWER-053,FALSE
CDR4039,P303,P100,2026-05-12 07:56:00,126,Voice,TOWER-025,FALSE
CDR4040,P128,P428,2026-05-30 22:54:00,819,SMS,TOWER-097,FALSE
CDR4041,P180,P037,2026-01-08 00:18:00,845,SMS,TOWER-072,FALSE
CDR4042,P116,P494,2026-04-10 00:51:00,773,SMS,TOWER-060,FALSE
CDR4043,P486,P142,2026-01-13 08:27:00,440,Voice,TOWER-063,FALSE
CDR4044,P072,P458,2026-07-27 16:20:00,686,SMS,TOWER-091,FALSE
CDR4045,P206,P064,2026-02-15 04:31:00,195,SMS,TOWER-033,FALSE
CDR4046,P372,P379,2026-04-14 19:06:00,406,SMS,TOWER-074,FALSE
CDR4047,P300,P484,2026-04-30 21:29:00,865,Voice,TOWER-095,FALSE
CDR4048,P345,P078,2026-06-23 07:10:00,724,SMS,TOWER-056,FALSE
CDR4049,P106,P228,2026-02-17 11:43:00,182,Voice,TOWER-002,FALSE
CDR4050,P073,P345,2026-02-10 20:49:00,770,Voice,TOWER-083,FALSE
CDR4051,P142,P390,2026-06-12 16:27:00,323,SMS,TOWER-075,FALSE
CDR4052,P168,P006,2026-04-14 14:34:00,336,Voice,TOWER-030,FALSE
CDR4053,P327,P061,2026-04-24 23:25:00,845,SMS,TOWER-092,FALSE
CDR4054,P267,P160,2026-03-19 11:59:00,853,Voice,TOWER-055,FALSE
CDR4055,P269,P053,2026-04-12 09:33:00,536,SMS,TOWER-092,FALSE
CDR4056,P396,P322,2026-02-03 04:00:00,709,Voice,TOWER-007,FALSE
CDR4057,P307,P242,2026-02-02 22:46:00,486,Voice,TOWER-017,FALSE
CDR4058,P119,P339,2026-08-15 19:31:00,681,SMS,TOWER-058,FALSE
CDR4059,P225,P153,2026-05-28 11:15:00,765,Voice,TOWER-006,FALSE
CDR4060,P421,P064,2026-04-09 12:23:00,806,SMS,TOWER-072,FALSE
CDR4061,P278,P381,2026-04-13 14:46:00,883,SMS,TOWER-023,FALSE
CDR4062,P313,P233,2026-08-16 17:49:00,662,Voice,TOWER-041,FALSE
CDR4063,P079,P037,2026-05-08 15:37:00,816,Voice,TOWER-082,FALSE
CDR4064,P451,P387,2026-03-19 15:33:00,700,SMS,TOWER-092,FALSE
CDR4065,P467,P369,2026-05-11 18:44:00,684,SMS,TOWER-074,FALSE
CDR4066,P175,P449,2026-07-21 23:52:00,223,Voice,TOWER-018,FALSE
CDR4067,P140,P487,2026-05-31 22:26:00,397,SMS,TOWER-082,FALSE
CDR4068,P021,P196,2026-06-16 03:36:00,493,Voice,TOWER-011,FALSE
CDR4069,P430,P457,2026-05-05 09:23:00,143,Voice,TOWER-068,FALSE
CDR4070,P131,P058,2026-06-20 15:56:00,701,SMS,TOWER-010,FALSE
CDR4071,P321,P239,2026-01-01 17:43:00,600,Voice,TOWER-015,FALSE
CDR4072,P219,P300,2026-06-01 15:37:00,317,SMS,TOWER-033,FALSE
CDR4073,P087,P449,2026-04-03 16:32:00,675,Voice,TOWER-014,FALSE
CDR4074,P364,P355,2026-08-01 02:10:00,256,Voice,TOWER-098,FALSE
CDR4075,P444,P407,2026-07-29 22:04:00,829,SMS,TOWER-023,FALSE
CDR4076,P250,P389,2026-04-20 22:41:00,511,Voice,TOWER-094,FALSE
CDR4077,P150,P116,2026-07-07 22:27:00,888,SMS,TOWER-091,FALSE
CDR4078,P268,P053,2026-03-09 06:08:00,748,SMS,TOWER-038,FALSE
CDR4079,P046,P375,2026-07-23 17:34:00,755,SMS,TOWER-059,FALSE
CDR4080,P309,P492,2026-01-02 17:20:00,583,Voice,TOWER-081,FALSE
CDR4081,P307,P443,2026-02-23 12:46:00,186,SMS,TOWER-013,FALSE
CDR4082,P186,P124,2026-02-27 02:21:00,675,Voice,TOWER-071,FALSE
CDR4083,P446,P436,2026-03-01 12:01:00,425,SMS,TOWER-074,FALSE
CDR4084,P341,P254,2026-08-02 04:39:00,428,SMS,TOWER-053,FALSE
CDR4085,P429,P360,2026-01-08 02:38:00,450,SMS,TOWER-093,FALSE
CDR4086,P494,P222,2026-03-16 00:11:00,230,SMS,TOWER-059,FALSE
CDR4087,P216,P030,2026-01-24 00:03:00,422,Voice,TOWER-014,FALSE
CDR4088,P327,P054,2026-01-01 10:10:00,203,SMS,TOWER-002,FALSE
CDR4089,P443,P395,2026-08-05 04:04:00,31,SMS,TOWER-006,FALSE
CDR4090,P144,P432,2026-03-31 13:17:00,805,Voice,TOWER-068,FALSE
CDR4091,P371,P376,2026-07-06 10:56:00,436,SMS,TOWER-097,FALSE
CDR4092,P142,P464,2026-07-31 04:28:00,47,SMS,TOWER-097,FALSE
CDR4093,P129,P328,2026-01-13 18:54:00,537,Voice,TOWER-035,FALSE
CDR4094,P261,P169,2026-07-03 17:19:00,168,SMS,TOWER-063,FALSE
CDR4095,P215,P342,2026-04-21 20:29:00,895,SMS,TOWER-088,FALSE
CDR4096,P429,P129,2026-03-06 01:55:00,365,Voice,TOWER-061,FALSE
CDR4097,P183,P043,2026-04-15 06:34:00,285,SMS,TOWER-051,FALSE
CDR4098,P007,P052,2026-04-26 07:02:00,447,SMS,TOWER-051,FALSE
CDR4099,P366,P413,2026-05-12 05:39:00,101,Voice,TOWER-065,FALSE
CDR4100,P249,P125,2026-02-07 11:42:00,610,SMS,TOWER-064,FALSE
CDR4101,P300,P254,2026-06-23 12:50:00,13,Voice,TOWER-025,FALSE
CDR4102,P114,P303,2026-04-22 21:30:00,145,Voice,TOWER-008,FALSE
CDR4103,P223,P341,2026-03-09 16:26:00,193,SMS,TOWER-079,FALSE
CDR4104,P137,P054,2026-03-24 04:47:00,138,SMS,TOWER-085,FALSE
CDR4105,P400,P424,2026-04-04 02:14:00,390,SMS,TOWER-029,FALSE
CDR4106,P363,P250,2026-03-29 22:27:00,742,Voice,TOWER-060,FALSE
CDR4107,P288,P311,2026-04-04 21:39:00,50,SMS,TOWER-030,FALSE
CDR4108,P429,P290,2026-05-02 23:22:00,537,SMS,TOWER-019,FALSE
CDR4109,P193,P311,2026-02-24 01:29:00,419,SMS,TOWER-048,FALSE
CDR4110,P266,P446,2026-02-14 11:33:00,735,Voice,TOWER-062,FALSE
CDR4111,P474,P342,2026-07-29 06:17:00,35,Voice,TOWER-093,FALSE
CDR4112,P196,P022,2026-05-11 09:39:00,224,SMS,TOWER-093,FALSE
CDR4113,P309,P056,2026-05-29 14:51:00,223,Voice,TOWER-018,FALSE
CDR4114,P303,P430,2026-06-29 08:06:00,232,SMS,TOWER-017,FALSE
CDR4115,P407,P330,2026-02-24 09:54:00,373,SMS,TOWER-021,FALSE
CDR4116,P489,P051,2026-07-09 04:38:00,153,Voice,TOWER-064,FALSE
CDR4117,P295,P049,2026-03-06 08:08:00,778,Voice,TOWER-014,FALSE
CDR4118,P061,P495,2026-01-13 20:50:00,244,SMS,TOWER-099,FALSE
CDR4119,P392,P123,2026-01-20 08:55:00,719,SMS,TOWER-019,FALSE
CDR4120,P185,P298,2026-03-17 14:10:00,44,Voice,TOWER-096,FALSE
CDR4121,P345,P364,2026-06-12 07:12:00,212,Voice,TOWER-030,FALSE
CDR4122,P463,P310,2026-03-13 14:22:00,657,Voice,TOWER-069,FALSE
CDR4123,P216,P418,2026-04-13 06:48:00,659,Voice,TOWER-017,FALSE
CDR4124,P202,P368,2026-05-12 02:08:00,570,Voice,TOWER-035,FALSE
CDR4125,P382,P021,2026-06-19 04:57:00,113,SMS,TOWER-097,FALSE
CDR4126,P178,P332,2026-02-11 09:16:00,441,SMS,TOWER-070,FALSE
CDR4127,P404,P226,2026-01-07 00:43:00,678,SMS,TOWER-038,FALSE
CDR4128,P437,P236,2026-05-15 12:59:00,375,SMS,TOWER-039,FALSE
CDR4129,P294,P443,2026-02-22 10:59:00,511,Voice,TOWER-060,FALSE
CDR4130,P268,P020,2026-08-14 23:58:00,455,SMS,TOWER-004,FALSE
CDR4131,P482,P205,2026-04-28 16:14:00,158,SMS,TOWER-026,FALSE
CDR4132,P417,P413,2026-08-08 09:01:00,552,SMS,TOWER-079,FALSE
CDR4133,P322,P382,2026-03-16 08:08:00,145,Voice,TOWER-082,FALSE
CDR4134,P399,P222,2026-07-28 07:39:00,627,SMS,TOWER-079,FALSE
CDR4135,P343,P465,2026-08-10 01:41:00,703,Voice,TOWER-087,FALSE
CDR4136,P014,P111,2026-03-18 21:43:00,391,Voice,TOWER-031,FALSE
CDR4137,P291,P093,2026-03-02 01:37:00,532,SMS,TOWER-097,FALSE
CDR4138,P013,P323,2026-07-31 18:34:00,440,SMS,TOWER-047,FALSE
CDR4139,P485,P169,2026-01-30 09:08:00,754,Voice,TOWER-017,FALSE
CDR4140,P051,P150,2026-05-01 17:45:00,456,SMS,TOWER-095,FALSE
CDR4141,P472,P212,2026-07-10 18:51:00,697,Voice,TOWER-052,FALSE
CDR4142,P411,P015,2026-06-16 15:48:00,314,SMS,TOWER-054,FALSE
CDR4143,P374,P234,2026-06-21 11:56:00,314,SMS,TOWER-032,FALSE
CDR4144,P435,P457,2026-02-21 19:39:00,376,Voice,TOWER-094,FALSE
CDR4145,P130,P184,2026-01-01 08:28:00,352,Voice,TOWER-040,FALSE
CDR4146,P420,P350,2026-02-23 09:19:00,400,Voice,TOWER-020,FALSE
CDR4147,P177,P181,2026-02-07 13:27:00,589,SMS,TOWER-031,FALSE
CDR4148,P499,P495,2026-06-10 20:12:00,596,SMS,TOWER-030,FALSE
CDR4149,P128,P142,2026-08-06 04:54:00,639,SMS,TOWER-077,FALSE
CDR4150,P229,P402,2026-04-16 05:35:00,579,SMS,TOWER-042,FALSE
CDR4151,P025,P167,2026-04-15 03:04:00,455,SMS,TOWER-026,FALSE
CDR4152,P235,P358,2026-01-28 02:52:00,535,SMS,TOWER-028,FALSE
CDR4153,P326,P135,2026-01-12 09:36:00,766,Voice,TOWER-003,FALSE
CDR4154,P394,P407,2026-02-23 07:53:00,488,Voice,TOWER-049,FALSE
CDR4155,P083,P108,2026-05-17 21:54:00,770,Voice,TOWER-045,FALSE
CDR4156,P286,P395,2026-05-23 04:25:00,482,Voice,TOWER-093,FALSE
CDR4157,P443,P281,2026-03-09 16:18:00,757,Voice,TOWER-037,FALSE
CDR4158,P332,P165,2026-07-03 20:41:00,587,Voice,TOWER-077,FALSE
CDR4159,P380,P206,2026-01-24 18:42:00,410,Voice,TOWER-013,FALSE
CDR4160,P386,P179,2026-07-31 06:23:00,627,Voice,TOWER-039,FALSE
CDR4161,P400,P418,2026-07-19 18:44:00,415,Voice,TOWER-096,FALSE
CDR4162,P089,P433,2026-06-11 01:26:00,889,Voice,TOWER-053,FALSE
CDR4163,P256,P439,2026-04-23 16:49:00,783,SMS,TOWER-100,FALSE
CDR4164,P046,P171,2026-07-23 00:33:00,653,Voice,TOWER-086,FALSE
CDR4165,P181,P316,2026-06-20 18:26:00,638,SMS,TOWER-081,FALSE
CDR4166,P276,P379,2026-04-12 17:22:00,451,Voice,TOWER-079,FALSE
CDR4167,P413,P429,2026-01-09 10:48:00,517,Voice,TOWER-054,FALSE
CDR4168,P495,P117,2026-04-17 13:05:00,799,SMS,TOWER-082,FALSE
CDR4169,P163,P425,2026-07-23 14:36:00,302,SMS,TOWER-097,FALSE
CDR4170,P157,P052,2026-06-28 17:02:00,742,SMS,TOWER-054,FALSE
CDR4171,P469,P370,2026-06-08 11:57:00,865,SMS,TOWER-033,FALSE
CDR4172,P047,P328,2026-06-29 18:31:00,715,Voice,TOWER-070,FALSE
CDR4173,P208,P161,2026-06-10 08:58:00,68,SMS,TOWER-017,FALSE
CDR4174,P319,P255,2026-07-02 11:19:00,40,SMS,TOWER-050,FALSE
CDR4175,P328,P096,2026-06-09 00:19:00,99,Voice,TOWER-057,FALSE
CDR4176,P388,P196,2026-07-17 10:52:00,320,SMS,TOWER-057,FALSE
CDR4177,P104,P136,2026-02-02 23:25:00,781,Voice,TOWER-057,FALSE
CDR4178,P439,P363,2026-04-10 13:20:00,280,SMS,TOWER-006,FALSE
CDR4179,P249,P180,2026-08-09 17:19:00,530,SMS,TOWER-080,FALSE
CDR4180,P173,P413,2026-03-20 00:46:00,414,Voice,TOWER-096,FALSE
CDR4181,P225,P459,2026-04-28 17:39:00,255,Voice,TOWER-066,FALSE
CDR4182,P186,P387,2026-07-27 18:24:00,858,SMS,TOWER-036,FALSE
CDR4183,P082,P492,2026-05-24 04:32:00,665,Voice,TOWER-034,FALSE
CDR4184,P087,P166,2026-03-22 22:24:00,247,SMS,TOWER-033,FALSE
CDR4185,P009,P058,2026-07-12 09:08:00,347,Voice,TOWER-015,FALSE
CDR4186,P098,P298,2026-03-09 23:06:00,712,SMS,TOWER-050,FALSE
CDR4187,P159,P466,2026-01-12 17:18:00,526,SMS,TOWER-009,FALSE
CDR4188,P260,P359,2026-01-02 20:38:00,56,Voice,TOWER-043,FALSE
CDR4189,P329,P287,2026-04-23 23:48:00,307,SMS,TOWER-055,FALSE
CDR4190,P152,P388,2026-01-01 06:02:00,611,Voice,TOWER-028,FALSE
CDR4191,P287,P276,2026-06-23 15:33:00,461,SMS,TOWER-059,FALSE
CDR4192,P092,P204,2026-06-06 16:07:00,606,Voice,TOWER-085,FALSE
CDR4193,P317,P357,2026-01-30 19:48:00,200,Voice,TOWER-015,FALSE
CDR4194,P039,P102,2026-05-04 01:44:00,782,Voice,TOWER-094,FALSE
CDR4195,P048,P047,2026-07-29 04:31:00,424,SMS,TOWER-045,FALSE
CDR4196,P365,P307,2026-07-20 16:53:00,737,Voice,TOWER-082,FALSE
CDR4197,P469,P449,2026-07-24 23:49:00,55,Voice,TOWER-039,FALSE
CDR4198,P340,P208,2026-02-14 15:29:00,626,Voice,TOWER-028,FALSE
CDR4199,P437,P135,2026-03-20 21:20:00,875,SMS,TOWER-092,FALSE
CDR4200,P075,P367,2026-05-27 00:48:00,844,Voice,TOWER-066,TRUE
CDR4201,P175,P273,2026-04-25 05:59:00,10,Voice,TOWER-022,FALSE
CDR4202,P182,P204,2026-08-02 09:36:00,885,SMS,TOWER-025,FALSE
CDR4203,P069,P472,2026-07-08 20:06:00,41,Voice,TOWER-024,FALSE
CDR4204,P198,P054,2026-04-18 03:39:00,886,SMS,TOWER-013,FALSE
CDR4205,P433,P490,2026-07-17 07:52:00,393,Voice,TOWER-050,FALSE
CDR4206,P377,P418,2026-02-02 23:49:00,632,Voice,TOWER-025,FALSE
CDR4207,P449,P455,2026-05-27 01:29:00,751,SMS,TOWER-005,FALSE
CDR4208,P409,P151,2026-05-10 16:53:00,599,Voice,TOWER-086,FALSE
CDR4209,P315,P292,2026-08-04 22:43:00,600,SMS,TOWER-069,FALSE
CDR4210,P498,P043,2026-06-09 11:29:00,453,SMS,TOWER-010,FALSE
CDR4211,P166,P116,2026-06-25 20:45:00,21,SMS,TOWER-079,FALSE
CDR4212,P227,P423,2026-02-23 17:46:00,218,Voice,TOWER-097,FALSE
CDR4213,P021,P126,2026-07-23 08:14:00,810,SMS,TOWER-003,FALSE
CDR4214,P281,P080,2026-06-28 13:08:00,728,Voice,TOWER-077,FALSE
CDR4215,P342,P141,2026-06-03 20:25:00,615,Voice,TOWER-027,FALSE
CDR4216,P014,P254,2026-02-21 03:40:00,209,SMS,TOWER-074,FALSE
CDR4217,P115,P427,2026-05-09 12:41:00,148,Voice,TOWER-073,FALSE
CDR4218,P356,P113,2026-04-07 13:14:00,63,Voice,TOWER-062,FALSE
CDR4219,P126,P449,2026-01-27 14:14:00,492,SMS,TOWER-047,FALSE
CDR4220,P116,P226,2026-07-10 02:37:00,404,Voice,TOWER-092,FALSE
CDR4221,P332,P416,2026-06-13 11:07:00,17,SMS,TOWER-052,FALSE
CDR4222,P111,P075,2026-02-08 16:08:00,195,SMS,TOWER-095,FALSE
CDR4223,P007,P152,2026-02-17 19:23:00,675,Voice,TOWER-008,FALSE
CDR4224,P125,P494,2026-05-22 09:16:00,860,SMS,TOWER-010,FALSE
CDR4225,P011,P440,2026-06-06 07:30:00,699,Voice,TOWER-022,FALSE
CDR4226,P314,P248,2026-02-10 02:39:00,451,Voice,TOWER-083,FALSE
CDR4227,P430,P225,2026-01-24 02:37:00,134,Voice,TOWER-086,FALSE
CDR4228,P213,P285,2026-03-25 17:57:00,639,Voice,TOWER-026,FALSE
CDR4229,P283,P291,2026-01-22 14:03:00,375,SMS,TOWER-075,FALSE
CDR4230,P099,P212,2026-02-19 09:23:00,816,Voice,TOWER-029,FALSE
CDR4231,P096,P435,2026-02-11 21:04:00,845,SMS,TOWER-077,FALSE
CDR4232,P266,P298,2026-06-06 17:32:00,714,Voice,TOWER-003,FALSE
CDR4233,P205,P322,2026-08-01 03:30:00,658,Voice,TOWER-074,FALSE
CDR4234,P295,P455,2026-05-28 07:06:00,59,SMS,TOWER-046,FALSE
CDR4235,P462,P199,2026-01-12 05:29:00,101,Voice,TOWER-019,FALSE
CDR4236,P383,P134,2026-01-18 19:45:00,821,SMS,TOWER-001,FALSE
CDR4237,P362,P408,2026-07-08 21:55:00,814,SMS,TOWER-100,FALSE
CDR4238,P187,P412,2026-02-07 13:56:00,580,Voice,TOWER-033,FALSE
CDR4239,P411,P135,2026-04-03 21:10:00,836,SMS,TOWER-006,FALSE
CDR4240,P221,P190,2026-07-17 00:20:00,718,SMS,TOWER-014,FALSE
CDR4241,P187,P461,2026-04-04 10:40:00,803,Voice,TOWER-035,FALSE
CDR4242,P474,P480,2026-06-04 16:24:00,279,SMS,TOWER-073,FALSE
CDR4243,P121,P164,2026-05-09 07:17:00,423,Voice,TOWER-076,FALSE
CDR4244,P277,P183,2026-05-02 00:42:00,523,Voice,TOWER-053,FALSE
CDR4245,P040,P491,2026-02-17 22:50:00,477,SMS,TOWER-044,FALSE
CDR4246,P355,P069,2026-05-26 01:03:00,580,Voice,TOWER-088,FALSE
CDR4247,P165,P441,2026-08-14 02:14:00,863,SMS,TOWER-074,FALSE
CDR4248,P424,P360,2026-01-15 18:57:00,155,SMS,TOWER-011,FALSE
CDR4249,P127,P408,2026-04-22 01:33:00,643,Voice,TOWER-038,FALSE
CDR4250,P276,P297,2026-08-14 20:14:00,890,SMS,TOWER-056,FALSE
CDR4251,P066,P050,2026-03-07 05:21:00,205,SMS,TOWER-059,FALSE
CDR4252,P470,P402,2026-05-28 21:44:00,629,Voice,TOWER-077,FALSE
CDR4253,P260,P363,2026-05-06 18:07:00,108,SMS,TOWER-037,FALSE
CDR4254,P244,P275,2026-06-30 08:36:00,655,SMS,TOWER-016,FALSE
CDR4255,P161,P054,2026-06-20 21:47:00,698,SMS,TOWER-067,FALSE
CDR4256,P414,P424,2026-04-27 13:40:00,24,Voice,TOWER-088,FALSE
CDR4257,P310,P117,2026-05-22 01:19:00,835,SMS,TOWER-050,FALSE
CDR4258,P369,P179,2026-01-31 21:00:00,409,SMS,TOWER-018,FALSE
CDR4259,P368,P360,2026-07-16 15:50:00,18,Voice,TOWER-040,FALSE
CDR4260,P331,P500,2026-08-06 06:36:00,286,SMS,TOWER-071,FALSE
CDR4261,P284,P421,2026-08-05 10:47:00,814,SMS,TOWER-062,FALSE
CDR4262,P115,P239,2026-01-17 17:42:00,388,SMS,TOWER-021,FALSE
CDR4263,P138,P295,2026-07-01 04:24:00,851,SMS,TOWER-006,FALSE
CDR4264,P429,P028,2026-02-27 13:49:00,382,SMS,TOWER-017,FALSE
CDR4265,P236,P317,2026-03-17 02:31:00,161,SMS,TOWER-019,FALSE
CDR4266,P225,P255,2026-04-10 14:01:00,217,SMS,TOWER-020,FALSE
CDR4267,P303,P224,2026-05-05 08:41:00,409,Voice,TOWER-001,FALSE
CDR4268,P034,P489,2026-07-09 16:33:00,867,SMS,TOWER-077,FALSE
CDR4269,P088,P012,2026-05-23 04:03:00,473,Voice,TOWER-014,FALSE
CDR4270,P287,P230,2026-05-12 18:54:00,67,SMS,TOWER-099,FALSE
CDR4271,P287,P333,2026-02-24 16:27:00,378,Voice,TOWER-043,FALSE
CDR4272,P030,P459,2026-03-14 12:47:00,202,Voice,TOWER-066,FALSE
CDR4273,P178,P245,2026-04-10 02:28:00,433,Voice,TOWER-043,FALSE
CDR4274,P445,P362,2026-08-12 01:09:00,648,Voice,TOWER-037,FALSE
CDR4275,P076,P033,2026-02-24 09:35:00,139,Voice,TOWER-001,FALSE
CDR4276,P350,P182,2026-08-09 02:28:00,160,SMS,TOWER-034,FALSE
CDR4277,P034,P489,2026-03-24 08:44:00,821,SMS,TOWER-090,FALSE
CDR4278,P369,P142,2026-01-28 08:16:00,41,SMS,TOWER-066,FALSE
CDR4279,P292,P130,2026-03-22 23:45:00,829,Voice,TOWER-088,FALSE
CDR4280,P486,P460,2026-06-19 12:16:00,503,Voice,TOWER-089,FALSE
CDR4281,P373,P015,2026-04-21 14:05:00,162,Voice,TOWER-015,FALSE
CDR4282,P366,P307,2026-06-05 11:55:00,160,Voice,TOWER-012,FALSE
CDR4283,P252,P221,2026-03-21 00:16:00,589,Voice,TOWER-065,FALSE
CDR4284,P361,P392,2026-02-09 16:53:00,53,SMS,TOWER-020,FALSE
CDR4285,P483,P069,2026-04-24 03:13:00,428,SMS,TOWER-060,FALSE
CDR4286,P203,P111,2026-07-09 01:52:00,782,SMS,TOWER-028,FALSE
CDR4287,P339,P232,2026-05-02 01:23:00,494,SMS,TOWER-037,FALSE
CDR4288,P159,P276,2026-05-07 06:37:00,437,Voice,TOWER-099,FALSE
CDR4289,P357,P346,2026-04-20 09:52:00,555,Voice,TOWER-026,FALSE
CDR4290,P156,P170,2026-06-29 20:33:00,162,SMS,TOWER-040,FALSE
CDR4291,P120,P292,2026-04-18 13:29:00,141,SMS,TOWER-026,FALSE
CDR4292,P409,P449,2026-04-30 00:48:00,487,Voice,TOWER-071,FALSE
CDR4293,P261,P485,2026-01-10 04:34:00,265,SMS,TOWER-044,FALSE
CDR4294,P209,P074,2026-05-14 01:59:00,763,Voice,TOWER-066,FALSE
CDR4295,P393,P277,2026-06-21 18:00:00,278,SMS,TOWER-051,FALSE
CDR4296,P349,P301,2026-06-22 03:31:00,397,Voice,TOWER-069,FALSE
CDR4297,P162,P442,2026-02-16 18:53:00,517,SMS,TOWER-042,FALSE
CDR4298,P004,P498,2026-07-02 05:54:00,750,Voice,TOWER-008,FALSE
CDR4299,P313,P028,2026-08-16 20:03:00,222,Voice,TOWER-088,FALSE
CDR4300,P365,P387,2026-03-20 07:59:00,409,SMS,TOWER-078,FALSE
CDR4301,P184,P301,2026-03-11 00:35:00,805,Voice,TOWER-051,FALSE
CDR4302,P062,P397,2026-02-16 17:55:00,680,Voice,TOWER-062,FALSE
CDR4303,P037,P315,2026-04-18 14:25:00,94,SMS,TOWER-034,FALSE
CDR4304,P033,P272,2026-03-22 01:14:00,848,Voice,TOWER-002,FALSE
CDR4305,P212,P374,2026-05-22 03:41:00,303,SMS,TOWER-019,FALSE
CDR4306,P083,P376,2026-08-04 03:11:00,621,SMS,TOWER-040,FALSE
CDR4307,P100,P128,2026-05-09 08:25:00,329,SMS,TOWER-027,FALSE
CDR4308,P308,P397,2026-03-19 17:53:00,824,SMS,TOWER-013,FALSE
CDR4309,P389,P092,2026-02-14 14:15:00,381,Voice,TOWER-030,FALSE
CDR4310,P428,P093,2026-03-30 11:42:00,814,SMS,TOWER-022,FALSE
CDR4311,P016,P333,2026-08-15 13:03:00,640,SMS,TOWER-004,FALSE
CDR4312,P476,P254,2026-02-03 13:57:00,56,Voice,TOWER-082,FALSE
CDR4313,P374,P062,2026-04-21 03:40:00,318,SMS,TOWER-047,FALSE
CDR4314,P170,P046,2026-07-17 14:30:00,843,SMS,TOWER-081,FALSE
CDR4315,P049,P485,2026-01-26 01:21:00,546,Voice,TOWER-061,FALSE
CDR4316,P207,P294,2026-07-06 07:36:00,737,Voice,TOWER-015,FALSE
CDR4317,P359,P486,2026-05-14 09:16:00,167,SMS,TOWER-078,FALSE
CDR4318,P351,P199,2026-04-03 21:20:00,457,Voice,TOWER-066,FALSE
CDR4319,P413,P209,2026-02-16 10:40:00,305,Voice,TOWER-027,FALSE
CDR4320,P196,P357,2026-03-20 01:20:00,181,Voice,TOWER-030,FALSE
CDR4321,P243,P071,2026-08-08 05:04:00,580,Voice,TOWER-057,FALSE
CDR4322,P434,P176,2026-01-06 00:24:00,221,Voice,TOWER-040,FALSE
CDR4323,P094,P050,2026-07-11 06:40:00,415,SMS,TOWER-040,FALSE
CDR4324,P160,P182,2026-06-17 10:04:00,889,SMS,TOWER-033,FALSE
CDR4325,P091,P363,2026-01-03 07:43:00,236,SMS,TOWER-050,FALSE
CDR4326,P221,P451,2026-05-30 16:30:00,790,SMS,TOWER-052,FALSE
CDR4327,P130,P256,2026-01-05 13:24:00,470,SMS,TOWER-092,FALSE
CDR4328,P047,P095,2026-02-20 16:46:00,572,Voice,TOWER-016,FALSE
CDR4329,P134,P206,2026-03-07 21:28:00,670,Voice,TOWER-016,FALSE
CDR4330,P103,P117,2026-07-31 13:06:00,227,SMS,TOWER-069,FALSE
CDR4331,P180,P332,2026-03-02 02:04:00,819,SMS,TOWER-098,FALSE
CDR4332,P325,P042,2026-06-10 07:57:00,277,Voice,TOWER-077,FALSE
CDR4333,P174,P232,2026-03-16 23:58:00,21,SMS,TOWER-093,FALSE
CDR4334,P385,P049,2026-05-12 03:03:00,868,SMS,TOWER-073,FALSE
CDR4335,P269,P132,2026-03-02 11:24:00,47,SMS,TOWER-052,FALSE
CDR4336,P011,P451,2026-05-25 13:50:00,289,SMS,TOWER-030,FALSE
CDR4337,P311,P032,2026-02-04 09:45:00,268,SMS,TOWER-027,FALSE
CDR4338,P286,P031,2026-05-04 19:25:00,754,SMS,TOWER-075,FALSE
CDR4339,P350,P192,2026-07-24 18:30:00,543,SMS,TOWER-056,FALSE
CDR4340,P049,P087,2026-05-08 23:18:00,277,Voice,TOWER-016,FALSE
CDR4341,P001,P494,2026-01-11 14:11:00,777,Voice,TOWER-060,FALSE
CDR4342,P271,P007,2026-07-22 22:01:00,495,Voice,TOWER-040,FALSE
CDR4343,P003,P168,2026-07-23 13:35:00,240,SMS,TOWER-033,FALSE
CDR4344,P197,P157,2026-08-16 21:21:00,107,Voice,TOWER-089,FALSE
CDR4345,P015,P410,2026-05-30 13:21:00,603,SMS,TOWER-047,FALSE
CDR4346,P464,P291,2026-07-21 03:41:00,736,SMS,TOWER-074,FALSE
CDR4347,P289,P192,2026-04-04 22:31:00,647,Voice,TOWER-064,FALSE
CDR4348,P440,P036,2026-07-28 22:00:00,116,Voice,TOWER-098,FALSE
CDR4349,P490,P089,2026-05-30 07:37:00,715,SMS,TOWER-044,FALSE
CDR4350,P097,P326,2026-07-29 18:55:00,510,SMS,TOWER-060,FALSE
CDR4351,P318,P256,2026-06-05 17:02:00,497,SMS,TOWER-047,FALSE
CDR4352,P094,P275,2026-07-26 18:52:00,817,SMS,TOWER-010,FALSE
CDR4353,P112,P500,2026-03-17 22:56:00,326,Voice,TOWER-063,FALSE
CDR4354,P177,P050,2026-04-04 12:17:00,84,SMS,TOWER-029,FALSE
CDR4355,P447,P350,2026-07-22 05:08:00,570,SMS,TOWER-023,FALSE
CDR4356,P468,P080,2026-06-07 09:57:00,885,Voice,TOWER-025,FALSE
CDR4357,P308,P192,2026-03-14 23:51:00,23,SMS,TOWER-052,FALSE
CDR4358,P294,P091,2026-02-11 20:43:00,38,Voice,TOWER-013,FALSE
CDR4359,P457,P226,2026-01-28 07:19:00,634,Voice,TOWER-043,FALSE
CDR4360,P362,P434,2026-04-23 02:53:00,10,SMS,TOWER-037,FALSE
CDR4361,P451,P396,2026-03-08 18:49:00,432,SMS,TOWER-064,FALSE
CDR4362,P091,P260,2026-08-14 04:18:00,86,SMS,TOWER-075,FALSE
CDR4363,P077,P417,2026-08-08 19:17:00,12,SMS,TOWER-013,FALSE
CDR4364,P420,P228,2026-05-20 23:34:00,853,SMS,TOWER-059,FALSE
CDR4365,P016,P319,2026-08-09 11:48:00,869,Voice,TOWER-044,FALSE
CDR4366,P020,P479,2026-06-25 04:51:00,687,Voice,TOWER-049,FALSE
CDR4367,P276,P455,2026-06-15 08:46:00,596,SMS,TOWER-060,FALSE
CDR4368,P491,P407,2026-03-26 03:57:00,195,Voice,TOWER-075,FALSE
CDR4369,P482,P062,2026-05-24 14:21:00,830,Voice,TOWER-098,FALSE
CDR4370,P414,P479,2026-03-12 12:19:00,452,SMS,TOWER-029,FALSE
CDR4371,P160,P479,2026-03-05 03:38:00,531,SMS,TOWER-073,FALSE
CDR4372,P150,P056,2026-07-26 00:56:00,172,SMS,TOWER-047,FALSE
CDR4373,P179,P350,2026-08-14 21:34:00,116,SMS,TOWER-047,FALSE
CDR4374,P093,P303,2026-06-11 15:07:00,170,SMS,TOWER-060,FALSE
CDR4375,P266,P086,2026-01-03 14:09:00,707,SMS,TOWER-040,FALSE
CDR4376,P461,P052,2026-08-14 05:12:00,487,SMS,TOWER-027,FALSE
CDR4377,P255,P099,2026-08-16 16:23:00,757,SMS,TOWER-001,FALSE
CDR4378,P309,P080,2026-08-02 10:37:00,358,SMS,TOWER-066,FALSE
CDR4379,P314,P472,2026-07-20 21:55:00,898,SMS,TOWER-097,FALSE
CDR4380,P173,P481,2026-01-23 21:04:00,784,SMS,TOWER-087,FALSE
CDR4381,P233,P476,2026-08-09 06:08:00,365,SMS,TOWER-062,FALSE
CDR4382,P338,P281,2026-08-04 05:38:00,227,Voice,TOWER-053,FALSE
CDR4383,P426,P200,2026-04-10 16:33:00,518,Voice,TOWER-022,FALSE
CDR4384,P402,P230,2026-05-20 07:53:00,511,SMS,TOWER-064,FALSE
CDR4385,P484,P060,2026-06-04 11:33:00,793,SMS,TOWER-077,FALSE
CDR4386,P343,P284,2026-05-24 08:16:00,827,SMS,TOWER-095,FALSE
CDR4387,P034,P174,2026-05-02 21:20:00,681,SMS,TOWER-050,FALSE
CDR4388,P127,P188,2026-08-14 09:05:00,607,SMS,TOWER-057,FALSE
CDR4389,P073,P123,2026-01-29 12:15:00,872,Voice,TOWER-036,FALSE
CDR4390,P492,P419,2026-06-11 10:04:00,894,SMS,TOWER-083,FALSE
CDR4391,P252,P097,2026-01-14 03:15:00,142,SMS,TOWER-004,FALSE
CDR4392,P407,P207,2026-05-13 17:26:00,517,Voice,TOWER-077,FALSE
CDR4393,P022,P184,2026-01-03 00:35:00,289,SMS,TOWER-041,FALSE
CDR4394,P031,P470,2026-03-24 15:28:00,274,SMS,TOWER-004,FALSE
CDR4395,P472,P246,2026-03-28 07:08:00,844,SMS,TOWER-036,FALSE
CDR4396,P416,P432,2026-07-21 16:37:00,43,SMS,TOWER-068,FALSE
CDR4397,P466,P338,2026-01-03 15:42:00,554,Voice,TOWER-026,FALSE
CDR4398,P363,P387,2026-07-14 07:20:00,422,Voice,TOWER-024,FALSE
CDR4399,P430,P303,2026-08-10 01:28:00,426,SMS,TOWER-039,FALSE
CDR4400,P051,P435,2026-07-11 02:18:00,293,Voice,TOWER-061,FALSE
CDR4401,P267,P047,2026-03-22 14:43:00,66,SMS,TOWER-012,FALSE
CDR4402,P340,P336,2026-05-09 01:37:00,405,Voice,TOWER-023,TRUE
CDR4403,P165,P467,2026-04-04 18:39:00,331,Voice,TOWER-006,FALSE
CDR4404,P270,P289,2026-02-21 09:24:00,538,Voice,TOWER-069,FALSE
CDR4405,P295,P360,2026-06-14 13:14:00,452,Voice,TOWER-026,FALSE
CDR4406,P273,P268,2026-04-17 01:52:00,488,SMS,TOWER-083,FALSE
CDR4407,P202,P388,2026-06-05 11:32:00,817,SMS,TOWER-056,FALSE
CDR4408,P280,P330,2026-01-14 14:18:00,881,Voice,TOWER-063,FALSE
CDR4409,P103,P145,2026-03-13 13:37:00,594,SMS,TOWER-034,FALSE
CDR4410,P165,P070,2026-02-10 13:56:00,160,Voice,TOWER-091,FALSE
CDR4411,P230,P391,2026-07-29 13:22:00,845,Voice,TOWER-007,FALSE
CDR4412,P102,P150,2026-02-02 07:50:00,653,SMS,TOWER-056,FALSE
CDR4413,P484,P321,2026-01-17 08:31:00,556,Voice,TOWER-088,FALSE
CDR4414,P219,P207,2026-08-06 02:45:00,411,SMS,TOWER-067,FALSE
CDR4415,P223,P194,2026-04-06 12:37:00,482,SMS,TOWER-073,FALSE
CDR4416,P043,P252,2026-06-20 21:05:00,211,Voice,TOWER-003,FALSE
CDR4417,P013,P252,2026-06-05 12:11:00,267,Voice,TOWER-042,FALSE
CDR4418,P054,P165,2026-06-12 19:34:00,390,SMS,TOWER-091,FALSE
CDR4419,P288,P248,2026-06-22 05:38:00,225,SMS,TOWER-003,FALSE
CDR4420,P313,P200,2026-05-06 05:22:00,796,Voice,TOWER-053,FALSE
CDR4421,P157,P255,2026-01-12 13:02:00,488,Voice,TOWER-093,FALSE
CDR4422,P403,P395,2026-05-27 21:43:00,491,SMS,TOWER-056,FALSE
CDR4423,P148,P395,2026-06-21 06:48:00,97,Voice,TOWER-021,FALSE
CDR4424,P351,P358,2026-08-07 08:22:00,746,SMS,TOWER-013,FALSE
CDR4425,P029,P271,2026-03-21 12:35:00,140,Voice,TOWER-063,FALSE
CDR4426,P426,P022,2026-06-18 02:34:00,622,SMS,TOWER-087,FALSE
CDR4427,P097,P485,2026-02-07 07:15:00,222,Voice,TOWER-064,FALSE
CDR4428,P046,P158,2026-05-30 17:20:00,466,Voice,TOWER-043,FALSE
CDR4429,P457,P301,2026-07-03 20:58:00,21,SMS,TOWER-075,FALSE
CDR4430,P383,P461,2026-01-25 01:55:00,653,SMS,TOWER-083,FALSE
CDR4431,P293,P278,2026-05-13 07:08:00,40,SMS,TOWER-035,FALSE
CDR4432,P089,P329,2026-01-15 20:46:00,475,Voice,TOWER-098,FALSE
CDR4433,P161,P379,2026-07-15 19:44:00,318,SMS,TOWER-068,FALSE
CDR4434,P025,P274,2026-04-08 21:43:00,210,Voice,TOWER-030,FALSE
CDR4435,P015,P025,2026-04-03 14:09:00,797,SMS,TOWER-060,FALSE
CDR4436,P495,P156,2026-03-19 13:48:00,896,SMS,TOWER-085,FALSE
CDR4437,P198,P097,2026-04-14 16:10:00,17,SMS,TOWER-034,FALSE
CDR4438,P181,P494,2026-08-14 19:18:00,199,Voice,TOWER-079,FALSE
CDR4439,P276,P027,2026-01-04 14:25:00,897,SMS,TOWER-071,FALSE
CDR4440,P422,P423,2026-07-04 05:55:00,689,SMS,TOWER-033,FALSE
CDR4441,P351,P448,2026-03-31 10:59:00,94,SMS,TOWER-064,FALSE
CDR4442,P223,P379,2026-07-09 01:20:00,649,SMS,TOWER-034,FALSE
CDR4443,P261,P269,2026-04-08 06:24:00,574,SMS,TOWER-096,FALSE
CDR4444,P435,P092,2026-08-02 22:44:00,214,Voice,TOWER-081,FALSE
CDR4445,P261,P190,2026-01-13 06:15:00,390,SMS,TOWER-001,FALSE
CDR4446,P349,P358,2026-05-05 14:52:00,644,Voice,TOWER-016,FALSE
CDR4447,P023,P467,2026-05-12 15:44:00,863,Voice,TOWER-017,FALSE
CDR4448,P110,P051,2026-08-10 00:29:00,684,SMS,TOWER-049,FALSE
CDR4449,P235,P487,2026-03-13 07:13:00,624,Voice,TOWER-032,FALSE
CDR4450,P096,P457,2026-05-11 10:08:00,419,SMS,TOWER-034,FALSE
CDR4451,P114,P365,2026-01-02 04:06:00,40,SMS,TOWER-077,FALSE
CDR4452,P164,P038,2026-08-04 23:11:00,371,SMS,TOWER-008,FALSE
CDR4453,P366,P105,2026-03-07 12:52:00,223,Voice,TOWER-004,FALSE
CDR4454,P254,P106,2026-02-12 18:30:00,653,SMS,TOWER-028,FALSE
CDR4455,P293,P328,2026-02-04 00:17:00,344,Voice,TOWER-003,FALSE
CDR4456,P314,P008,2026-04-17 09:20:00,90,Voice,TOWER-090,FALSE
CDR4457,P024,P473,2026-01-15 04:37:00,719,SMS,TOWER-067,FALSE
CDR4458,P196,P106,2026-02-15 23:45:00,66,SMS,TOWER-068,FALSE
CDR4459,P461,P353,2026-02-15 07:25:00,43,Voice,TOWER-008,FALSE
CDR4460,P060,P474,2026-05-07 04:33:00,304,SMS,TOWER-028,FALSE
CDR4461,P149,P003,2026-07-07 22:40:00,784,SMS,TOWER-077,FALSE
CDR4462,P464,P124,2026-06-12 18:33:00,610,Voice,TOWER-035,FALSE
CDR4463,P338,P417,2026-04-30 23:17:00,345,Voice,TOWER-068,FALSE
CDR4464,P469,P426,2026-02-08 05:18:00,96,Voice,TOWER-063,FALSE
CDR4465,P170,P091,2026-02-22 21:59:00,202,Voice,TOWER-056,FALSE
CDR4466,P200,P424,2026-04-10 22:30:00,610,SMS,TOWER-013,FALSE
CDR4467,P117,P191,2026-07-03 15:53:00,381,SMS,TOWER-083,FALSE
CDR4468,P470,P429,2026-06-20 01:02:00,802,Voice,TOWER-044,FALSE
CDR4469,P206,P023,2026-05-04 05:24:00,259,Voice,TOWER-066,FALSE
CDR4470,P080,P073,2026-02-15 02:56:00,755,SMS,TOWER-039,FALSE
CDR4471,P307,P127,2026-04-06 07:39:00,474,SMS,TOWER-014,FALSE
CDR4472,P319,P343,2026-05-04 06:35:00,735,SMS,TOWER-066,FALSE
CDR4473,P133,P452,2026-07-21 20:28:00,767,Voice,TOWER-092,FALSE
CDR4474,P473,P217,2026-04-29 10:51:00,532,Voice,TOWER-084,FALSE
CDR4475,P349,P293,2026-04-03 22:54:00,738,SMS,TOWER-006,FALSE
CDR4476,P364,P443,2026-03-28 09:47:00,37,SMS,TOWER-053,FALSE
CDR4477,P462,P321,2026-08-05 20:57:00,364,SMS,TOWER-077,FALSE
CDR4478,P159,P105,2026-03-18 13:53:00,350,Voice,TOWER-008,FALSE
CDR4479,P482,P450,2026-07-04 21:07:00,147,Voice,TOWER-058,FALSE
CDR4480,P335,P378,2026-06-09 16:53:00,317,SMS,TOWER-099,FALSE
CDR4481,P468,P140,2026-06-14 13:51:00,514,SMS,TOWER-048,FALSE
CDR4482,P210,P354,2026-07-29 03:23:00,388,SMS,TOWER-091,FALSE
CDR4483,P006,P213,2026-02-12 18:29:00,536,SMS,TOWER-019,FALSE
CDR4484,P422,P212,2026-04-16 00:35:00,841,Voice,TOWER-062,FALSE
CDR4485,P194,P143,2026-08-06 01:06:00,49,Voice,TOWER-064,FALSE
CDR4486,P432,P462,2026-01-23 14:50:00,348,SMS,TOWER-077,FALSE
CDR4487,P098,P419,2026-04-14 11:27:00,327,SMS,TOWER-060,FALSE
CDR4488,P399,P250,2026-04-07 12:55:00,875,Voice,TOWER-056,FALSE
CDR4489,P130,P308,2026-06-05 05:41:00,704,SMS,TOWER-054,FALSE
CDR4490,P006,P321,2026-06-27 21:16:00,347,SMS,TOWER-076,FALSE
CDR4491,P355,P203,2026-03-22 11:06:00,40,Voice,TOWER-100,FALSE
CDR4492,P022,P357,2026-06-13 23:40:00,279,Voice,TOWER-049,FALSE
CDR4493,P393,P230,2026-04-20 15:16:00,168,Voice,TOWER-063,FALSE
CDR4494,P066,P340,2026-02-23 17:05:00,416,SMS,TOWER-026,FALSE
CDR4495,P354,P115,2026-01-23 20:21:00,846,SMS,TOWER-015,FALSE
CDR4496,P037,P327,2026-08-17 12:11:00,115,SMS,TOWER-082,FALSE
CDR4497,P059,P060,2026-01-18 23:53:00,299,SMS,TOWER-044,FALSE
CDR4498,P082,P462,2026-07-22 07:38:00,306,SMS,TOWER-046,FALSE
CDR4499,P406,P251,2026-08-15 15:22:00,860,SMS,TOWER-056,FALSE
CDR4500,P035,P094,2026-03-10 04:58:00,444,Voice,TOWER-027,FALSE
CDR4501,P275,P168,2026-05-16 19:25:00,683,SMS,TOWER-090,FALSE
CDR4502,P086,P484,2026-05-31 22:56:00,65,SMS,TOWER-098,FALSE
CDR4503,P379,P132,2026-01-03 19:58:00,832,Voice,TOWER-004,FALSE
CDR4504,P490,P349,2026-07-03 01:01:00,744,Voice,TOWER-038,FALSE
CDR4505,P367,P477,2026-03-15 03:41:00,100,SMS,TOWER-043,FALSE
CDR4506,P356,P204,2026-06-21 16:27:00,794,Voice,TOWER-012,FALSE
CDR4507,P146,P275,2026-08-16 19:51:00,477,Voice,TOWER-029,FALSE
CDR4508,P147,P146,2026-05-23 08:20:00,57,Voice,TOWER-009,FALSE
CDR4509,P439,P292,2026-06-03 00:03:00,599,SMS,TOWER-083,FALSE
CDR4510,P134,P056,2026-01-09 21:35:00,44,SMS,TOWER-048,FALSE
CDR4511,P390,P062,2026-07-20 22:17:00,90,Voice,TOWER-014,FALSE
CDR4512,P203,P422,2026-05-15 12:04:00,187,Voice,TOWER-021,FALSE
CDR4513,P454,P453,2026-05-28 18:47:00,43,Voice,TOWER-088,FALSE
CDR4514,P104,P487,2026-03-28 10:07:00,594,SMS,TOWER-032,FALSE
CDR4515,P045,P285,2026-07-01 23:05:00,199,Voice,TOWER-086,FALSE
CDR4516,P434,P255,2026-03-27 23:58:00,661,SMS,TOWER-067,FALSE
CDR4517,P103,P066,2026-03-03 17:38:00,74,Voice,TOWER-068,FALSE
CDR4518,P266,P019,2026-04-19 04:34:00,470,Voice,TOWER-097,FALSE
CDR4519,P241,P246,2026-05-31 01:58:00,452,SMS,TOWER-032,FALSE
CDR4520,P056,P058,2026-04-10 09:14:00,833,Voice,TOWER-095,FALSE
CDR4521,P118,P020,2026-01-03 21:02:00,316,Voice,TOWER-024,FALSE
CDR4522,P427,P199,2026-04-18 00:32:00,794,SMS,TOWER-056,FALSE
CDR4523,P095,P043,2026-04-17 08:25:00,162,SMS,TOWER-040,FALSE
CDR4524,P391,P356,2026-04-11 01:21:00,273,SMS,TOWER-083,FALSE
CDR4525,P413,P035,2026-07-23 10:54:00,710,Voice,TOWER-098,FALSE
CDR4526,P124,P224,2026-06-30 04:32:00,454,SMS,TOWER-031,FALSE
CDR4527,P316,P190,2026-06-11 01:15:00,676,SMS,TOWER-067,FALSE
CDR4528,P225,P379,2026-02-03 19:59:00,572,SMS,TOWER-057,FALSE
CDR4529,P074,P227,2026-04-21 01:59:00,590,Voice,TOWER-040,FALSE
CDR4530,P306,P394,2026-05-22 07:53:00,689,Voice,TOWER-040,FALSE
CDR4531,P022,P340,2026-04-04 15:49:00,634,Voice,TOWER-073,FALSE
CDR4532,P479,P258,2026-08-13 11:58:00,265,Voice,TOWER-042,FALSE
CDR4533,P393,P499,2026-05-01 06:02:00,423,SMS,TOWER-084,FALSE
CDR4534,P097,P394,2026-02-22 11:48:00,295,Voice,TOWER-020,FALSE
CDR4535,P108,P372,2026-08-17 03:21:00,822,Voice,TOWER-072,FALSE
CDR4536,P163,P023,2026-07-25 20:04:00,284,SMS,TOWER-050,FALSE
CDR4537,P292,P008,2026-06-02 07:09:00,837,Voice,TOWER-016,FALSE
CDR4538,P486,P079,2026-07-15 19:08:00,152,Voice,TOWER-032,FALSE
CDR4539,P175,P441,2026-02-19 15:54:00,583,SMS,TOWER-018,FALSE
CDR4540,P487,P129,2026-03-09 15:00:00,241,SMS,TOWER-027,FALSE
CDR4541,P472,P090,2026-03-25 21:17:00,581,SMS,TOWER-007,FALSE
CDR4542,P180,P237,2026-05-21 19:57:00,75,Voice,TOWER-066,FALSE
CDR4543,P103,P462,2026-05-31 14:44:00,318,SMS,TOWER-064,FALSE
CDR4544,P330,P029,2026-07-02 13:40:00,281,SMS,TOWER-042,FALSE
CDR4545,P201,P195,2026-08-01 16:07:00,829,SMS,TOWER-087,FALSE
CDR4546,P079,P485,2026-06-13 14:31:00,677,SMS,TOWER-059,FALSE
CDR4547,P150,P259,2026-07-02 22:10:00,703,Voice,TOWER-007,FALSE
CDR4548,P033,P116,2026-05-09 08:43:00,880,Voice,TOWER-051,FALSE
CDR4549,P095,P322,2026-06-24 09:22:00,277,SMS,TOWER-078,FALSE
CDR4550,P100,P172,2026-04-07 02:35:00,434,Voice,TOWER-022,FALSE
CDR4551,P337,P370,2026-06-19 23:45:00,430,Voice,TOWER-033,FALSE
CDR4552,P225,P013,2026-06-08 03:47:00,267,SMS,TOWER-023,FALSE
CDR4553,P447,P226,2026-01-16 09:43:00,164,Voice,TOWER-088,FALSE
CDR4554,P036,P432,2026-07-05 17:20:00,266,SMS,TOWER-092,FALSE
CDR4555,P126,P309,2026-02-06 07:38:00,150,Voice,TOWER-032,FALSE
CDR4556,P271,P148,2026-04-29 14:51:00,598,Voice,TOWER-074,FALSE
CDR4557,P286,P083,2026-07-12 02:56:00,683,Voice,TOWER-044,FALSE
CDR4558,P074,P281,2026-05-29 20:34:00,113,Voice,TOWER-029,FALSE
CDR4559,P494,P163,2026-04-26 06:28:00,570,SMS,TOWER-007,FALSE
CDR4560,P030,P058,2026-07-17 20:30:00,279,Voice,TOWER-024,FALSE
CDR4561,P351,P034,2026-03-09 15:35:00,522,SMS,TOWER-055,FALSE
CDR4562,P210,P266,2026-05-30 13:14:00,219,Voice,TOWER-063,FALSE
CDR4563,P274,P009,2026-08-04 04:37:00,58,SMS,TOWER-017,FALSE
CDR4564,P317,P369,2026-03-17 10:36:00,108,Voice,TOWER-052,FALSE
CDR4565,P087,P371,2026-01-15 18:23:00,771,Voice,TOWER-095,FALSE
CDR4566,P478,P165,2026-06-28 18:59:00,382,Voice,TOWER-017,FALSE
CDR4567,P190,P020,2026-08-08 14:18:00,283,SMS,TOWER-059,FALSE
CDR4568,P074,P462,2026-04-18 13:52:00,795,SMS,TOWER-047,FALSE
CDR4569,P054,P351,2026-08-14 01:20:00,351,Voice,TOWER-061,FALSE
CDR4570,P120,P004,2026-01-07 21:32:00,369,SMS,TOWER-013,FALSE
CDR4571,P196,P002,2026-02-11 03:58:00,230,SMS,TOWER-065,FALSE
CDR4572,P289,P030,2026-03-12 12:55:00,898,Voice,TOWER-081,FALSE
CDR4573,P417,P199,2026-06-26 05:04:00,769,SMS,TOWER-016,FALSE
CDR4574,P394,P291,2026-03-22 09:36:00,88,Voice,TOWER-077,FALSE
CDR4575,P062,P439,2026-02-25 18:10:00,153,Voice,TOWER-052,FALSE
CDR4576,P115,P391,2026-07-20 03:52:00,304,SMS,TOWER-026,FALSE
CDR4577,P322,P019,2026-06-17 10:40:00,467,Voice,TOWER-020,FALSE
CDR4578,P289,P280,2026-01-16 22:05:00,94,Voice,TOWER-057,FALSE
CDR4579,P038,P011,2026-04-13 16:11:00,99,Voice,TOWER-053,FALSE
CDR4580,P333,P422,2026-06-04 17:34:00,417,Voice,TOWER-023,FALSE
CDR4581,P467,P244,2026-03-22 16:55:00,98,SMS,TOWER-046,FALSE
CDR4582,P480,P293,2026-05-04 16:48:00,438,Voice,TOWER-033,FALSE
CDR4583,P331,P198,2026-06-15 04:23:00,356,Voice,TOWER-054,FALSE
CDR4584,P145,P352,2026-06-16 08:28:00,65,Voice,TOWER-052,FALSE
CDR4585,P316,P199,2026-08-18 00:46:00,775,Voice,TOWER-019,FALSE
CDR4586,P231,P467,2026-06-15 13:10:00,125,Voice,TOWER-001,FALSE
CDR4587,P384,P122,2026-05-10 16:55:00,875,SMS,TOWER-071,FALSE
CDR4588,P350,P252,2026-06-27 11:12:00,602,Voice,TOWER-041,FALSE
CDR4589,P314,P129,2026-06-18 08:09:00,801,Voice,TOWER-023,FALSE
CDR4590,P177,P326,2026-01-31 07:16:00,103,SMS,TOWER-059,FALSE
CDR4591,P233,P246,2026-08-07 00:38:00,194,Voice,TOWER-047,FALSE
CDR4592,P471,P461,2026-03-10 07:28:00,245,Voice,TOWER-003,FALSE
CDR4593,P079,P233,2026-05-15 22:08:00,298,SMS,TOWER-011,FALSE
CDR4594,P275,P451,2026-06-02 09:48:00,847,Voice,TOWER-057,FALSE
CDR4595,P185,P115,2026-07-31 18:48:00,158,Voice,TOWER-091,FALSE
CDR4596,P074,P147,2026-07-12 05:50:00,161,SMS,TOWER-023,FALSE
CDR4597,P327,P375,2026-05-25 03:49:00,432,SMS,TOWER-081,FALSE
CDR4598,P090,P494,2026-05-01 11:36:00,597,Voice,TOWER-019,FALSE
CDR4599,P496,P199,2026-01-13 13:39:00,886,Voice,TOWER-042,FALSE
CDR4600,P132,P452,2026-04-21 23:13:00,43,SMS,TOWER-013,FALSE
CDR4601,P083,P189,2026-01-19 04:03:00,204,SMS,TOWER-051,FALSE
CDR4602,P379,P011,2026-05-13 21:38:00,239,SMS,TOWER-026,FALSE
CDR4603,P222,P413,2026-03-28 16:41:00,503,SMS,TOWER-090,FALSE
CDR4604,P154,P074,2026-04-21 04:38:00,727,Voice,TOWER-001,FALSE
CDR4605,P022,P236,2026-07-30 07:29:00,298,Voice,TOWER-052,FALSE
CDR4606,P211,P364,2026-04-06 22:54:00,469,Voice,TOWER-082,FALSE
CDR4607,P451,P278,2026-02-23 10:04:00,483,Voice,TOWER-096,FALSE
CDR4608,P437,P117,2026-04-09 03:24:00,123,Voice,TOWER-044,FALSE
CDR4609,P206,P065,2026-08-15 14:36:00,706,Voice,TOWER-028,FALSE
CDR4610,P431,P321,2026-08-17 11:55:00,772,SMS,TOWER-012,FALSE
CDR4611,P181,P107,2026-06-13 12:07:00,877,SMS,TOWER-049,FALSE
CDR4612,P483,P208,2026-07-12 16:05:00,397,SMS,TOWER-048,FALSE
CDR4613,P216,P453,2026-01-14 09:39:00,106,SMS,TOWER-095,FALSE
CDR4614,P214,P236,2026-03-28 04:47:00,802,Voice,TOWER-004,FALSE
CDR4615,P376,P232,2026-01-26 04:35:00,712,SMS,TOWER-093,FALSE
CDR4616,P228,P488,2026-05-13 04:40:00,613,Voice,TOWER-100,FALSE
CDR4617,P199,P238,2026-05-18 18:43:00,571,Voice,TOWER-032,FALSE
CDR4618,P187,P173,2026-01-27 19:26:00,226,SMS,TOWER-037,FALSE
CDR4619,P167,P341,2026-07-01 21:17:00,626,SMS,TOWER-093,FALSE
CDR4620,P205,P069,2026-04-20 05:14:00,368,SMS,TOWER-046,FALSE
CDR4621,P371,P272,2026-02-24 08:05:00,352,Voice,TOWER-048,FALSE
CDR4622,P106,P126,2026-06-20 01:26:00,519,SMS,TOWER-048,FALSE
CDR4623,P112,P365,2026-01-03 10:36:00,411,Voice,TOWER-002,FALSE
CDR4624,P098,P292,2026-06-20 17:57:00,673,SMS,TOWER-055,FALSE
CDR4625,P100,P486,2026-02-23 14:17:00,748,Voice,TOWER-058,FALSE
CDR4626,P448,P374,2026-02-10 06:57:00,848,Voice,TOWER-053,FALSE
CDR4627,P338,P402,2026-01-10 11:47:00,860,SMS,TOWER-095,FALSE
CDR4628,P317,P187,2026-01-24 14:42:00,456,Voice,TOWER-095,FALSE
CDR4629,P461,P238,2026-02-12 19:04:00,630,Voice,TOWER-056,FALSE
CDR4630,P281,P442,2026-01-02 04:12:00,79,SMS,TOWER-074,FALSE
CDR4631,P392,P406,2026-01-02 06:28:00,78,SMS,TOWER-007,FALSE
CDR4632,P210,P192,2026-01-18 20:04:00,149,SMS,TOWER-089,FALSE
CDR4633,P330,P158,2026-05-28 21:34:00,550,Voice,TOWER-045,FALSE
CDR4634,P110,P202,2026-07-10 17:45:00,853,SMS,TOWER-064,FALSE
CDR4635,P073,P241,2026-01-19 02:44:00,697,SMS,TOWER-018,FALSE
CDR4636,P056,P278,2026-05-21 10:16:00,112,Voice,TOWER-073,FALSE
CDR4637,P334,P232,2026-05-03 06:42:00,681,SMS,TOWER-040,FALSE
CDR4638,P154,P464,2026-06-08 00:28:00,512,SMS,TOWER-026,FALSE
CDR4639,P427,P490,2026-04-26 18:09:00,380,SMS,TOWER-090,FALSE
CDR4640,P397,P446,2026-07-24 22:57:00,617,Voice,TOWER-020,FALSE
CDR4641,P320,P212,2026-01-14 10:36:00,845,Voice,TOWER-027,FALSE
CDR4642,P027,P103,2026-05-15 03:05:00,886,SMS,TOWER-037,FALSE
CDR4643,P112,P173,2026-07-13 04:51:00,634,Voice,TOWER-046,FALSE
CDR4644,P283,P456,2026-01-17 08:12:00,375,Voice,TOWER-055,FALSE
CDR4645,P081,P338,2026-06-20 00:29:00,839,SMS,TOWER-082,FALSE
CDR4646,P197,P480,2026-06-22 04:07:00,564,Voice,TOWER-071,FALSE
CDR4647,P265,P222,2026-02-17 14:13:00,511,SMS,TOWER-034,FALSE
CDR4648,P093,P483,2026-07-05 12:52:00,298,SMS,TOWER-058,FALSE
CDR4649,P227,P013,2026-08-10 01:54:00,894,SMS,TOWER-084,FALSE
CDR4650,P356,P106,2026-07-20 06:33:00,559,Voice,TOWER-048,FALSE
CDR4651,P198,P291,2026-05-21 18:24:00,614,SMS,TOWER-097,FALSE
CDR4652,P342,P089,2026-02-15 05:14:00,158,Voice,TOWER-011,FALSE
CDR4653,P140,P382,2026-08-11 16:32:00,723,SMS,TOWER-033,FALSE
CDR4654,P349,P289,2026-06-05 00:34:00,136,Voice,TOWER-049,FALSE
CDR4655,P394,P080,2026-06-28 17:34:00,101,SMS,TOWER-075,FALSE
CDR4656,P329,P206,2026-07-29 10:08:00,388,Voice,TOWER-087,FALSE
CDR4657,P295,P401,2026-01-14 16:18:00,88,Voice,TOWER-098,FALSE
CDR4658,P411,P102,2026-07-22 02:39:00,231,Voice,TOWER-042,FALSE
CDR4659,P078,P211,2026-05-24 04:50:00,537,SMS,TOWER-048,FALSE
CDR4660,P163,P240,2026-03-26 12:29:00,873,SMS,TOWER-023,FALSE
CDR4661,P126,P445,2026-06-04 04:49:00,64,Voice,TOWER-077,FALSE
CDR4662,P379,P067,2026-04-11 18:24:00,512,SMS,TOWER-062,FALSE
CDR4663,P391,P477,2026-07-03 13:35:00,200,Voice,TOWER-052,FALSE
CDR4664,P250,P162,2026-08-04 03:16:00,613,Voice,TOWER-038,FALSE
CDR4665,P313,P478,2026-05-15 03:02:00,246,Voice,TOWER-017,FALSE
CDR4666,P391,P314,2026-02-20 01:00:00,94,SMS,TOWER-083,FALSE
CDR4667,P272,P377,2026-06-17 12:19:00,353,Voice,TOWER-032,FALSE
CDR4668,P322,P449,2026-07-26 16:16:00,712,SMS,TOWER-048,FALSE
CDR4669,P019,P347,2026-01-21 04:47:00,503,SMS,TOWER-093,FALSE
CDR4670,P050,P403,2026-06-25 16:17:00,586,Voice,TOWER-059,FALSE
CDR4671,P034,P044,2026-04-20 11:10:00,138,SMS,TOWER-028,FALSE
CDR4672,P011,P005,2026-04-20 21:15:00,221,SMS,TOWER-032,FALSE
CDR4673,P472,P442,2026-07-03 02:26:00,88,Voice,TOWER-089,FALSE
CDR4674,P446,P028,2026-05-01 07:18:00,42,Voice,TOWER-059,FALSE
CDR4675,P170,P437,2026-02-27 11:56:00,288,Voice,TOWER-094,FALSE
CDR4676,P047,P161,2026-03-10 11:36:00,728,SMS,TOWER-058,FALSE
CDR4677,P477,P462,2026-05-09 06:46:00,200,SMS,TOWER-026,FALSE
CDR4678,P183,P104,2026-03-14 14:58:00,426,SMS,TOWER-059,FALSE
CDR4679,P381,P078,2026-01-02 17:37:00,559,SMS,TOWER-042,FALSE
CDR4680,P491,P110,2026-01-07 00:48:00,787,SMS,TOWER-030,FALSE
CDR4681,P158,P431,2026-07-30 21:12:00,289,SMS,TOWER-014,FALSE
CDR4682,P034,P186,2026-01-23 00:09:00,79,Voice,TOWER-039,FALSE
CDR4683,P320,P466,2026-02-23 02:57:00,808,SMS,TOWER-034,FALSE
CDR4684,P162,P299,2026-08-15 13:09:00,295,Voice,TOWER-015,FALSE
CDR4685,P464,P425,2026-01-01 12:12:00,547,Voice,TOWER-065,FALSE
CDR4686,P229,P244,2026-07-18 16:22:00,639,SMS,TOWER-079,FALSE
CDR4687,P174,P361,2026-08-15 15:03:00,229,Voice,TOWER-098,FALSE
CDR4688,P090,P149,2026-08-17 12:32:00,388,SMS,TOWER-042,FALSE
CDR4689,P156,P052,2026-03-18 12:12:00,825,Voice,TOWER-013,FALSE
CDR4690,P411,P288,2026-02-02 11:01:00,521,Voice,TOWER-025,FALSE
CDR4691,P082,P462,2026-04-20 01:39:00,415,Voice,TOWER-083,FALSE
CDR4692,P451,P078,2026-02-03 16:21:00,867,SMS,TOWER-037,FALSE
CDR4693,P084,P213,2026-02-28 18:05:00,319,SMS,TOWER-042,FALSE
CDR4694,P061,P273,2026-04-14 08:09:00,176,Voice,TOWER-023,FALSE
CDR4695,P467,P317,2026-02-14 22:38:00,359,SMS,TOWER-050,FALSE
CDR4696,P210,P082,2026-08-15 19:42:00,183,Voice,TOWER-085,FALSE
CDR4697,P288,P283,2026-04-02 00:10:00,14,SMS,TOWER-011,FALSE
CDR4698,P322,P241,2026-06-11 22:55:00,312,Voice,TOWER-036,FALSE
CDR4699,P359,P144,2026-05-21 03:29:00,73,SMS,TOWER-034,FALSE
CDR4700,P354,P435,2026-06-21 22:53:00,748,Voice,TOWER-054,FALSE
CDR4701,P463,P128,2026-01-19 11:13:00,265,Voice,TOWER-007,FALSE
CDR4702,P500,P059,2026-06-10 17:51:00,802,SMS,TOWER-014,FALSE
CDR4703,P340,P485,2026-05-23 10:12:00,146,Voice,TOWER-034,FALSE
CDR4704,P076,P466,2026-02-01 02:18:00,10,Voice,TOWER-022,FALSE
CDR4705,P228,P050,2026-04-16 23:21:00,509,SMS,TOWER-052,FALSE
CDR4706,P387,P021,2026-01-25 12:43:00,52,SMS,TOWER-056,FALSE
CDR4707,P070,P451,2026-04-03 03:33:00,97,SMS,TOWER-035,FALSE
CDR4708,P196,P243,2026-02-14 08:42:00,700,Voice,TOWER-056,FALSE
CDR4709,P195,P245,2026-05-23 17:55:00,832,Voice,TOWER-018,FALSE
CDR4710,P088,P393,2026-07-08 13:22:00,621,Voice,TOWER-043,FALSE
CDR4711,P011,P301,2026-06-06 22:57:00,337,Voice,TOWER-057,FALSE
CDR4712,P353,P419,2026-08-12 01:11:00,392,SMS,TOWER-071,FALSE
CDR4713,P186,P477,2026-03-04 01:17:00,730,SMS,TOWER-023,FALSE
CDR4714,P226,P300,2026-04-21 16:32:00,184,Voice,TOWER-075,FALSE
CDR4715,P293,P094,2026-02-12 06:52:00,115,SMS,TOWER-021,FALSE
CDR4716,P230,P458,2026-07-27 16:29:00,632,SMS,TOWER-065,FALSE
CDR4717,P011,P497,2026-02-11 02:33:00,301,Voice,TOWER-097,FALSE
CDR4718,P252,P485,2026-01-31 14:47:00,535,SMS,TOWER-089,FALSE
CDR4719,P344,P291,2026-05-25 11:02:00,605,Voice,TOWER-075,FALSE
CDR4720,P177,P454,2026-02-14 01:17:00,182,SMS,TOWER-042,FALSE
CDR4721,P174,P044,2026-02-26 00:14:00,133,Voice,TOWER-091,FALSE
CDR4722,P454,P190,2026-01-12 02:45:00,319,Voice,TOWER-020,FALSE
CDR4723,P036,P091,2026-01-19 19:14:00,528,SMS,TOWER-090,FALSE
CDR4724,P070,P320,2026-04-22 20:33:00,525,SMS,TOWER-052,FALSE
CDR4725,P154,P347,2026-05-13 12:34:00,566,Voice,TOWER-089,FALSE
CDR4726,P202,P470,2026-07-17 12:06:00,201,Voice,TOWER-032,FALSE
CDR4727,P077,P057,2026-05-21 09:17:00,694,SMS,TOWER-078,FALSE
CDR4728,P479,P405,2026-02-07 01:22:00,329,SMS,TOWER-089,FALSE
CDR4729,P492,P343,2026-07-29 23:24:00,330,Voice,TOWER-020,FALSE
CDR4730,P101,P493,2026-02-11 09:20:00,36,Voice,TOWER-013,FALSE
CDR4731,P325,P165,2026-03-11 10:15:00,332,Voice,TOWER-028,FALSE
CDR4732,P150,P365,2026-02-07 06:16:00,858,Voice,TOWER-031,FALSE
CDR4733,P406,P486,2026-04-16 12:29:00,266,Voice,TOWER-094,FALSE
CDR4734,P403,P043,2026-02-15 15:37:00,753,SMS,TOWER-051,FALSE
CDR4735,P182,P309,2026-03-05 09:47:00,498,Voice,TOWER-081,FALSE
CDR4736,P410,P254,2026-03-30 08:42:00,171,Voice,TOWER-018,FALSE
CDR4737,P009,P319,2026-04-25 00:12:00,865,SMS,TOWER-021,FALSE
CDR4738,P457,P303,2026-03-30 00:22:00,461,Voice,TOWER-058,FALSE
CDR4739,P214,P087,2026-06-22 14:38:00,328,Voice,TOWER-080,FALSE
CDR4740,P187,P436,2026-03-14 01:18:00,659,SMS,TOWER-082,FALSE
CDR4741,P130,P099,2026-06-05 07:44:00,491,SMS,TOWER-007,FALSE
CDR4742,P263,P144,2026-07-16 06:33:00,895,SMS,TOWER-063,FALSE
CDR4743,P267,P463,2026-02-18 19:43:00,469,SMS,TOWER-023,FALSE
CDR4744,P469,P013,2026-04-17 08:31:00,63,Voice,TOWER-031,FALSE
CDR4745,P251,P164,2026-03-21 14:42:00,820,SMS,TOWER-010,FALSE
CDR4746,P464,P086,2026-01-07 19:08:00,843,SMS,TOWER-019,FALSE
CDR4747,P027,P333,2026-04-14 06:38:00,833,Voice,TOWER-045,FALSE
CDR4748,P123,P359,2026-04-11 16:10:00,364,SMS,TOWER-009,FALSE
CDR4749,P157,P135,2026-06-09 01:24:00,692,Voice,TOWER-076,FALSE
CDR4750,P230,P222,2026-03-06 18:21:00,874,SMS,TOWER-097,FALSE
CDR4751,P173,P021,2026-03-27 04:08:00,336,Voice,TOWER-029,FALSE
CDR4752,P140,P384,2026-07-22 06:28:00,834,Voice,TOWER-066,FALSE
CDR4753,P389,P337,2026-07-29 22:02:00,400,Voice,TOWER-086,FALSE
CDR4754,P235,P338,2026-08-17 02:57:00,864,SMS,TOWER-071,FALSE
CDR4755,P042,P171,2026-06-05 06:37:00,499,Voice,TOWER-036,FALSE
CDR4756,P283,P017,2026-03-07 18:30:00,247,SMS,TOWER-059,FALSE
CDR4757,P067,P447,2026-03-26 02:22:00,638,SMS,TOWER-075,FALSE
CDR4758,P475,P320,2026-03-27 15:46:00,92,SMS,TOWER-088,FALSE
CDR4759,P006,P377,2026-07-30 15:51:00,700,Voice,TOWER-084,FALSE
CDR4760,P294,P010,2026-03-11 14:27:00,329,SMS,TOWER-093,FALSE
CDR4761,P155,P195,2026-01-21 18:19:00,844,SMS,TOWER-084,FALSE
CDR4762,P103,P464,2026-01-02 04:48:00,393,Voice,TOWER-093,FALSE
CDR4763,P241,P195,2026-07-23 09:01:00,802,SMS,TOWER-073,FALSE
CDR4764,P199,P019,2026-04-13 20:58:00,634,SMS,TOWER-026,FALSE
CDR4765,P356,P345,2026-05-07 03:47:00,526,SMS,TOWER-091,FALSE
CDR4766,P139,P357,2026-05-31 22:51:00,82,Voice,TOWER-070,FALSE
CDR4767,P193,P172,2026-01-05 04:21:00,602,SMS,TOWER-010,FALSE
CDR4768,P188,P412,2026-08-11 10:00:00,273,SMS,TOWER-095,FALSE
CDR4769,P263,P438,2026-05-11 16:57:00,185,Voice,TOWER-048,FALSE
CDR4770,P402,P218,2026-08-01 03:42:00,113,Voice,TOWER-025,FALSE
CDR4771,P209,P363,2026-01-13 14:04:00,637,Voice,TOWER-045,FALSE
CDR4772,P176,P068,2026-04-18 02:16:00,433,Voice,TOWER-085,FALSE
CDR4773,P483,P178,2026-05-10 00:40:00,775,Voice,TOWER-004,FALSE
CDR4774,P369,P134,2026-08-06 05:36:00,326,SMS,TOWER-014,FALSE
CDR4775,P283,P099,2026-03-25 21:12:00,836,SMS,TOWER-030,FALSE
CDR4776,P251,P145,2026-05-27 07:52:00,761,Voice,TOWER-043,FALSE
CDR4777,P137,P043,2026-01-12 01:58:00,513,Voice,TOWER-064,FALSE
CDR4778,P468,P231,2026-02-21 19:58:00,277,Voice,TOWER-054,FALSE
CDR4779,P471,P344,2026-06-27 06:17:00,815,SMS,TOWER-006,FALSE
CDR4780,P044,P413,2026-03-14 08:27:00,855,Voice,TOWER-028,FALSE
CDR4781,P342,P468,2026-07-18 10:13:00,538,Voice,TOWER-057,FALSE
CDR4782,P164,P442,2026-01-23 23:37:00,548,Voice,TOWER-046,FALSE
CDR4783,P261,P459,2026-04-22 20:25:00,769,SMS,TOWER-018,FALSE
CDR4784,P059,P012,2026-02-13 16:37:00,175,SMS,TOWER-096,FALSE
CDR4785,P416,P066,2026-04-26 11:30:00,443,Voice,TOWER-097,FALSE
CDR4786,P413,P391,2026-07-01 07:58:00,232,Voice,TOWER-012,FALSE
CDR4787,P055,P125,2026-04-22 08:14:00,220,Voice,TOWER-014,FALSE
CDR4788,P039,P091,2026-01-06 21:06:00,525,SMS,TOWER-021,FALSE
CDR4789,P192,P034,2026-03-29 15:35:00,452,SMS,TOWER-075,FALSE
CDR4790,P079,P293,2026-04-05 10:48:00,36,Voice,TOWER-031,FALSE
CDR4791,P411,P122,2026-07-13 21:28:00,830,Voice,TOWER-032,FALSE
CDR4792,P399,P045,2026-06-02 00:00:00,391,Voice,TOWER-087,FALSE
CDR4793,P443,P039,2026-01-14 15:06:00,142,Voice,TOWER-065,FALSE
CDR4794,P005,P371,2026-02-25 17:30:00,733,SMS,TOWER-004,FALSE
CDR4795,P007,P378,2026-07-18 01:18:00,56,Voice,TOWER-067,FALSE
CDR4796,P414,P175,2026-04-06 07:33:00,74,SMS,TOWER-082,FALSE
CDR4797,P446,P466,2026-07-20 07:18:00,466,Voice,TOWER-024,FALSE
CDR4798,P317,P037,2026-01-24 09:15:00,631,SMS,TOWER-002,FALSE
CDR4799,P080,P299,2026-03-18 07:43:00,31,SMS,TOWER-025,FALSE
CDR4800,P321,P495,2026-04-24 08:56:00,271,Voice,TOWER-093,FALSE
CDR4801,P447,P497,2026-03-16 14:42:00,142,Voice,TOWER-006,FALSE
CDR4802,P236,P324,2026-05-30 18:30:00,56,Voice,TOWER-038,FALSE
CDR4803,P448,P170,2026-05-24 20:25:00,22,SMS,TOWER-015,TRUE
CDR4804,P403,P341,2026-03-14 13:18:00,354,SMS,TOWER-043,FALSE
CDR4805,P055,P314,2026-06-15 17:43:00,146,Voice,TOWER-093,FALSE
CDR4806,P063,P029,2026-06-21 23:31:00,160,Voice,TOWER-087,FALSE
CDR4807,P361,P072,2026-03-26 11:26:00,375,SMS,TOWER-097,FALSE
CDR4808,P103,P471,2026-06-19 00:42:00,97,SMS,TOWER-049,FALSE
CDR4809,P382,P475,2026-01-28 22:41:00,829,SMS,TOWER-092,FALSE
CDR4810,P042,P096,2026-07-21 14:31:00,852,SMS,TOWER-063,FALSE
CDR4811,P047,P368,2026-06-04 04:46:00,458,SMS,TOWER-009,FALSE
CDR4812,P488,P047,2026-03-21 06:37:00,485,Voice,TOWER-017,FALSE
CDR4813,P002,P222,2026-03-19 13:56:00,96,Voice,TOWER-079,FALSE
CDR4814,P406,P352,2026-06-16 04:42:00,829,Voice,TOWER-006,FALSE
CDR4815,P120,P108,2026-04-12 02:53:00,240,Voice,TOWER-036,FALSE
CDR4816,P026,P368,2026-05-12 12:36:00,268,SMS,TOWER-044,FALSE
CDR4817,P041,P199,2026-07-02 12:21:00,532,Voice,TOWER-083,FALSE
CDR4818,P165,P321,2026-06-16 02:43:00,238,SMS,TOWER-015,FALSE
CDR4819,P272,P099,2026-07-16 01:55:00,712,Voice,TOWER-064,FALSE
CDR4820,P244,P419,2026-07-30 17:05:00,807,SMS,TOWER-094,FALSE
CDR4821,P102,P363,2026-01-15 13:57:00,658,Voice,TOWER-045,FALSE
CDR4822,P254,P310,2026-06-26 09:16:00,532,SMS,TOWER-080,FALSE
CDR4823,P362,P096,2026-03-12 03:53:00,118,SMS,TOWER-031,FALSE
CDR4824,P241,P148,2026-05-23 11:12:00,43,SMS,TOWER-036,FALSE
CDR4825,P375,P347,2026-04-22 06:57:00,795,Voice,TOWER-075,FALSE
CDR4826,P304,P443,2026-03-08 12:27:00,700,SMS,TOWER-033,FALSE
CDR4827,P441,P032,2026-01-12 07:43:00,243,SMS,TOWER-054,FALSE
CDR4828,P227,P095,2026-06-16 01:20:00,65,SMS,TOWER-082,FALSE
CDR4829,P260,P004,2026-01-28 04:46:00,211,SMS,TOWER-072,FALSE
CDR4830,P041,P091,2026-04-12 14:51:00,713,SMS,TOWER-046,FALSE
CDR4831,P499,P102,2026-05-07 18:59:00,783,Voice,TOWER-087,FALSE
CDR4832,P135,P074,2026-04-27 08:47:00,787,Voice,TOWER-058,FALSE
CDR4833,P450,P278,2026-07-07 22:10:00,703,SMS,TOWER-059,FALSE
CDR4834,P295,P499,2026-06-20 09:18:00,525,Voice,TOWER-083,FALSE
CDR4835,P097,P359,2026-02-19 07:21:00,828,Voice,TOWER-098,FALSE
CDR4836,P064,P360,2026-01-12 09:21:00,476,Voice,TOWER-087,FALSE
CDR4837,P390,P039,2026-01-04 07:56:00,32,SMS,TOWER-064,FALSE
CDR4838,P097,P096,2026-01-25 18:38:00,811,Voice,TOWER-038,FALSE
CDR4839,P435,P165,2026-05-27 13:22:00,464,SMS,TOWER-086,FALSE
CDR4840,P388,P117,2026-06-29 01:15:00,25,SMS,TOWER-013,FALSE
CDR4841,P084,P203,2026-01-09 08:51:00,328,SMS,TOWER-053,FALSE
CDR4842,P326,P429,2026-06-26 00:40:00,438,SMS,TOWER-035,FALSE
CDR4843,P304,P152,2026-02-24 05:24:00,139,SMS,TOWER-039,FALSE
CDR4844,P308,P212,2026-07-01 03:47:00,274,SMS,TOWER-061,FALSE
CDR4845,P260,P328,2026-01-30 21:57:00,26,Voice,TOWER-065,FALSE
CDR4846,P147,P112,2026-06-18 15:22:00,24,Voice,TOWER-032,FALSE
CDR4847,P219,P129,2026-02-27 04:09:00,805,Voice,TOWER-089,FALSE
CDR4848,P423,P177,2026-04-14 20:41:00,239,Voice,TOWER-060,FALSE
CDR4849,P377,P124,2026-03-30 22:29:00,870,SMS,TOWER-085,FALSE
CDR4850,P272,P004,2026-06-04 01:29:00,589,SMS,TOWER-085,FALSE
CDR4851,P336,P456,2026-04-04 08:10:00,840,Voice,TOWER-097,FALSE
CDR4852,P496,P350,2026-03-19 20:07:00,68,SMS,TOWER-030,FALSE
CDR4853,P129,P145,2026-07-06 22:23:00,832,SMS,TOWER-057,FALSE
CDR4854,P387,P083,2026-08-16 07:27:00,768,Voice,TOWER-034,FALSE
CDR4855,P034,P032,2026-05-28 01:42:00,174,SMS,TOWER-060,FALSE
CDR4856,P033,P253,2026-01-09 03:08:00,550,Voice,TOWER-014,FALSE
CDR4857,P177,P463,2026-03-11 18:39:00,533,SMS,TOWER-099,FALSE
CDR4858,P376,P031,2026-04-16 00:11:00,263,Voice,TOWER-034,FALSE
CDR4859,P318,P387,2026-05-11 01:54:00,845,SMS,TOWER-013,FALSE
CDR4860,P419,P221,2026-07-05 17:21:00,180,SMS,TOWER-048,FALSE
CDR4861,P041,P346,2026-08-05 12:22:00,846,SMS,TOWER-008,FALSE
CDR4862,P392,P461,2026-01-08 20:30:00,257,SMS,TOWER-035,FALSE
CDR4863,P367,P229,2026-03-14 00:29:00,168,SMS,TOWER-049,FALSE
CDR4864,P007,P382,2026-06-20 18:09:00,842,SMS,TOWER-027,FALSE
CDR4865,P346,P046,2026-05-19 07:59:00,103,Voice,TOWER-027,FALSE
CDR4866,P164,P302,2026-02-14 22:54:00,354,SMS,TOWER-014,FALSE
CDR4867,P395,P470,2026-01-25 04:44:00,866,Voice,TOWER-082,FALSE
CDR4868,P469,P186,2026-02-20 01:34:00,21,SMS,TOWER-014,FALSE
CDR4869,P358,P349,2026-04-01 05:42:00,675,Voice,TOWER-007,FALSE
CDR4870,P311,P348,2026-01-13 00:46:00,141,Voice,TOWER-010,FALSE
CDR4871,P492,P034,2026-04-23 14:38:00,672,SMS,TOWER-057,FALSE
CDR4872,P292,P135,2026-03-30 23:06:00,384,Voice,TOWER-072,FALSE
CDR4873,P373,P430,2026-04-07 16:05:00,333,SMS,TOWER-016,FALSE
CDR4874,P164,P231,2026-02-15 00:51:00,121,SMS,TOWER-086,FALSE
CDR4875,P184,P381,2026-08-15 03:53:00,635,SMS,TOWER-035,FALSE
CDR4876,P416,P246,2026-02-21 13:55:00,728,Voice,TOWER-069,FALSE
CDR4877,P190,P256,2026-04-11 04:50:00,347,SMS,TOWER-027,FALSE
CDR4878,P154,P391,2026-06-09 16:26:00,334,Voice,TOWER-052,FALSE
CDR4879,P251,P161,2026-07-12 22:55:00,666,SMS,TOWER-008,FALSE
CDR4880,P280,P382,2026-07-14 08:55:00,881,SMS,TOWER-005,FALSE
CDR4881,P098,P117,2026-03-08 14:50:00,146,Voice,TOWER-045,FALSE
CDR4882,P301,P088,2026-07-22 03:03:00,245,SMS,TOWER-066,FALSE
CDR4883,P022,P354,2026-01-21 09:00:00,695,SMS,TOWER-083,FALSE
CDR4884,P181,P210,2026-03-04 09:40:00,40,SMS,TOWER-004,FALSE
CDR4885,P239,P451,2026-06-30 12:41:00,519,Voice,TOWER-075,FALSE
CDR4886,P237,P167,2026-06-14 05:27:00,379,SMS,TOWER-038,FALSE
CDR4887,P473,P408,2026-02-17 21:09:00,297,SMS,TOWER-064,FALSE
CDR4888,P434,P484,2026-06-27 21:56:00,302,SMS,TOWER-073,FALSE
CDR4889,P498,P207,2026-05-23 04:24:00,611,Voice,TOWER-005,FALSE
CDR4890,P238,P445,2026-04-22 10:54:00,836,Voice,TOWER-007,FALSE
CDR4891,P461,P238,2026-06-08 06:59:00,591,Voice,TOWER-050,FALSE
CDR4892,P232,P079,2026-04-19 08:55:00,138,SMS,TOWER-047,FALSE
CDR4893,P073,P378,2026-05-13 21:28:00,518,SMS,TOWER-076,FALSE
CDR4894,P385,P198,2026-03-24 23:09:00,845,SMS,TOWER-084,FALSE
CDR4895,P215,P487,2026-04-16 16:16:00,398,Voice,TOWER-075,FALSE
CDR4896,P013,P448,2026-02-06 15:43:00,32,SMS,TOWER-004,FALSE
CDR4897,P072,P404,2026-06-20 07:35:00,379,SMS,TOWER-046,FALSE
CDR4898,P163,P196,2026-03-14 03:09:00,54,Voice,TOWER-097,FALSE
CDR4899,P446,P324,2026-06-08 01:34:00,863,Voice,TOWER-019,FALSE
CDR4900,P077,P205,2026-04-03 01:37:00,460,Voice,TOWER-051,FALSE
CDR4901,P188,P008,2026-02-19 13:02:00,823,Voice,TOWER-091,FALSE
CDR4902,P223,P406,2026-06-23 15:25:00,137,SMS,TOWER-100,FALSE
CDR4903,P419,P339,2026-01-21 16:04:00,390,Voice,TOWER-084,FALSE
CDR4904,P464,P089,2026-03-26 03:43:00,719,SMS,TOWER-032,FALSE
CDR4905,P078,P304,2026-08-06 12:55:00,553,SMS,TOWER-035,FALSE
CDR4906,P485,P095,2026-02-26 06:31:00,596,SMS,TOWER-020,FALSE
CDR4907,P112,P049,2026-03-30 09:35:00,815,SMS,TOWER-076,FALSE
CDR4908,P009,P201,2026-04-07 08:04:00,753,SMS,TOWER-044,FALSE
CDR4909,P242,P077,2026-04-22 12:26:00,776,SMS,TOWER-092,FALSE
CDR4910,P139,P173,2026-08-15 21:25:00,477,Voice,TOWER-023,FALSE
CDR4911,P102,P012,2026-06-13 08:08:00,753,Voice,TOWER-064,FALSE
CDR4912,P255,P201,2026-04-15 19:40:00,893,Voice,TOWER-057,FALSE
CDR4913,P082,P156,2026-02-08 18:21:00,145,Voice,TOWER-088,FALSE
CDR4914,P425,P490,2026-04-12 21:27:00,175,Voice,TOWER-077,FALSE
CDR4915,P438,P282,2026-03-17 23:22:00,691,Voice,TOWER-061,FALSE
CDR4916,P143,P117,2026-05-22 01:42:00,428,SMS,TOWER-091,FALSE
CDR4917,P098,P250,2026-01-12 01:37:00,293,Voice,TOWER-036,FALSE
CDR4918,P311,P371,2026-05-22 18:58:00,385,Voice,TOWER-011,FALSE
CDR4919,P256,P222,2026-03-01 11:33:00,246,Voice,TOWER-016,FALSE
CDR4920,P223,P486,2026-01-06 19:00:00,149,Voice,TOWER-069,FALSE
CDR4921,P437,P082,2026-08-08 13:58:00,498,SMS,TOWER-087,FALSE
CDR4922,P250,P497,2026-05-04 05:56:00,183,Voice,TOWER-057,FALSE
CDR4923,P341,P031,2026-06-02 22:00:00,823,SMS,TOWER-024,FALSE
CDR4924,P181,P493,2026-03-17 02:29:00,335,SMS,TOWER-028,FALSE
CDR4925,P055,P035,2026-03-25 11:06:00,477,Voice,TOWER-094,FALSE
CDR4926,P488,P166,2026-02-18 11:51:00,542,Voice,TOWER-078,FALSE
CDR4927,P362,P245,2026-06-02 06:33:00,602,Voice,TOWER-011,FALSE
CDR4928,P312,P149,2026-05-06 12:08:00,22,Voice,TOWER-049,FALSE
CDR4929,P073,P121,2026-01-01 12:21:00,784,Voice,TOWER-009,FALSE
CDR4930,P266,P483,2026-04-04 17:43:00,653,SMS,TOWER-090,FALSE
CDR4931,P254,P412,2026-07-10 00:39:00,592,SMS,TOWER-044,FALSE
CDR4932,P111,P214,2026-03-20 20:28:00,79,SMS,TOWER-046,FALSE
CDR4933,P252,P007,2026-06-23 10:52:00,36,SMS,TOWER-024,FALSE
CDR4934,P490,P158,2026-01-02 13:35:00,582,Voice,TOWER-009,FALSE
CDR4935,P324,P082,2026-07-22 11:23:00,41,SMS,TOWER-007,FALSE
CDR4936,P174,P323,2026-06-23 10:03:00,871,Voice,TOWER-060,FALSE
CDR4937,P160,P351,2026-06-13 13:58:00,243,Voice,TOWER-017,FALSE
CDR4938,P317,P220,2026-08-11 22:21:00,207,SMS,TOWER-011,FALSE
CDR4939,P314,P063,2026-04-24 08:32:00,62,Voice,TOWER-088,FALSE
CDR4940,P307,P067,2026-06-15 05:57:00,392,Voice,TOWER-068,FALSE
CDR4941,P272,P145,2026-02-24 09:16:00,743,Voice,TOWER-001,FALSE
CDR4942,P175,P372,2026-08-10 04:22:00,164,Voice,TOWER-004,FALSE
CDR4943,P192,P414,2026-07-24 04:07:00,499,Voice,TOWER-021,FALSE
CDR4944,P353,P443,2026-02-14 03:23:00,875,SMS,TOWER-045,FALSE
CDR4945,P066,P190,2026-03-07 12:45:00,668,SMS,TOWER-073,FALSE
CDR4946,P290,P497,2026-05-31 13:27:00,144,Voice,TOWER-027,FALSE
CDR4947,P243,P033,2026-01-28 10:44:00,840,SMS,TOWER-045,FALSE
CDR4948,P010,P229,2026-02-11 20:46:00,466,Voice,TOWER-026,FALSE
CDR4949,P190,P214,2026-03-02 22:19:00,848,Voice,TOWER-056,FALSE
CDR4950,P127,P108,2026-01-02 02:26:00,299,Voice,TOWER-060,FALSE
CDR4951,P484,P168,2026-05-03 09:56:00,824,SMS,TOWER-016,FALSE
CDR4952,P353,P120,2026-03-22 11:26:00,58,SMS,TOWER-066,FALSE
CDR4953,P466,P447,2026-08-16 15:43:00,515,SMS,TOWER-067,FALSE
CDR4954,P463,P161,2026-06-26 10:26:00,709,SMS,TOWER-001,FALSE
CDR4955,P325,P469,2026-08-02 23:24:00,781,Voice,TOWER-039,FALSE
CDR4956,P462,P498,2026-05-03 01:31:00,643,SMS,TOWER-023,FALSE
CDR4957,P244,P403,2026-04-01 07:59:00,646,SMS,TOWER-087,FALSE
CDR4958,P144,P285,2026-05-24 05:06:00,192,SMS,TOWER-044,FALSE
CDR4959,P175,P296,2026-02-08 00:07:00,137,SMS,TOWER-099,FALSE
CDR4960,P407,P170,2026-02-18 21:49:00,822,Voice,TOWER-084,FALSE
CDR4961,P358,P100,2026-07-21 12:03:00,688,SMS,TOWER-006,FALSE
CDR4962,P462,P066,2026-04-05 09:21:00,159,Voice,TOWER-063,FALSE
CDR4963,P495,P165,2026-05-21 13:29:00,208,SMS,TOWER-078,FALSE
CDR4964,P401,P324,2026-03-15 06:01:00,303,Voice,TOWER-055,FALSE
CDR4965,P294,P498,2026-05-18 12:02:00,44,SMS,TOWER-072,FALSE
CDR4966,P467,P118,2026-07-23 19:07:00,721,SMS,TOWER-073,FALSE
CDR4967,P363,P304,2026-07-05 22:56:00,895,SMS,TOWER-069,FALSE
CDR4968,P313,P122,2026-04-25 13:35:00,645,Voice,TOWER-097,FALSE
CDR4969,P417,P420,2026-02-01 07:51:00,671,SMS,TOWER-059,FALSE
CDR4970,P128,P251,2026-02-25 01:31:00,306,Voice,TOWER-065,FALSE
CDR4971,P289,P241,2026-06-12 23:10:00,678,SMS,TOWER-069,FALSE
CDR4972,P456,P010,2026-08-11 12:18:00,231,SMS,TOWER-061,FALSE
CDR4973,P161,P262,2026-01-20 01:44:00,173,SMS,TOWER-074,FALSE
CDR4974,P451,P049,2026-03-19 11:08:00,122,SMS,TOWER-095,FALSE
CDR4975,P197,P385,2026-04-07 20:04:00,696,Voice,TOWER-034,FALSE
CDR4976,P076,P320,2026-03-31 20:59:00,459,Voice,TOWER-035,FALSE
CDR4977,P165,P042,2026-06-10 08:14:00,50,SMS,TOWER-081,TRUE
CDR4978,P271,P252,2026-08-03 12:20:00,362,Voice,TOWER-066,FALSE
CDR4979,P237,P309,2026-06-12 18:26:00,815,Voice,TOWER-056,FALSE
CDR4980,P462,P457,2026-08-03 15:01:00,61,Voice,TOWER-086,FALSE
CDR4981,P485,P491,2026-02-27 21:40:00,223,SMS,TOWER-100,FALSE
CDR4982,P373,P137,2026-06-30 16:52:00,382,SMS,TOWER-062,FALSE
CDR4983,P035,P231,2026-03-09 04:58:00,168,Voice,TOWER-001,FALSE
CDR4984,P200,P399,2026-01-10 18:44:00,359,SMS,TOWER-085,FALSE
CDR4985,P099,P406,2026-07-04 05:02:00,367,Voice,TOWER-048,FALSE
CDR4986,P395,P142,2026-03-27 05:50:00,322,Voice,TOWER-044,FALSE
CDR4987,P365,P074,2026-05-22 09:32:00,17,Voice,TOWER-043,FALSE
CDR4988,P187,P435,2026-06-28 19:20:00,227,SMS,TOWER-084,FALSE
CDR4989,P399,P031,2026-08-09 13:06:00,220,Voice,TOWER-026,FALSE
CDR4990,P243,P127,2026-04-08 19:39:00,261,SMS,TOWER-044,FALSE
CDR4991,P115,P325,2026-03-10 19:55:00,537,SMS,TOWER-056,FALSE
CDR4992,P002,P168,2026-07-15 04:33:00,705,SMS,TOWER-093,FALSE
CDR4993,P183,P423,2026-06-10 15:10:00,38,SMS,TOWER-006,FALSE
CDR4994,P318,P248,2026-06-05 04:06:00,520,SMS,TOWER-049,FALSE
CDR4995,P288,P075,2026-02-06 03:48:00,816,Voice,TOWER-032,FALSE
CDR4996,P402,P140,2026-06-12 01:41:00,62,SMS,TOWER-094,FALSE
CDR4997,P490,P164,2026-08-04 06:26:00,898,SMS,TOWER-040,FALSE
CDR4998,P249,P161,2026-04-14 07:06:00,583,SMS,TOWER-011,FALSE
CDR4999,P310,P453,2026-05-19 22:16:00,729,SMS,TOWER-056,FALSE
CDR5000,P275,P103,2026-03-09 21:17:00,376,SMS,TOWER-091,FALSE
